Workbook

Sheet Master Sheet
A1: # of ambassadors
A2: =counta(B38:B1001) -> 14
B3: Mainfare Total Data | E3: Butterfield Total Data | H3: Total Data | K3: custom period times
A4: The total lbs collected (since hrs data been collected) | B4: Total lbs | C4: =sum('Bulk Data'!O4:O1001) -> 17917 | E4: Total lbs | F4: =sum('Bulk Data'!P4:P1001) -> 16092 | H4: Total lbs | I4: =sum('Bulk Data'!U4:U1001) -> 34009 | K4: Period | L4: start | M4: end
A5: The average of the total lbs collected each day (since hrs data been collected) | B5: avg lb p/wrkday | C5: =C6*(C9*24) -> 267.41791 | E5: avg lb p/wrkday | F5: =F6*(F9*24) -> 255.42857 | H5: avg lb p/wrkday | I5: =I6*(I9*24) -> 507.59701 | K5: Breakfast | L5: 0.25 | M5: 0.45833333
A6: The total lbs collected over the total hours worked | B6: Total lbs/hr | C6: =C4/C8 -> 60.990582 | E6: Total lbs/hr | F6: =F4/F8 -> 42.434844 | H6: Total lbs/hr | I6: =I4/I8 -> 50.534684 | K6: Lunch | L6: 0.45833333 | M6: 0.66666667
A7: The average of the hourly rate of each ambassador | B7: avg ambassador lb p/hr | C7: =averageif('Bulk Data'!M:M,"MF",'Bulk Data'!I:I) -> 58.966613 | E7: avg ambassador lb p/hr | F7: =averageif('Bulk Data'!M:M,"BF",'Bulk Data'!I:I) -> 42.696513 | H7: avg ambassador lb p/hr | I7: =AVERAGE('Bulk Data'!X:X) -> 51.297536 | K7: Dinner | L7: 0.66666667 | M7: 0.91666667
A8: The total hours worked | B8: Total hours | C8: =sum('Bulk Data'!Q:Q)*24 -> 293.76667 | E8: Total hours | F8: =sum('Bulk Data'!R:R)*24 -> 379.21667 | H8: Total hours | I8: =sum('Bulk Data'!V:V)*24 -> 672.98333
A9: The average of all of the hours worked each day | B9: avg hrs/day | C9: =average('Bulk Data'!Q:Q) -> 0.18269071 | E9: avg hrs/day | F9: =average('Bulk Data'!R:R) -> 0.25080467 | H9: avg hrs/day | I9: =AVERAGE('Bulk Data'!V:V) -> 0.41852197
A10: The number of lbs of CO2 not emitted due to diversion | B10: Impact [lbs of Co2e] | C10: =IFERROR(__xludf.DUMMYFUNCTION("(C4*IMPORTRANGE(""https://docs.google.com/spreadsheets/d/1yb3w4clrvBHRll4AUNyFaSjmuILrbD-EHJuFlOIIIuI/edit?gid=0#gid=0"",""'Impact Calculations'!G5""))*2000"),11386.791009999997) -> 11386.791 | E10: Impact [lbs of Co2e] | F10: =IFERROR(__xludf.DUMMYFUNCTION("(F4*IMPORTRANGE(""https://docs.google.com/spreadsheets/d/1yb3w4clrvBHRll4AUNyFaSjmuILrbD-EHJuFlOIIIuI/edit?gid=0#gid=0"",""'Impact Calculations'!G5""))*2000"),10226.94876) -> 10226.949 | H10: Impact [lbs of Co2e] | I10: =IFERROR(__xludf.DUMMYFUNCTION("(I4*IMPORTRANGE(""https://docs.google.com/spreadsheets/d/1yb3w4clrvBHRll4AUNyFaSjmuILrbD-EHJuFlOIIIuI/edit?gid=0#gid=0"",""'Impact Calculations'!G5""))*2000"),21613.73977) -> 21613.74
B13: Mainfare Weekday Data | E13: Butterfield Weekday Data | H13: Total Weekday Data | K13: Email Recipients [does not effect automations]
B14: avg MF wkdy | C14: Avg lb's/WD | D14: weekdays | E14: avg BF wkdy | F14: Avg lb's/WD | H14: avg wkdy | I14: Avg lb's/WD | K14: FALSE | L14: Matt | M14: matt8011@uri.edu
B15: Mon | C15: =AVERAGEif('Bulk Data'!L:L,"Monday",'Bulk Data'!O:O) -> 312.25 | D15: Monday | E15: Mon | F15: =AVERAGEif('Bulk Data'!L:L,"Monday",'Bulk Data'!P:P) -> 205.75 | H15: Mon | I15: =C15+F15 -> 518 | K15: FALSE | L15: Dylan | M15: dylan_murdock@uri.edu
B16: Tues | C16: =AVERAGEif('Bulk Data'!L:L,"Tuesday",'Bulk Data'!O:O) -> 316.71429 | D16: Tuesday | E16: Tues | F16: =AVERAGEif('Bulk Data'!L:L,"Tuesday",'Bulk Data'!P:P) -> 281.15385 | H16: Tues | I16: =C16+F16 -> 597.86813 | K16: FALSE | L16: Westin | M16: westin_palumbo@uri.edu
B17: Wed | C17: =AVERAGEif('Bulk Data'!L:L,"Wednesday",'Bulk Data'!O:O) -> 231.76923 | D17: Wednesday | E17: Wed | F17: =AVERAGEif('Bulk Data'!L:L,"Wednesday",'Bulk Data'!P:P) -> 299.16667 | H17: Wed | I17: =C17+F17 -> 530.9359 | K17: FALSE | L17: Cailey | M17: cailey.mingolla@uri.edu
B18: Thur | C18: =AVERAGEif('Bulk Data'!L:L,"Thursday",'Bulk Data'!O:O) -> 178 | D18: Thursday | E18: Thur | F18: =AVERAGEif('Bulk Data'!L:L,"Thursday",'Bulk Data'!P:P) -> 373.76923 | H18: Thur | I18: =C18+F18 -> 551.76923 | K18: TRUE | L18: aryan | M18: aryan.gautam@uri.edu
B19: Fri | C19: =AVERAGEif('Bulk Data'!L:L,"Friday",'Bulk Data'!O:O) -> 302.21429 | D19: Friday | E19: Fri | F19: =AVERAGEif('Bulk Data'!L:L,"Friday",'Bulk Data'!P:P) -> 116.84615 | H19: Fri | I19: =C19+F19 -> 419.06044 | K19: FALSE
B20: avg MF wkdy | C20: Avg lb's/hr/WD | D20: Saturday | E20: avg BF wkdy | F20: Avg lb's/hr/WD | H20: avg wkdy | I20: Avg lb's/hr/WD
B21: Mon | C21: =AVERAGEif('Bulk Data'!L:L,"Monday",'Bulk Data'!S:S) -> 61.124314 | E21: Mon | F21: =AVERAGEif('Bulk Data'!L:L,"Monday",'Bulk Data'!T:T) -> 40.780211 | H21: Mon | I21: =AVERAGEif('Bulk Data'!L:L,"Monday",'Bulk Data'!W:W) -> 48.940939
B22: Tues | C22: =AVERAGEif('Bulk Data'!L:L,"Tuesday",'Bulk Data'!S:S) -> 73.632304 | E22: Tues | F22: =AVERAGEif('Bulk Data'!L:L,"Tuesday",'Bulk Data'!T:T) -> 51.971437 | H22: Tues | I22: =AVERAGEif('Bulk Data'!L:L,"Tuesday",'Bulk Data'!W:W) -> 60.591204
B23: Wed | C23: =AVERAGEif('Bulk Data'!L:L,"Wednesday",'Bulk Data'!S:S) -> 46.195151 | E23: Wed | F23: =AVERAGEif('Bulk Data'!L:L,"Wednesday",'Bulk Data'!T:T) -> 43.897061 | H23: Wed | I23: =AVERAGEif('Bulk Data'!L:L,"Wednesday",'Bulk Data'!W:W) -> 37.623026
B24: Thur | C24: =AVERAGEif('Bulk Data'!L:L,"Thursday",'Bulk Data'!S:S) -> 56.62022 | E24: Thur | F24: =AVERAGEif('Bulk Data'!L:L,"Thursday",'Bulk Data'!T:T) -> 41.003144 | H24: Thur | I24: =AVERAGEif('Bulk Data'!L:L,"Thursday",'Bulk Data'!W:W) -> 47.037207
B25: Fri | C25: =AVERAGEif('Bulk Data'!L:L,"Friday",'Bulk Data'!S:S) -> 61.19406 | E25: Fri | F25: =AVERAGEif('Bulk Data'!L:L,"Friday",'Bulk Data'!T:T) -> 34.519823 | H25: Fri | I25: =AVERAGEif('Bulk Data'!L:L,"Friday",'Bulk Data'!W:W) -> 48.323278
B26: avg MF wkdy | C26: Avg hr/WD | E26: avg BF wkdy | F26: Avg hr/WD | H26: avg wkdy | I26: Avg hr/WD
B27: Mon | C27: =AVERAGEif('Bulk Data'!L:L,"Monday",'Bulk Data'!Q:Q) -> 0.22019676 | E27: Mon | F27: =AVERAGEif('Bulk Data'!L:L,"Monday",'Bulk Data'!R:R) -> 0.22673611 | H27: Mon | I27: =AVERAGEif('Bulk Data'!L:L,"Monday",'Bulk Data'!V:V) -> 0.44693287
B28: Tues | C28: =AVERAGEif('Bulk Data'!L:L,"Tuesday",'Bulk Data'!Q:Q) -> 0.18928571 | E28: Tues | F28: =AVERAGEif('Bulk Data'!L:L,"Tuesday",'Bulk Data'!R:R) -> 0.23974359 | H28: Tues | I28: =AVERAGEif('Bulk Data'!L:L,"Tuesday",'Bulk Data'!V:V) -> 0.41190476
B29: Wed | C29: =AVERAGEif('Bulk Data'!L:L,"Wednesday",'Bulk Data'!Q:Q) -> 0.16207265 | E29: Wed | F29: =AVERAGEif('Bulk Data'!L:L,"Wednesday",'Bulk Data'!R:R) -> 0.28674769 | H29: Wed | I29: =AVERAGEif('Bulk Data'!L:L,"Wednesday",'Bulk Data'!V:V) -> 0.42676282
B30: Thur | C30: =AVERAGEif('Bulk Data'!L:L,"Thursday",'Bulk Data'!Q:Q) -> 0.13229167 | E30: Thur | F30: =AVERAGEif('Bulk Data'!L:L,"Thursday",'Bulk Data'!R:R) -> 0.35475427 | H30: Thur | I30: =AVERAGEif('Bulk Data'!L:L,"Thursday",'Bulk Data'!V:V) -> 0.46170635
B31: Fri | C31: =AVERAGEif('Bulk Data'!L:L,"Friday",'Bulk Data'!Q:Q) -> 0.21349206 | E31: Fri | F31: =AVERAGEif('Bulk Data'!L:L,"Friday",'Bulk Data'!R:R) -> 0.14695513 | H31: Fri | I31: =AVERAGEif('Bulk Data'!L:L,"Friday",'Bulk Data'!V:V) -> 0.3499504
B32: Sat | C32: 1.1574074e-06 | E32: Sat | F32: 1.1574074e-06 | H32: Sat | I32: 1.1574074e-06 | O32: Ambassador List: | R32: Ambassadors missing
O33: Alexis Sylvestre | P33: asylvestre914@uri.edu | R33: =IFERROR(__xludf.DUMMYFUNCTION("COUNTUNIQUE('Bulk Data'!B4:B1001)-COUNTA(O33:O55)"),0.0) -> 0
O34: Arjya Aich | P34: arjyaaich@uri.edu
B35: [all time] shifts worked: | D35: =COUNTIF('Bulk Data'!C:C,False) -> 273 | E35: =average('Bulk Data'!N4:N1001) -> 1.2558438 | J35: [all time] shifts missed | L35: =sum(F38:F51)-D35 -> 102 | O35: Brynn Hornig | P35: brynn.hornig@uri.edu
B36: Ambassador Data | O36: Denise Romanszysn | P36: denise.romanszysn@uri.edu
B37: Ambassador | C37: total lbs | D37: score | E37: avg period | F37: expected shifts as of 4/29/2026 | G37: shifts worked | H37: Worked Shifts | I37: skipped shifts | J37: total hrs | K37: lb/hr | L37: lb/shift | O37: Emmett Khan | P37: emmettkhan@uri.edu
A38: FALSE | B38: Alexis Sylvestre | C38: {=SUMIF('Bulk Data'!B:B,INDIRECT("RC[-1]", FALSE),'Bulk Data'!H:H)} -> 193 | D38: {=AverageIF('Bulk Data'!B:B,INDIRECT("RC[-2]", FALSE),'Bulk Data'!N:N)} -> 0.81681823 | E38: =IFERROR(__xludf.DUMMYFUNCTION("LET( name, INDIRECT(""RC[-3]"", FALSE), periods, FILTER('Bulk Data'!J:J,'Bulk Data'!B:B = name, 'Bulk Data'!J:J <> """"), uniquePeriods, UNIQUE(periods), counts, COUNTIF(periods, uniquePeriods), INDEX(uniquePeriods, MATCH(MAX(counts), counts, 0)"&") )"),"Dinner") -> Dinner | F38: 24 | G38: {=COUNTIFS('Bulk Data'!B$4:B1001,INDIRECT("RC[-5]", FALSE),'Bulk Data'!C$4:C1001,False)} -> 3 | H38: =G38/F38 -> 0.125 | I38: =(F38-G38) -> 21 | J38: =sumif('Bulk Data'!B:B,B38,'Bulk Data'!E:E) -> 0.20138889 | K38: =C38/(J38*24) -> 39.931034 | L38: =C38/G38 -> 64.333333 | O38: Evan Morgan | P38: evan.morgan@uri.edu
A39: TRUE | B39: Arjya Aich | C39: {=SUMIF('Bulk Data'!B:B,INDIRECT("RC[-1]", FALSE),'Bulk Data'!H:H)} -> 837 | D39: {=AverageIF('Bulk Data'!B:B,INDIRECT("RC[-2]", FALSE),'Bulk Data'!N:N)} -> 0.72121733 | E39: =IFERROR(__xludf.DUMMYFUNCTION("LET( name, INDIRECT(""RC[-3]"", FALSE), periods, FILTER('Bulk Data'!J:J,'Bulk Data'!B:B = name, 'Bulk Data'!J:J <> """"), uniquePeriods, UNIQUE(periods), counts, COUNTIF(periods, uniquePeriods), INDEX(uniquePeriods, MATCH(MAX(counts), counts, 0)"&") )"),"Dinner") -> Dinner | F39: 43 | G39: {=COUNTIFS('Bulk Data'!B$4:B1001,INDIRECT("RC[-5]", FALSE),'Bulk Data'!C$4:C1001,False)} -> 11 | H39: =G39/F39 -> 0.25581395 | I39: =(F39-G39) -> 32 | J39: =sumif('Bulk Data'!B:B,B39,'Bulk Data'!E:E) -> 1.28125 | K39: =C39/(J39*24) -> 27.219512 | L39: =C39/G39 -> 76.090909 | O39: Kaylie Forgue | P39: kaylie.forgue@uri.edu
A40: FALSE | B40: Brynn Hornig | C40: {=SUMIF('Bulk Data'!B:B,INDIRECT("RC[-1]", FALSE),'Bulk Data'!H:H)} -> 3497 | D40: {=AverageIF('Bulk Data'!B:B,INDIRECT("RC[-2]", FALSE),'Bulk Data'!N:N)} -> 1.1325295 | E40: =IFERROR(__xludf.DUMMYFUNCTION("LET( name, INDIRECT(""RC[-3]"", FALSE), periods, FILTER('Bulk Data'!J:J,'Bulk Data'!B:B = name, 'Bulk Data'!J:J <> """"), uniquePeriods, UNIQUE(periods), counts, COUNTIF(periods, uniquePeriods), INDEX(uniquePeriods, MATCH(MAX(counts), counts, 0)"&") )"),"Lunch") -> Lunch | F40: 33 | G40: {=COUNTIFS('Bulk Data'!B$4:B1001,INDIRECT("RC[-5]", FALSE),'Bulk Data'!C$4:C1001,False)} -> 34 | H40: =G40/F40 -> 1.030303 | I40: =(F40-G40) -> -1 | J40: =sumif('Bulk Data'!B:B,B40,'Bulk Data'!E:E) -> 3.7652778 | K40: =C40/(J40*24) -> 38.697897 | L40: =C40/G40 -> 102.85294 | O40: Kyra Turner | P40: kyra.turner@uri.edu
A41: FALSE | B41: Denise Romanszysn | C41: {=SUMIF('Bulk Data'!B:B,INDIRECT("RC[-1]", FALSE),'Bulk Data'!H:H)} -> 1347 | D41: {=AverageIF('Bulk Data'!B:B,INDIRECT("RC[-2]", FALSE),'Bulk Data'!N:N)} -> 1.5802533 | E41: =IFERROR(__xludf.DUMMYFUNCTION("LET( name, INDIRECT(""RC[-3]"", FALSE), periods, FILTER('Bulk Data'!J:J,'Bulk Data'!B:B = name, 'Bulk Data'!J:J <> """"), uniquePeriods, UNIQUE(periods), counts, COUNTIF(periods, uniquePeriods), INDEX(uniquePeriods, MATCH(MAX(counts), counts, 0)"&") )"),"Breakfast") -> Breakfast | F41: 31 | G41: {=COUNTIFS('Bulk Data'!B$4:B1001,INDIRECT("RC[-5]", FALSE),'Bulk Data'!C$4:C1001,False)} -> 12 | H41: =G41/F41 -> 0.38709677 | I41: =(F41-G41) -> 19 | J41: =sumif('Bulk Data'!B:B,B41,'Bulk Data'!E:E) -> 0.98472222 | K41: =C41/(J41*24) -> 56.995769 | L41: =C41/G41 -> 112.25 | O41: Laila Maisuria | P41: laila.maisuria@uri.edu
A42: FALSE | B42: Emmett Khan | C42: {=SUMIF('Bulk Data'!B:B,INDIRECT("RC[-1]", FALSE),'Bulk Data'!H:H)} -> 2083 | D42: {=AverageIF('Bulk Data'!B:B,INDIRECT("RC[-2]", FALSE),'Bulk Data'!N:N)} -> 1.2475438 | E42: =IFERROR(__xludf.DUMMYFUNCTION("LET( name, INDIRECT(""RC[-3]"", FALSE), periods, FILTER('Bulk Data'!J:J,'Bulk Data'!B:B = name, 'Bulk Data'!J:J <> """"), uniquePeriods, UNIQUE(periods), counts, COUNTIF(periods, uniquePeriods), INDEX(uniquePeriods, MATCH(MAX(counts), counts, 0)"&") )"),"Dinner") -> Dinner | F42: 22 | G42: {=COUNTIFS('Bulk Data'!B$4:B1001,INDIRECT("RC[-5]", FALSE),'Bulk Data'!C$4:C1001,False)} -> 22 | H42: =G42/F42 -> 1 | I42: =(F42-G42) -> 0 | J42: =sumif('Bulk Data'!B:B,B42,'Bulk Data'!E:E) -> 1.36875 | K42: =C42/(J42*24) -> 63.409437 | L42: =C42/G42 -> 94.681818 | O42: Leah Bucci | P42: leah.bucci@uri.edu
A43: FALSE | B43: Evan Morgan | C43: {=SUMIF('Bulk Data'!B:B,INDIRECT("RC[-1]", FALSE),'Bulk Data'!H:H)} -> 1475 | D43: {=AverageIF('Bulk Data'!B:B,INDIRECT("RC[-2]", FALSE),'Bulk Data'!N:N)} -> 0.71874 | E43: =IFERROR(__xludf.DUMMYFUNCTION("LET( name, INDIRECT(""RC[-3]"", FALSE), periods, FILTER('Bulk Data'!J:J,'Bulk Data'!B:B = name, 'Bulk Data'!J:J <> """"), uniquePeriods, UNIQUE(periods), counts, COUNTIF(periods, uniquePeriods), INDEX(uniquePeriods, MATCH(MAX(counts), counts, 0)"&") )"),"Lunch") -> Lunch | F43: 32 | G43: {=COUNTIFS('Bulk Data'!B$4:B1001,INDIRECT("RC[-5]", FALSE),'Bulk Data'!C$4:C1001,False)} -> 25 | H43: =G43/F43 -> 0.78125 | I43: =(F43-G43) -> 7 | J43: =sumif('Bulk Data'!B:B,B43,'Bulk Data'!E:E) -> 1.2763889 | K43: =C43/(J43*24) -> 48.150163 | L43: =C43/G43 -> 59 | O43: Maureen Surgot | P43: maureen.surgot@uri.edu
A44: FALSE | B44: Kaylie Forgue | C44: {=SUMIF('Bulk Data'!B:B,INDIRECT("RC[-1]", FALSE),'Bulk Data'!H:H)} -> 2702 | D44: {=AverageIF('Bulk Data'!B:B,INDIRECT("RC[-2]", FALSE),'Bulk Data'!N:N)} -> 1.7982508 | E44: =IFERROR(__xludf.DUMMYFUNCTION("LET( name, INDIRECT(""RC[-3]"", FALSE), periods, FILTER('Bulk Data'!J:J,'Bulk Data'!B:B = name, 'Bulk Data'!J:J <> """"), uniquePeriods, UNIQUE(periods), counts, COUNTIF(periods, uniquePeriods), INDEX(uniquePeriods, MATCH(MAX(counts), counts, 0)"&") )"),"Breakfast") -> Breakfast | F44: 30 | G44: {=COUNTIFS('Bulk Data'!B$4:B1001,INDIRECT("RC[-5]", FALSE),'Bulk Data'!C$4:C1001,False)} -> 29 | H44: =G44/F44 -> 0.96666667 | I44: =(F44-G44) -> 1 | J44: =sumif('Bulk Data'!B:B,B44,'Bulk Data'!E:E) -> 2.1763889 | K44: =C44/(J44*24) -> 51.729419 | L44: =C44/G44 -> 93.172414 | O44: Oluwatimilehin Shodipe | P44: oluwatimilehin.shodi@uri.edu
A45: FALSE | B45: Kyra Turner | C45: {=SUMIF('Bulk Data'!B:B,INDIRECT("RC[-1]", FALSE),'Bulk Data'!H:H)} -> 4226 | D45: {=AverageIF('Bulk Data'!B:B,INDIRECT("RC[-2]", FALSE),'Bulk Data'!N:N)} -> 1.8056518 | E45: =IFERROR(__xludf.DUMMYFUNCTION("LET( name, INDIRECT(""RC[-3]"", FALSE), periods, FILTER('Bulk Data'!J:J,'Bulk Data'!B:B = name, 'Bulk Data'!J:J <> """"), uniquePeriods, UNIQUE(periods), counts, COUNTIF(periods, uniquePeriods), INDEX(uniquePeriods, MATCH(MAX(counts), counts, 0)"&") )"),"Lunch") -> Lunch | F45: 23 | G45: {=COUNTIFS('Bulk Data'!B$4:B1001,INDIRECT("RC[-5]", FALSE),'Bulk Data'!C$4:C1001,False)} -> 23 | H45: =G45/F45 -> 1 | I45: =(F45-G45) -> 0 | J45: =sumif('Bulk Data'!B:B,B45,'Bulk Data'!E:E) -> 2.5833333 | K45: =C45/(J45*24) -> 68.16129 | L45: =C45/G45 -> 183.73913 | O45: Orpheus Wilson | P45: orpheus.wilson@uri.edu
A46: FALSE | B46: Laila Maisuria | C46: {=SUMIF('Bulk Data'!B:B,INDIRECT("RC[-1]", FALSE),'Bulk Data'!H:H)} -> 769 | D46: {=AverageIF('Bulk Data'!B:B,INDIRECT("RC[-2]", FALSE),'Bulk Data'!N:N)} -> 0.9563401 | E46: =IFERROR(__xludf.DUMMYFUNCTION("LET( name, INDIRECT(""RC[-3]"", FALSE), periods, FILTER('Bulk Data'!J:J,'Bulk Data'!B:B = name, 'Bulk Data'!J:J <> """"), uniquePeriods, UNIQUE(periods), counts, COUNTIF(periods, uniquePeriods), INDEX(uniquePeriods, MATCH(MAX(counts), counts, 0)"&") )"),"Dinner") -> Dinner | F46: 13 | G46: {=COUNTIFS('Bulk Data'!B$4:B1001,INDIRECT("RC[-5]", FALSE),'Bulk Data'!C$4:C1001,False)} -> 6 | H46: =G46/F46 -> 0.46153846 | I46: =(F46-G46) -> 7 | J46: =sumif('Bulk Data'!B:B,B46,'Bulk Data'!E:E) -> 0.70069444 | K46: =C46/(J46*24) -> 45.728444 | L46: =C46/G46 -> 128.16667 | O46: Sophia Kluck | P46: sophia.kluck@uri.edu
A47: FALSE | B47: Leah Bucci | C47: {=SUMIF('Bulk Data'!B:B,INDIRECT("RC[-1]", FALSE),'Bulk Data'!H:H)} -> 4062 | D47: {=AverageIF('Bulk Data'!B:B,INDIRECT("RC[-2]", FALSE),'Bulk Data'!N:N)} -> 1.1599329 | E47: =IFERROR(__xludf.DUMMYFUNCTION("LET( name, INDIRECT(""RC[-3]"", FALSE), periods, FILTER('Bulk Data'!J:J,'Bulk Data'!B:B = name, 'Bulk Data'!J:J <> """"), uniquePeriods, UNIQUE(periods), counts, COUNTIF(periods, uniquePeriods), INDEX(uniquePeriods, MATCH(MAX(counts), counts, 0)"&") )"),"Dinner") -> Dinner | F47: 29 | G47: {=COUNTIFS('Bulk Data'!B$4:B1001,INDIRECT("RC[-5]", FALSE),'Bulk Data'!C$4:C1001,False)} -> 26 | H47: =G47/F47 -> 0.89655172 | I47: =(F47-G47) -> 3 | J47: =sumif('Bulk Data'!B:B,B47,'Bulk Data'!E:E) -> 3.1361111 | K47: =C47/(J47*24) -> 53.968113 | L47: =C47/G47 -> 156.23077
A48: FALSE | B48: Maureen Surgot | C48: {=SUMIF('Bulk Data'!B:B,INDIRECT("RC[-1]", FALSE),'Bulk Data'!H:H)} -> 3159 | D48: {=AverageIF('Bulk Data'!B:B,INDIRECT("RC[-2]", FALSE),'Bulk Data'!N:N)} -> 1.0405188 | E48: =IFERROR(__xludf.DUMMYFUNCTION("LET( name, INDIRECT(""RC[-3]"", FALSE), periods, FILTER('Bulk Data'!J:J,'Bulk Data'!B:B = name, 'Bulk Data'!J:J <> """"), uniquePeriods, UNIQUE(periods), counts, COUNTIF(periods, uniquePeriods), INDEX(uniquePeriods, MATCH(MAX(counts), counts, 0)"&") )"),"Dinner") -> Dinner | F48: 21 | G48: {=COUNTIFS('Bulk Data'!B$4:B1001,INDIRECT("RC[-5]", FALSE),'Bulk Data'!C$4:C1001,False)} -> 19 | H48: =G48/F48 -> 0.9047619 | I48: =(F48-G48) -> 2 | J48: =sumif('Bulk Data'!B:B,B48,'Bulk Data'!E:E) -> 2.7986111 | K48: =C48/(J48*24) -> 47.032258 | L48: =C48/G48 -> 166.26316
A49: FALSE | B49: Oluwatimilehin Shodipe | C49: {=SUMIF('Bulk Data'!B:B,INDIRECT("RC[-1]", FALSE),'Bulk Data'!H:H)} -> 2591 | D49: {=AverageIF('Bulk Data'!B:B,INDIRECT("RC[-2]", FALSE),'Bulk Data'!N:N)} -> 1.100327 | E49: =IFERROR(__xludf.DUMMYFUNCTION("LET( name, INDIRECT(""RC[-3]"", FALSE), periods, FILTER('Bulk Data'!J:J,'Bulk Data'!B:B = name, 'Bulk Data'!J:J <> """"), uniquePeriods, UNIQUE(periods), counts, COUNTIF(periods, uniquePeriods), INDEX(uniquePeriods, MATCH(MAX(counts), counts, 0)"&") )"),"Lunch") -> Lunch | F49: 32 | G49: {=COUNTIFS('Bulk Data'!B$4:B1001,INDIRECT("RC[-5]", FALSE),'Bulk Data'!C$4:C1001,False)} -> 26 | H49: =G49/F49 -> 0.8125 | I49: =(F49-G49) -> 6 | J49: =sumif('Bulk Data'!B:B,B49,'Bulk Data'!E:E) -> 2.225 | K49: =C49/(J49*24) -> 48.520599 | L49: =C49/G49 -> 99.653846
A50: FALSE | B50: Orpheus Wilson | C50: {=SUMIF('Bulk Data'!B:B,INDIRECT("RC[-1]", FALSE),'Bulk Data'!H:H)} -> 2477 | D50: {=AverageIF('Bulk Data'!B:B,INDIRECT("RC[-2]", FALSE),'Bulk Data'!N:N)} -> 1.6583022 | E50: =IFERROR(__xludf.DUMMYFUNCTION("LET( name, INDIRECT(""RC[-3]"", FALSE), periods, FILTER('Bulk Data'!J:J,'Bulk Data'!B:B = name, 'Bulk Data'!J:J <> """"), uniquePeriods, UNIQUE(periods), counts, COUNTIF(periods, uniquePeriods), INDEX(uniquePeriods, MATCH(MAX(counts), counts, 0)"&") )"),"Dinner") -> Dinner | F50: 20 | G50: {=COUNTIFS('Bulk Data'!B$4:B1001,INDIRECT("RC[-5]", FALSE),'Bulk Data'!C$4:C1001,False)} -> 19 | H50: =G50/F50 -> 0.95 | I50: =(F50-G50) -> 1 | J50: =sumif('Bulk Data'!B:B,B50,'Bulk Data'!E:E) -> 1.3638889 | K50: =C50/(J50*24) -> 75.672098 | L50: =C50/G50 -> 130.36842
A51: FALSE | B51: Sophia Kluck | C51: {=SUMIF('Bulk Data'!B:B,INDIRECT("RC[-1]", FALSE),'Bulk Data'!H:H)} -> 1261 | D51: {=AverageIF('Bulk Data'!B:B,INDIRECT("RC[-2]", FALSE),'Bulk Data'!N:N)} -> 1.1094416 | E51: =IFERROR(__xludf.DUMMYFUNCTION("LET( name, INDIRECT(""RC[-3]"", FALSE), periods, FILTER('Bulk Data'!J:J,'Bulk Data'!B:B = name, 'Bulk Data'!J:J <> """"), uniquePeriods, UNIQUE(periods), counts, COUNTIF(periods, uniquePeriods), INDEX(uniquePeriods, MATCH(MAX(counts), counts, 0)"&") )"),"Breakfast") -> Breakfast | F51: 22 | G51: {=COUNTIFS('Bulk Data'!B$4:B1001,INDIRECT("RC[-5]", FALSE),'Bulk Data'!C$4:C1001,False)} -> 17 | H51: =G51/F51 -> 0.77272727 | I51: =(F51-G51) -> 5 | J51: =sumif('Bulk Data'!B:B,B51,'Bulk Data'!E:E) -> 1.4951389 | K51: =C51/(J51*24) -> 35.141663 | L51: =C51/G51 -> 74.176471
J52: =sumif('Bulk Data'!B:B,not(B51),'Bulk Data'!E:E) -> 0

Sheet Bulk Data
A1: auto | B1: auto | C1: <= | D1: auto | E1: auto | F1: auto | G1: array<= | H1: auto | I1: array<= | J1: array<= | K1: auto | L1: <= | M1: auto | N1: array<= | O1: array<= | P1: array<= | Q1: array<= | R1: array<= | S1: array<= | T1: array<= | U1: array<= | V1: array<= | W1: <= | X1: array<= | Y1: array<= | Z1: auto | AA1: auto | AB1: <=
A2: Timestamp | B2: Name | C2: Double Name | D2: Start hour | E2: hours worked | F2: End hour | G2: hours pp | H2: Derived Weight | I2: lb/hr per shift | J2: Period | K2: Date | L2: Weekday | M2: Dining Hall | N2: Effeciency Score | O2: MF lbs td | P2: BF lbs td | Q2: MF hrs td | R2: BF hrs td | S2: MF lbs/hr td | T2: BF lbs/hr td | U2: lbs td | V2: hours td | W2: lbs/hr td | X2: Avg Ambassador lbs/hr | Y2: Effeciency score td | Z2: MF Diners td | AA2: BF Diners td | AB2: Diners Today
A3: 46041 | B3: N/A | C3: FALSE | H3: 0 | K3: 46041 | L3: =IFS( K3="","", WEEKDAY(K3)=1, "Sunday", WEEKDAY(K3)=2, "Monday", WEEKDAY(K3)=3, "Tuesday", WEEKDAY(K3)=4, "Wednesday", WEEKDAY(K3)=5, "Thursday", WEEKDAY(K3)=6, "Friday", WEEKDAY(K3)=7, "Saturday" ) -> Monday
A4: =IFERROR(__xludf.DUMMYFUNCTION("IMPORTRANGE(""https://docs.google.com/spreadsheets/d/1jmXuuYb2rWIX1PbFVp-yzH3IqJm3OKXaoMXcca97_l4/edit?gid=1259547262#gid=1259547262"",""S2026 Bin Weight!A2:A500"")"),46043.62020392361) -> 46043.62 | B4: =IFERROR(__xludf.DUMMYFUNCTION("IMPORTRANGE(""https://docs.google.com/spreadsheets/d/1jmXuuYb2rWIX1PbFVp-yzH3IqJm3OKXaoMXcca97_l4/edit?gid=1259547262#gid=1259547262"",""S2026 Bin Weight!B2:B500"")"),"Brynn Hornig") -> Brynn Hornig | C4: =false -> FALSE | D4: =IFERROR(__xludf.DUMMYFUNCTION("IMPORTRANGE(""https://docs.google.com/spreadsheets/d/1jmXuuYb2rWIX1PbFVp-yzH3IqJm3OKXaoMXcca97_l4/edit?gid=1259547262#gid=1259547262"",""S2026 Bin Weight!E2:E500"")"),0.5208333333357587) -> 0.52083333 | E4: =IFERROR(__xludf.DUMMYFUNCTION("arrayformula(IMPORTRANGE(""https://docs.google.com/spreadsheets/d/1jmXuuYb2rWIX1PbFVp-yzH3IqJm3OKXaoMXcca97_l4/edit?gid=1259547262#gid=1259547262"",""S2026 Bin Weight!F2:F500"") - IMPORTRANGE(""https://docs.google.com/spreadsheets/d/1jmXuuYb2rWIX1PbFVp-yz"&"H3IqJm3OKXaoMXcca97_l4/edit?gid=1259547262#gid=1259547262"",""S2026 Bin Weight!E2:E500""))"),0.10416666666424135) -> 0.10416667 | F4: =IFERROR(__xludf.DUMMYFUNCTION("IMPORTRANGE(""https://docs.google.com/spreadsheets/d/1jmXuuYb2rWIX1PbFVp-yzH3IqJm3OKXaoMXcca97_l4/edit?gid=1259547262#gid=1259547262"",""S2026 Bin Weight!F2:F500"")"),0.625) -> 0.625 | G4: {=IF(C4:C1001="","", IF(C4:C1001=TRUE,"", SUMIF( SCAN(0,C4:C1001,LAMBDA(a,c,a+(c=FALSE))), SCAN(0,C4:C1001,LAMBDA(a,c,a+(c=FALSE))), E4:E1001 ) ) )} -> 0.10416667 | H4: =IFERROR(__xludf.DUMMYFUNCTION("arrayformula(IMPORTRANGE(""https://docs.google.com/spreadsheets/d/1jmXuuYb2rWIX1PbFVp-yzH3IqJm3OKXaoMXcca97_l4/edit?gid=1259547262#gid=1259547262"",""S2026 Bin Weight!H2:H500"") - IMPORTRANGE(""https://docs.google.com/spreadsheets/d/1jmXuuYb2rWIX1PbFVp-yz"&"H3IqJm3OKXaoMXcca97_l4/edit?gid=1259547262#gid=1259547262"",""S2026 Bin Weight!G2:G500""))"),129.0) -> 129 | I4: {=IF(C4:C1001="","", IF(C4:C1001=TRUE,"", IFERROR( SUMIF( SCAN(0,C4:C1001,LAMBDA(a,c,a+(c=FALSE))), SCAN(0,C4:C1001,LAMBDA(a,c,a+(c=FALSE))), H4:H1001 ) / (24 * G4:G1001), "" ) ) )} -> 51.6 | J4: {=IF(D4:D1001="","", IF( (D4:D1001 < 'Master Sheet'!M5) * (F4:F1001 > 'Master Sheet'!L6), "Breakfast/Lunch", IF( (D4:D1001 < ('Master Sheet'!M6-0.01)) * (F4:F1001 > 'Master Sheet'!L7), "Lunch/Dinner", IF( (D4:D1001 >= 'Master Sheet'!L5) * (F4:F1001 <= 'Master Sheet'!M5), "Breakfast", IF( (D4:D1001 >= 'Master Sheet'!L6) * (F4:F1001 <= 'Master Sheet'!M6), "Lunch", IF( (D4:D1001 >= ('Master Sheet'!L7-0.01)) * (F4:F1001 <= 'Master Sheet'!M7), "Dinner", "" ) ) ) ) ) )} -> Lunch | K4: =IFERROR(__xludf.DUMMYFUNCTION("IMPORTRANGE(""https://docs.google.com/spreadsheets/d/1jmXuuYb2rWIX1PbFVp-yzH3IqJm3OKXaoMXcca97_l4/edit?gid=1259547262#gid=1259547262"",""S2026 Bin Weight!C2:C500"")"),46043.0) -> 46043 | L4: =IFS( K4="","", WEEKDAY(K4)=1, "Sunday", WEEKDAY(K4)=2, "Monday", WEEKDAY(K4)=3, "Tuesday", WEEKDAY(K4)=4, "Wednesday", WEEKDAY(K4)=5, "Thursday", WEEKDAY(K4)=6, "Friday", WEEKDAY(K4)=7, "Saturday" ) -> Wednesday | M4: =IFERROR(__xludf.DUMMYFUNCTION("ARRAYFORMULA( iferror(IFs( IMPORTRANGE( ""https://docs.google.com/spreadsheets/d/1jmXuuYb2rWIX1PbFVp-yzH3IqJm3OKXaoMXcca97_l4"", ""S2026 Bin Weight!D2:D500"" ) = ""Mainfare"", ""MF"", IMPORTRANGE( ""https://docs.google."&"com/spreadsheets/d/1jmXuuYb2rWIX1PbFVp-yzH3IqJm3OKXaoMXcca97_l4"", ""S2026 Bin Weight!D2:D500"" ) = ""Butterfield"", ""BF"" ),"""") )"),"MF") -> MF | N4: {=IF(I4:I1001="","", IF(J4:J1001="", "", IF(J4:J1001="Breakfast", IF(M4:M1001="MF", I4:I1001 / INDEX('Std Deviations'!AG22:AG26, MATCH(L4:L1001, {"Monday","Tuesday","Wednesday","Thursday","Friday"},0)), IF(M4:M1001="BF", I4:I1001 / INDEX('Std Deviations'!AG32:AG36, MATCH(L4:L1001, {"Monday","Tuesday","Wednesday","Thursday","Friday"},0)), "")), IF(J4:J1001="Breakfast/Lunch", I4:I1001 / ( (INDEX('Std Deviations'!AG22:AG26, MATCH(L4:L1001, {"Monday","Tuesday","Wednesday","Thursday","Friday"},0)) * ( 'Master Sheet'!L6 - D4:D1001 ) / E4:E1001 ) + (INDEX('Std Deviations'!AG32:AG36, MATCH(L4:L1001, {"Monday","Tuesday","Wednesday","Thursday","Friday"},0)) * ( F4:F1001 - 'Master Sheet'!L6 ) / E4:E1001 ) ), IF(J4:J1001="Lunch", IF(M4:M1001="MF", I4:I1001 / INDEX('Std Deviations'!AC32:AC36, MATCH(L4:L1001, {"Monday","Tuesday","Wednesday","Thursday","Friday"},0)), IF(M4:M1001="BF", I4:I1001 / INDEX('Std Deviations'!AG32:AG36, MATCH(L4:L1001, {"Monday","Tuesday","Wednesday","Thursday","Friday"},0)), "")), IF(J4:J1001="Lunch/Dinner", I4:I1001 / ( (INDEX('Std Deviations'!AC32:AC36, MATCH(L4:L1001, {"Monday","Tuesday","Wednesday","Thursday","Friday"},0)) * ( 'Master Sheet'!L7 - D4:D1001 ) / E4:E1001 ) + (INDEX('Std Deviations'!AC42:AC46, MATCH(L4:L1001, {"Monday","Tuesday","Wednesday","Thursday","Friday"},0)) * ( F4:F1001 - 'Master Sheet'!L7 ) / E4:E1001 ) ), IF(J4:J1001="Dinner", IF(M4:M1001="MF", I4:I1001 / INDEX('Std Deviations'!AC42:AC46, MATCH(L4:L1001, {"Monday","Tuesday","Wednesday","Thursday","Friday"},0)), IF(M4:M1001="BF", I4:I1001 / INDEX('Std Deviations'!AG42:AG45, MATCH(L4:L1001, {"Monday","Tuesday","Wednesday","Thursday"},0)), "")), "")))))))} -> 1.0263041 | O4: =IFERROR(__xludf.DUMMYFUNCTION("BYROW('Bulk Data'!K4:K1001, LAMBDA(r, IF(r="""","""", LET( nextVal, IFERROR(INDEX('Bulk Data'!K4:K1001, ROW(r)-ROW('Bulk Data'!K4)+2), """"), IF(r <> nextVal, IFERROR( SUM(FILTER('Bulk Data'!H4:H1001, 'Bulk Data'!K4:K"&"1001 = r, 'Bulk Data'!M4:M1001 = ""MF"")), """" ), """" ) ) ) ))"),129.0) -> 129 | P4: =IFERROR(__xludf.DUMMYFUNCTION("BYROW('Bulk Data'!K4:K1001, LAMBDA(r, IF(r="""","""", LET( nextVal, IFERROR(INDEX('Bulk Data'!K4:K1001, ROW(r)-ROW('Bulk Data'!K4)+2), """"), IF(r <> nextVal, IFERROR( IF(SUM(FILTER('Bulk Data'!H4:H1001, 'Bulk Data'!K"&"4:K1001 = r, 'Bulk Data'!M4:M1001 = ""BF""))=0,"""", SUM(FILTER('Bulk Data'!H4:H1001, 'Bulk Data'!K4:K1001 = r, 'Bulk Data'!M4:M1001 = ""BF"")) ), """" ), """" ) ) ) )) "),"") | Q4: =IFERROR(__xludf.DUMMYFUNCTION("BYROW('Bulk Data'!K4:K1001, LAMBDA(r, IF(r="""","""", LET( nextVal, IFERROR(INDEX('Bulk Data'!K4:K1001, ROW(r)-ROW('Bulk Data'!K4)+2), """"), IF(r <> nextVal, IFERROR( IF(SUM(FILTER('Bulk Data'!E4:E1001, 'Bulk Data'!K"&"4:K1001=r, 'Bulk Data'!M4:M1001=""MF""))=0,"""", SUM(FILTER('Bulk Data'!E4:E1001, 'Bulk Data'!K4:K1001=r, 'Bulk Data'!M4:M1001=""MF"")) ), """" ), """" ) ) ) )) "),0.10416666666424135) -> 0.10416667 | R4: =IFERROR(__xludf.DUMMYFUNCTION("BYROW('Bulk Data'!K4:K1001, LAMBDA(r, IF(r="""","""", LET( nextVal, IFERROR(INDEX('Bulk Data'!K4:K1001, ROW(r)-ROW('Bulk Data'!K4)+2), """"), IF(r <> nextVal, IFERROR( IF(SUM(FILTER('Bulk Data'!E4:E1001, 'Bulk Data'!K"&"4:K1001=r, 'Bulk Data'!M4:M1001=""BF""))=0,"""", SUM(FILTER('Bulk Data'!E4:E1001, 'Bulk Data'!K4:K1001=r, 'Bulk Data'!M4:M1001=""BF"")) ), """" ), """" ) ) ) ))"),"") | S4: =IFERROR(__xludf.DUMMYFUNCTION("BYROW('Bulk Data'!K4:K1001, LAMBDA(r, IF(r="""","""", LET( nextVal, IFERROR(INDEX('Bulk Data'!K4:K1001, ROW(r)-ROW('Bulk Data'!K4)+2), """"), IF(r <> nextVal, IFERROR( IF(AVERAGE(FILTER('Bulk Data'!I4:I1001, 'Bulk Dat"&"a'!K4:K1001=r, 'Bulk Data'!M4:M1001=""MF""))=0,"""", AVERAGE(FILTER('Bulk Data'!I4:I1001, 'Bulk Data'!K4:K1001=r, 'Bulk Data'!M4:M1001=""MF"")) ), """" ), """" ) ) ) )) "),51.60000000120141) -> 51.6 | T4: =IFERROR(__xludf.DUMMYFUNCTION("BYROW('Bulk Data'!K4:K1001, LAMBDA(r, IF(r="""","""", LET( nextVal, IFERROR(INDEX('Bulk Data'!K4:K1001, ROW(r)-ROW('Bulk Data'!K4)+2), """"), IF(r <> nextVal, IFERROR( IF(AVERAGE(FILTER('Bulk Data'!I4:I1001, 'Bulk Dat"&"a'!K4:K1001=r, 'Bulk Data'!M4:M1001=""BF""))=0,"""", AVERAGE(FILTER('Bulk Data'!I4:I1001, 'Bulk Data'!K4:K1001=r, 'Bulk Data'!M4:M1001=""BF"")) ), """" ), """" ) ) ) )) "),"") | U4: =IFERROR(__xludf.DUMMYFUNCTION("BYROW('Bulk Data'!K4:K1001, LAMBDA(r, IF(r="""","""", LET( nextVal, IFERROR(INDEX('Bulk Data'!K4:K1001, ROW(r)-ROW('Bulk Data'!K4)+2), """"), IF(r <> nextVal, IFERROR( SUM(FILTER('Bulk Data'!H4:H1001, 'Bulk Data'!K4:K"&"1001 = r)), """" ), """" ) ) ) )) "),129.0) -> 129 | V4: =IFERROR(__xludf.DUMMYFUNCTION("BYROW('Bulk Data'!K4:K1001, LAMBDA(r, IF(r="""","""", LET( nextVal, IFERROR(INDEX('Bulk Data'!K4:K1001, ROW(r)-ROW('Bulk Data'!K4)+2), """"), IF(r <> nextVal, IFERROR( SUM(FILTER('Bulk Data'!E4:E1001, 'Bulk Data'!K4:K"&"1001 = r)), """" ), """" ) ) ) )) "),0.10416666666424135) -> 0.10416667 | W4: =iferror(if(U4/(V4*24)=0,"",U4/(V4*24)),"") -> 51.6 | X4: =IFERROR(__xludf.DUMMYFUNCTION("BYROW('Bulk Data'!K4:K1001, LAMBDA(r, IF(r="""","""", LET( nextVal, IFERROR(INDEX('Bulk Data'!K4:K1001, ROW(r)-ROW('Bulk Data'!K4)+2), """"), IF(r <> nextVal, IFERROR( AVERAGE(FILTER('Bulk Data'!I4:I1001, 'Bulk Data'!"&"K4:K1001 = r)), """" ), """" ) ) ) )) "),51.60000000120141) -> 51.6 | Y4: =IFERROR(__xludf.DUMMYFUNCTION("BYROW('Bulk Data'!K4:K1001, LAMBDA(r, IF(r="""","""", LET( nextVal, IFERROR(INDEX('Bulk Data'!K4:K1001, ROW(r)-ROW('Bulk Data'!K4)+2), """"), IF(r <> nextVal, LET( filteredVals, FILTER( IF("&" 'Bulk Data'!J4:J1001="""","""", IF('Bulk Data'!J4:J1001=""Breakfast"", 'Bulk Data'!I4:I1001/'Period Data'!A30, IF('Bulk Data'!J4:J1001=""Breakfast/Lunch"", 'Bulk D"&"ata'!I4:I1001/'Period Data'!G30, IF('Bulk Data'!J4:J1001=""Lunch"", 'Bulk Data'!I4:I1001/'Period Data'!M30, IF('Bulk Data'!J4:J1001=""Lunch/Dinner"", 'Bulk Data'!I4:I1001/'Period Da"&"ta'!S30, IF('Bulk Data'!J4:J1001=""Dinner"", 'Bulk Data'!I4:I1001/'Period Data'!Y30, """" ))))) ), 'Bulk Data'!K4:K1001 = r ), "&"IFERROR(AVERAGE(filteredVals),"""") ), """" ) ) ) )) "),1.0184732700553483) -> 1.0184733
A5: =IFERROR(__xludf.DUMMYFUNCTION("""COMPUTED_VALUE"""),46044.77925564814) -> 46044.779 | B5: =IFERROR(__xludf.DUMMYFUNCTION("""COMPUTED_VALUE"""),"Emmett Khan") -> Emmett Khan | C5: =IF( B5="", "", AND( B5=B4, K5=K4, M5=M4, ABS(D5 - F4) <= TIME(0,25,0) ) ) -> FALSE | D5: =IFERROR(__xludf.DUMMYFUNCTION("""COMPUTED_VALUE"""),0.7083333333357587) -> 0.70833333 | E5: =IFERROR(__xludf.DUMMYFUNCTION("""COMPUTED_VALUE"""),0.07291666666424135) -> 0.072916667 | F5: =IFERROR(__xludf.DUMMYFUNCTION("""COMPUTED_VALUE"""),0.78125) -> 0.78125 | G5: 0.072916667 | H5: =IFERROR(__xludf.DUMMYFUNCTION("""COMPUTED_VALUE"""),114.0) -> 114 | I5: 65.142857 | J5: Dinner | K5: =IFERROR(__xludf.DUMMYFUNCTION("""COMPUTED_VALUE"""),46044.0) -> 46044 | L5: =IFS( K5="","", WEEKDAY(K5)=1, "Sunday", WEEKDAY(K5)=2, "Monday", WEEKDAY(K5)=3, "Tuesday", WEEKDAY(K5)=4, "Wednesday", WEEKDAY(K5)=5, "Thursday", WEEKDAY(K5)=6, "Friday", WEEKDAY(K5)=7, "Saturday" ) -> Thursday | M5: =IFERROR(__xludf.DUMMYFUNCTION("""COMPUTED_VALUE"""),"BF") -> BF | N5: 1.4661308 | O5: =IFERROR(__xludf.DUMMYFUNCTION("""COMPUTED_VALUE"""),"") | P5: =IFERROR(__xludf.DUMMYFUNCTION("""COMPUTED_VALUE"""),"") | Q5: =IFERROR(__xludf.DUMMYFUNCTION("""COMPUTED_VALUE"""),"") | R5: =IFERROR(__xludf.DUMMYFUNCTION("""COMPUTED_VALUE"""),"") | S5: =IFERROR(__xludf.DUMMYFUNCTION("""COMPUTED_VALUE"""),"") | T5: =IFERROR(__xludf.DUMMYFUNCTION("""COMPUTED_VALUE"""),"") | U5: =IFERROR(__xludf.DUMMYFUNCTION("""COMPUTED_VALUE"""),"") | V5: =IFERROR(__xludf.DUMMYFUNCTION("""COMPUTED_VALUE"""),"") | W5: =iferror(if(U5/(V5*24)=0,"",U5/(V5*24)),"") | X5: =IFERROR(__xludf.DUMMYFUNCTION("""COMPUTED_VALUE"""),"") | Y5: =IFERROR(__xludf.DUMMYFUNCTION("""COMPUTED_VALUE"""),"")
A6: =IFERROR(__xludf.DUMMYFUNCTION("""COMPUTED_VALUE"""),46044.79840002315) -> 46044.798 | B6: =IFERROR(__xludf.DUMMYFUNCTION("""COMPUTED_VALUE"""),"Orpheus Wilson") -> Orpheus Wilson | C6: =IF( B6="", "", AND( B6=B5, K6=K5, M6=M5, ABS(D6 - F5) <= TIME(0,25,0) ) ) -> FALSE | D6: =IFERROR(__xludf.DUMMYFUNCTION("""COMPUTED_VALUE"""),0.7118055555547471) -> 0.71180556 | E6: =IFERROR(__xludf.DUMMYFUNCTION("""COMPUTED_VALUE"""),0.07708333332993789) -> 0.077083333 | F6: =IFERROR(__xludf.DUMMYFUNCTION("""COMPUTED_VALUE"""),0.788888888884685) -> 0.78888889 | G6: 0.077083333 | H6: =IFERROR(__xludf.DUMMYFUNCTION("""COMPUTED_VALUE"""),104.0) -> 104 | I6: 56.216216 | J6: Dinner | K6: =IFERROR(__xludf.DUMMYFUNCTION("""COMPUTED_VALUE"""),46044.0) -> 46044 | L6: =IFS( K6="","", WEEKDAY(K6)=1, "Sunday", WEEKDAY(K6)=2, "Monday", WEEKDAY(K6)=3, "Tuesday", WEEKDAY(K6)=4, "Wednesday", WEEKDAY(K6)=5, "Thursday", WEEKDAY(K6)=6, "Friday", WEEKDAY(K6)=7, "Saturday" ) -> Thursday | M6: =IFERROR(__xludf.DUMMYFUNCTION("""COMPUTED_VALUE"""),"MF") -> MF | N6: 1.1758389 | O6: =IFERROR(__xludf.DUMMYFUNCTION("""COMPUTED_VALUE"""),104.0) -> 104 | P6: =IFERROR(__xludf.DUMMYFUNCTION("""COMPUTED_VALUE"""),114.0) -> 114 | Q6: =IFERROR(__xludf.DUMMYFUNCTION("""COMPUTED_VALUE"""),0.07708333332993789) -> 0.077083333 | R6: =IFERROR(__xludf.DUMMYFUNCTION("""COMPUTED_VALUE"""),0.07291666666424135) -> 0.072916667 | S6: =IFERROR(__xludf.DUMMYFUNCTION("""COMPUTED_VALUE"""),56.21621621869249) -> 56.216216 | T6: =IFERROR(__xludf.DUMMYFUNCTION("""COMPUTED_VALUE"""),65.1428571450239) -> 65.142857 | U6: =IFERROR(__xludf.DUMMYFUNCTION("""COMPUTED_VALUE"""),218.0) -> 218 | V6: =IFERROR(__xludf.DUMMYFUNCTION("""COMPUTED_VALUE"""),0.14999999999417923) -> 0.15 | W6: =iferror(if(U6/(V6*24)=0,"",U6/(V6*24)),"") -> 60.555556 | X6: =IFERROR(__xludf.DUMMYFUNCTION("""COMPUTED_VALUE"""),60.679536681858195) -> 60.679537 | Y6: =IFERROR(__xludf.DUMMYFUNCTION("""COMPUTED_VALUE"""),1.0807181040721305) -> 1.0807181
A7: =IFERROR(__xludf.DUMMYFUNCTION("""COMPUTED_VALUE"""),46045.61947065972) -> 46045.619 | B7: =IFERROR(__xludf.DUMMYFUNCTION("""COMPUTED_VALUE"""),"Oluwatimilehin Shodipe") -> Oluwatimilehin Shodipe | C7: =IF( B7="", "", AND( B7=B6, K7=K6, M7=M6, ABS(D7 - F6) <= TIME(0,25,0) ) ) -> FALSE | D7: =IFERROR(__xludf.DUMMYFUNCTION("""COMPUTED_VALUE"""),0.5048611111124046) -> 0.50486111 | E7: =IFERROR(__xludf.DUMMYFUNCTION("""COMPUTED_VALUE"""),0.12013888888759539) -> 0.12013889 | F7: =IFERROR(__xludf.DUMMYFUNCTION("""COMPUTED_VALUE"""),0.625) -> 0.625 | G7: 0.12013889 | H7: =IFERROR(__xludf.DUMMYFUNCTION("""COMPUTED_VALUE"""),143.0) -> 143 | I7: 49.595376 | J7: Lunch | K7: =IFERROR(__xludf.DUMMYFUNCTION("""COMPUTED_VALUE"""),46045.0) -> 46045 | L7: =IFS( K7="","", WEEKDAY(K7)=1, "Sunday", WEEKDAY(K7)=2, "Monday", WEEKDAY(K7)=3, "Tuesday", WEEKDAY(K7)=4, "Wednesday", WEEKDAY(K7)=5, "Thursday", WEEKDAY(K7)=6, "Friday", WEEKDAY(K7)=7, "Saturday" ) -> Friday | M7: =IFERROR(__xludf.DUMMYFUNCTION("""COMPUTED_VALUE"""),"MF") -> MF | N7: 0.98643292 | O7: =IFERROR(__xludf.DUMMYFUNCTION("""COMPUTED_VALUE"""),143.0) -> 143 | P7: =IFERROR(__xludf.DUMMYFUNCTION("""COMPUTED_VALUE"""),"") | Q7: =IFERROR(__xludf.DUMMYFUNCTION("""COMPUTED_VALUE"""),0.12013888888759539) -> 0.12013889 | R7: =IFERROR(__xludf.DUMMYFUNCTION("""COMPUTED_VALUE"""),"") | S7: =IFERROR(__xludf.DUMMYFUNCTION("""COMPUTED_VALUE"""),49.59537572307733) -> 49.595376 | T7: =IFERROR(__xludf.DUMMYFUNCTION("""COMPUTED_VALUE"""),"") | U7: =IFERROR(__xludf.DUMMYFUNCTION("""COMPUTED_VALUE"""),143.0) -> 143 | V7: =IFERROR(__xludf.DUMMYFUNCTION("""COMPUTED_VALUE"""),0.12013888888759539) -> 0.12013889 | W7: =iferror(if(U7/(V7*24)=0,"",U7/(V7*24)),"") -> 49.595376 | X7: =IFERROR(__xludf.DUMMYFUNCTION("""COMPUTED_VALUE"""),49.59537572307733) -> 49.595376 | Y7: =IFERROR(__xludf.DUMMYFUNCTION("""COMPUTED_VALUE"""),0.9789062885877934) -> 0.97890629
A8: =IFERROR(__xludf.DUMMYFUNCTION("""COMPUTED_VALUE"""),46049.86973208333) -> 46049.87 | B8: =IFERROR(__xludf.DUMMYFUNCTION("""COMPUTED_VALUE"""),"Laila Maisuria") -> Laila Maisuria | C8: =IF( B8="", "", AND( B8=B7, K8=K7, M8=M7, ABS(D8 - F7) <= TIME(0,25,0) ) ) -> FALSE | D8: =IFERROR(__xludf.DUMMYFUNCTION("""COMPUTED_VALUE"""),0.7527777777795563) -> 0.75277778 | E8: =IFERROR(__xludf.DUMMYFUNCTION("""COMPUTED_VALUE"""),0.11458333333575865) -> 0.11458333 | F8: =IFERROR(__xludf.DUMMYFUNCTION("""COMPUTED_VALUE"""),0.867361111115315) -> 0.86736111 | G8: 0.11458333 | H8: =IFERROR(__xludf.DUMMYFUNCTION("""COMPUTED_VALUE"""),134.0) -> 134 | I8: 48.727273 | J8: Dinner | K8: =IFERROR(__xludf.DUMMYFUNCTION("""COMPUTED_VALUE"""),46049.0) -> 46049 | L8: =IFS( K8="","", WEEKDAY(K8)=1, "Sunday", WEEKDAY(K8)=2, "Monday", WEEKDAY(K8)=3, "Tuesday", WEEKDAY(K8)=4, "Wednesday", WEEKDAY(K8)=5, "Thursday", WEEKDAY(K8)=6, "Friday", WEEKDAY(K8)=7, "Saturday" ) -> Tuesday | M8: =IFERROR(__xludf.DUMMYFUNCTION("""COMPUTED_VALUE"""),"MF") -> MF | N8: 1.0191974 | O8: =IFERROR(__xludf.DUMMYFUNCTION("""COMPUTED_VALUE"""),134.0) -> 134 | P8: =IFERROR(__xludf.DUMMYFUNCTION("""COMPUTED_VALUE"""),"") | Q8: =IFERROR(__xludf.DUMMYFUNCTION("""COMPUTED_VALUE"""),0.11458333333575865) -> 0.11458333 | R8: =IFERROR(__xludf.DUMMYFUNCTION("""COMPUTED_VALUE"""),"") | S8: =IFERROR(__xludf.DUMMYFUNCTION("""COMPUTED_VALUE"""),48.727272726241345) -> 48.727273 | T8: =IFERROR(__xludf.DUMMYFUNCTION("""COMPUTED_VALUE"""),"") | U8: =IFERROR(__xludf.DUMMYFUNCTION("""COMPUTED_VALUE"""),134.0) -> 134 | V8: =IFERROR(__xludf.DUMMYFUNCTION("""COMPUTED_VALUE"""),0.11458333333575865) -> 0.11458333 | W8: =iferror(if(U8/(V8*24)=0,"",U8/(V8*24)),"") -> 48.727273 | X8: =IFERROR(__xludf.DUMMYFUNCTION("""COMPUTED_VALUE"""),48.727272726241345) -> 48.727273 | Y8: =IFERROR(__xludf.DUMMYFUNCTION("""COMPUTED_VALUE"""),0.8678452189476501) -> 0.86784522
A9: =IFERROR(__xludf.DUMMYFUNCTION("""COMPUTED_VALUE"""),46050.47128442129) -> 46050.471 | B9: =IFERROR(__xludf.DUMMYFUNCTION("""COMPUTED_VALUE"""),"Kaylie Forgue") -> Kaylie Forgue | C9: =IF( B9="", "", AND( B9=B8, K9=K8, M9=M8, ABS(D9 - F8) <= TIME(0,25,0) ) ) -> FALSE | D9: =IFERROR(__xludf.DUMMYFUNCTION("""COMPUTED_VALUE"""),0.30902777778101154) -> 0.30902778 | E9: =IFERROR(__xludf.DUMMYFUNCTION("""COMPUTED_VALUE"""),0.11597222222189885) -> 0.11597222 | F9: =IFERROR(__xludf.DUMMYFUNCTION("""COMPUTED_VALUE"""),0.4250000000029104) -> 0.425 | G9: 0.11597222 | H9: =IFERROR(__xludf.DUMMYFUNCTION("""COMPUTED_VALUE"""),115.0) -> 115 | I9: 41.317365 | J9: Breakfast | K9: =IFERROR(__xludf.DUMMYFUNCTION("""COMPUTED_VALUE"""),46050.0) -> 46050 | L9: =IFS( K9="","", WEEKDAY(K9)=1, "Sunday", WEEKDAY(K9)=2, "Monday", WEEKDAY(K9)=3, "Tuesday", WEEKDAY(K9)=4, "Wednesday", WEEKDAY(K9)=5, "Thursday", WEEKDAY(K9)=6, "Friday", WEEKDAY(K9)=7, "Saturday" ) -> Wednesday | M9: =IFERROR(__xludf.DUMMYFUNCTION("""COMPUTED_VALUE"""),"BF") -> BF | N9: 1.4573693 | O9: =IFERROR(__xludf.DUMMYFUNCTION("""COMPUTED_VALUE"""),"") | P9: =IFERROR(__xludf.DUMMYFUNCTION("""COMPUTED_VALUE"""),"") | Q9: =IFERROR(__xludf.DUMMYFUNCTION("""COMPUTED_VALUE"""),"") | R9: =IFERROR(__xludf.DUMMYFUNCTION("""COMPUTED_VALUE"""),"") | S9: =IFERROR(__xludf.DUMMYFUNCTION("""COMPUTED_VALUE"""),"") | T9: =IFERROR(__xludf.DUMMYFUNCTION("""COMPUTED_VALUE"""),"") | U9: =IFERROR(__xludf.DUMMYFUNCTION("""COMPUTED_VALUE"""),"") | V9: =IFERROR(__xludf.DUMMYFUNCTION("""COMPUTED_VALUE"""),"") | W9: =iferror(if(U9/(V9*24)=0,"",U9/(V9*24)),"") | X9: =IFERROR(__xludf.DUMMYFUNCTION("""COMPUTED_VALUE"""),"") | Y9: =IFERROR(__xludf.DUMMYFUNCTION("""COMPUTED_VALUE"""),"")
A10: =IFERROR(__xludf.DUMMYFUNCTION("""COMPUTED_VALUE"""),46050.50898162037) -> 46050.509 | B10: =IFERROR(__xludf.DUMMYFUNCTION("""COMPUTED_VALUE"""),"Oluwatimilehin Shodipe") -> Oluwatimilehin Shodipe | C10: =IF( B10="", "", AND( B10=B9, K10=K9, M10=M9, ABS(D10 - F9) <= TIME(0,25,0) ) ) -> FALSE | D10: =IFERROR(__xludf.DUMMYFUNCTION("""COMPUTED_VALUE"""),0.4437499999985448) -> 0.44375 | E10: =IFERROR(__xludf.DUMMYFUNCTION("""COMPUTED_VALUE"""),0.06666666666569654) -> 0.066666667 | F10: =IFERROR(__xludf.DUMMYFUNCTION("""COMPUTED_VALUE"""),0.5104166666642413) -> 0.51041667 | G10: 0.066666667 | H10: =IFERROR(__xludf.DUMMYFUNCTION("""COMPUTED_VALUE"""),72.0) -> 72 | I10: 45 | J10: Breakfast/Lunch | K10: =IFERROR(__xludf.DUMMYFUNCTION("""COMPUTED_VALUE"""),46050.0) -> 46050 | L10: =IFS( K10="","", WEEKDAY(K10)=1, "Sunday", WEEKDAY(K10)=2, "Monday", WEEKDAY(K10)=3, "Tuesday", WEEKDAY(K10)=4, "Wednesday", WEEKDAY(K10)=5, "Thursday", WEEKDAY(K10)=6, "Friday", WEEKDAY(K10)=7, "Saturday" ) -> Wednesday | M10: =IFERROR(__xludf.DUMMYFUNCTION("""COMPUTED_VALUE"""),"BF") -> BF | N10: 1.4085837 | O10: =IFERROR(__xludf.DUMMYFUNCTION("""COMPUTED_VALUE"""),"") | P10: =IFERROR(__xludf.DUMMYFUNCTION("""COMPUTED_VALUE"""),"") | Q10: =IFERROR(__xludf.DUMMYFUNCTION("""COMPUTED_VALUE"""),"") | R10: =IFERROR(__xludf.DUMMYFUNCTION("""COMPUTED_VALUE"""),"") | S10: =IFERROR(__xludf.DUMMYFUNCTION("""COMPUTED_VALUE"""),"") | T10: =IFERROR(__xludf.DUMMYFUNCTION("""COMPUTED_VALUE"""),"") | U10: =IFERROR(__xludf.DUMMYFUNCTION("""COMPUTED_VALUE"""),"") | V10: =IFERROR(__xludf.DUMMYFUNCTION("""COMPUTED_VALUE"""),"") | W10: =iferror(if(U10/(V10*24)=0,"",U10/(V10*24)),"") | X10: =IFERROR(__xludf.DUMMYFUNCTION("""COMPUTED_VALUE"""),"") | Y10: =IFERROR(__xludf.DUMMYFUNCTION("""COMPUTED_VALUE"""),"")
A11: =IFERROR(__xludf.DUMMYFUNCTION("""COMPUTED_VALUE"""),46050.84860915509) -> 46050.849 | B11: =IFERROR(__xludf.DUMMYFUNCTION("""COMPUTED_VALUE"""),"Maureen Surgot") -> Maureen Surgot | C11: =IF( B11="", "", AND( B11=B10, K11=K10, M11=M10, ABS(D11 - F10) <= TIME(0,25,0) ) ) -> FALSE | D11: =IFERROR(__xludf.DUMMYFUNCTION("""COMPUTED_VALUE"""),0.6875) -> 0.6875 | E11: =IFERROR(__xludf.DUMMYFUNCTION("""COMPUTED_VALUE"""),0.16666666666424135) -> 0.16666667 | F11: =IFERROR(__xludf.DUMMYFUNCTION("""COMPUTED_VALUE"""),0.8541666666642413) -> 0.85416667 | G11: 0.16666667 | H11: =IFERROR(__xludf.DUMMYFUNCTION("""COMPUTED_VALUE"""),258.0) -> 258 | I11: 64.5 | J11: Dinner | K11: =IFERROR(__xludf.DUMMYFUNCTION("""COMPUTED_VALUE"""),46050.0) -> 46050 | L11: =IFS( K11="","", WEEKDAY(K11)=1, "Sunday", WEEKDAY(K11)=2, "Monday", WEEKDAY(K11)=3, "Tuesday", WEEKDAY(K11)=4, "Wednesday", WEEKDAY(K11)=5, "Thursday", WEEKDAY(K11)=6, "Friday", WEEKDAY(K11)=7, "Saturday" ) -> Wednesday | M11: =IFERROR(__xludf.DUMMYFUNCTION("""COMPUTED_VALUE"""),"BF") -> BF | N11: 1.4516624 | O11: =IFERROR(__xludf.DUMMYFUNCTION("""COMPUTED_VALUE"""),"") | P11: =IFERROR(__xludf.DUMMYFUNCTION("""COMPUTED_VALUE"""),"") | Q11: =IFERROR(__xludf.DUMMYFUNCTION("""COMPUTED_VALUE"""),"") | R11: =IFERROR(__xludf.DUMMYFUNCTION("""COMPUTED_VALUE"""),"") | S11: =IFERROR(__xludf.DUMMYFUNCTION("""COMPUTED_VALUE"""),"") | T11: =IFERROR(__xludf.DUMMYFUNCTION("""COMPUTED_VALUE"""),"") | U11: =IFERROR(__xludf.DUMMYFUNCTION("""COMPUTED_VALUE"""),"") | V11: =IFERROR(__xludf.DUMMYFUNCTION("""COMPUTED_VALUE"""),"") | W11: =iferror(if(U11/(V11*24)=0,"",U11/(V11*24)),"") | X11: =IFERROR(__xludf.DUMMYFUNCTION("""COMPUTED_VALUE"""),"") | Y11: =IFERROR(__xludf.DUMMYFUNCTION("""COMPUTED_VALUE"""),"")
A12: =IFERROR(__xludf.DUMMYFUNCTION("""COMPUTED_VALUE"""),46050.87090170139) -> 46050.871 | B12: =IFERROR(__xludf.DUMMYFUNCTION("""COMPUTED_VALUE"""),"Brynn Hornig") -> Brynn Hornig | C12: =IF( B12="", "", AND( B12=B11, K12=K11, M12=M11, ABS(D12 - F11) <= TIME(0,25,0) ) ) -> FALSE | D12: =IFERROR(__xludf.DUMMYFUNCTION("""COMPUTED_VALUE"""),0.75) -> 0.75 | E12: =IFERROR(__xludf.DUMMYFUNCTION("""COMPUTED_VALUE"""),0.125) -> 0.125 | F12: =IFERROR(__xludf.DUMMYFUNCTION("""COMPUTED_VALUE"""),0.875) -> 0.875 | G12: 0.125 | H12: =IFERROR(__xludf.DUMMYFUNCTION("""COMPUTED_VALUE"""),130.0) -> 130 | I12: 43.333333 | J12: Dinner | K12: =IFERROR(__xludf.DUMMYFUNCTION("""COMPUTED_VALUE"""),46050.0) -> 46050 | L12: =IFS( K12="","", WEEKDAY(K12)=1, "Sunday", WEEKDAY(K12)=2, "Monday", WEEKDAY(K12)=3, "Tuesday", WEEKDAY(K12)=4, "Wednesday", WEEKDAY(K12)=5, "Thursday", WEEKDAY(K12)=6, "Friday", WEEKDAY(K12)=7, "Saturday" ) -> Wednesday | M12: =IFERROR(__xludf.DUMMYFUNCTION("""COMPUTED_VALUE"""),"MF") -> MF | N12: 0.90637584 | O12: =IFERROR(__xludf.DUMMYFUNCTION("""COMPUTED_VALUE"""),130.0) -> 130 | P12: =IFERROR(__xludf.DUMMYFUNCTION("""COMPUTED_VALUE"""),445.0) -> 445 | Q12: =IFERROR(__xludf.DUMMYFUNCTION("""COMPUTED_VALUE"""),0.125) -> 0.125 | R12: =IFERROR(__xludf.DUMMYFUNCTION("""COMPUTED_VALUE"""),0.34930555555183673) -> 0.34930556 | S12: =IFERROR(__xludf.DUMMYFUNCTION("""COMPUTED_VALUE"""),43.333333333333336) -> 43.333333 | T12: =IFERROR(__xludf.DUMMYFUNCTION("""COMPUTED_VALUE"""),50.272455090389904) -> 50.272455 | U12: =IFERROR(__xludf.DUMMYFUNCTION("""COMPUTED_VALUE"""),575.0) -> 575 | V12: =IFERROR(__xludf.DUMMYFUNCTION("""COMPUTED_VALUE"""),0.47430555555183673) -> 0.47430556 | W12: =iferror(if(U12/(V12*24)=0,"",U12/(V12*24)),"") -> 50.512445 | X12: =IFERROR(__xludf.DUMMYFUNCTION("""COMPUTED_VALUE"""),48.53767465112576) -> 48.537675 | Y12: =IFERROR(__xludf.DUMMYFUNCTION("""COMPUTED_VALUE"""),0.9878734855096749) -> 0.98787349
A13: =IFERROR(__xludf.DUMMYFUNCTION("""COMPUTED_VALUE"""),46051.53061296296) -> 46051.531 | B13: =IFERROR(__xludf.DUMMYFUNCTION("""COMPUTED_VALUE"""),"Emmett Khan") -> Emmett Khan | C13: =IF( B13="", "", AND( B13=B12, K13=K12, M13=M12, ABS(D13 - F12) <= TIME(0,25,0) ) ) -> FALSE | D13: =IFERROR(__xludf.DUMMYFUNCTION("""COMPUTED_VALUE"""),0.47916666666424135) -> 0.47916667 | E13: =IFERROR(__xludf.DUMMYFUNCTION("""COMPUTED_VALUE"""),0.04930555555620231) -> 0.049305556 | F13: =IFERROR(__xludf.DUMMYFUNCTION("""COMPUTED_VALUE"""),0.5284722222204437) -> 0.52847222 | G13: 0.049305556 | H13: =IFERROR(__xludf.DUMMYFUNCTION("""COMPUTED_VALUE"""),33.0) -> 33 | I13: 27.887324 | J13: Lunch | K13: =IFERROR(__xludf.DUMMYFUNCTION("""COMPUTED_VALUE"""),46051.0) -> 46051 | L13: =IFS( K13="","", WEEKDAY(K13)=1, "Sunday", WEEKDAY(K13)=2, "Monday", WEEKDAY(K13)=3, "Tuesday", WEEKDAY(K13)=4, "Wednesday", WEEKDAY(K13)=5, "Thursday", WEEKDAY(K13)=6, "Friday", WEEKDAY(K13)=7, "Saturday" ) -> Thursday | M13: =IFERROR(__xludf.DUMMYFUNCTION("""COMPUTED_VALUE"""),"BF") -> BF | N13: 0.98365733 | O13: =IFERROR(__xludf.DUMMYFUNCTION("""COMPUTED_VALUE"""),"") | P13: =IFERROR(__xludf.DUMMYFUNCTION("""COMPUTED_VALUE"""),"") | Q13: =IFERROR(__xludf.DUMMYFUNCTION("""COMPUTED_VALUE"""),"") | R13: =IFERROR(__xludf.DUMMYFUNCTION("""COMPUTED_VALUE"""),"") | S13: =IFERROR(__xludf.DUMMYFUNCTION("""COMPUTED_VALUE"""),"") | T13: =IFERROR(__xludf.DUMMYFUNCTION("""COMPUTED_VALUE"""),"") | U13: =IFERROR(__xludf.DUMMYFUNCTION("""COMPUTED_VALUE"""),"") | V13: =IFERROR(__xludf.DUMMYFUNCTION("""COMPUTED_VALUE"""),"") | W13: =iferror(if(U13/(V13*24)=0,"",U13/(V13*24)),"") | X13: =IFERROR(__xludf.DUMMYFUNCTION("""COMPUTED_VALUE"""),"") | Y13: =IFERROR(__xludf.DUMMYFUNCTION("""COMPUTED_VALUE"""),"")
A14: =IFERROR(__xludf.DUMMYFUNCTION("""COMPUTED_VALUE"""),46051.54014075232) -> 46051.54 | B14: =IFERROR(__xludf.DUMMYFUNCTION("""COMPUTED_VALUE"""),"Kyra Turner") -> Kyra Turner | C14: =IF( B14="", "", AND( B14=B13, K14=K13, M14=M13, ABS(D14 - F13) <= TIME(0,25,0) ) ) -> FALSE | D14: =IFERROR(__xludf.DUMMYFUNCTION("""COMPUTED_VALUE"""),0.5) -> 0.5 | E14: =IFERROR(__xludf.DUMMYFUNCTION("""COMPUTED_VALUE"""),0.03749999999854481) -> 0.0375 | F14: =IFERROR(__xludf.DUMMYFUNCTION("""COMPUTED_VALUE"""),0.5374999999985448) -> 0.5375 | G14: 0.14166667 | H14: =IFERROR(__xludf.DUMMYFUNCTION("""COMPUTED_VALUE"""),28.0) -> 28 | I14: 31.764706 | J14: Lunch | K14: =IFERROR(__xludf.DUMMYFUNCTION("""COMPUTED_VALUE"""),46051.0) -> 46051 | L14: =IFS( K14="","", WEEKDAY(K14)=1, "Sunday", WEEKDAY(K14)=2, "Monday", WEEKDAY(K14)=3, "Tuesday", WEEKDAY(K14)=4, "Wednesday", WEEKDAY(K14)=5, "Thursday", WEEKDAY(K14)=6, "Friday", WEEKDAY(K14)=7, "Saturday" ) -> Thursday | M14: =IFERROR(__xludf.DUMMYFUNCTION("""COMPUTED_VALUE"""),"BF") -> BF | N14: 1.1204225 | O14: =IFERROR(__xludf.DUMMYFUNCTION("""COMPUTED_VALUE"""),"") | P14: =IFERROR(__xludf.DUMMYFUNCTION("""COMPUTED_VALUE"""),"") | Q14: =IFERROR(__xludf.DUMMYFUNCTION("""COMPUTED_VALUE"""),"") | R14: =IFERROR(__xludf.DUMMYFUNCTION("""COMPUTED_VALUE"""),"") | S14: =IFERROR(__xludf.DUMMYFUNCTION("""COMPUTED_VALUE"""),"") | T14: =IFERROR(__xludf.DUMMYFUNCTION("""COMPUTED_VALUE"""),"") | U14: =IFERROR(__xludf.DUMMYFUNCTION("""COMPUTED_VALUE"""),"") | V14: =IFERROR(__xludf.DUMMYFUNCTION("""COMPUTED_VALUE"""),"") | W14: =iferror(if(U14/(V14*24)=0,"",U14/(V14*24)),"") | X14: =IFERROR(__xludf.DUMMYFUNCTION("""COMPUTED_VALUE"""),"") | Y14: =IFERROR(__xludf.DUMMYFUNCTION("""COMPUTED_VALUE"""),"")
A15: =IFERROR(__xludf.DUMMYFUNCTION("""COMPUTED_VALUE"""),46051.644792499996) -> 46051.645 | B15: =IFERROR(__xludf.DUMMYFUNCTION("""COMPUTED_VALUE"""),"Kyra Turner") -> Kyra Turner | C15: =IF( B15="", "", AND( B15=B14, K15=K14, M15=M14, ABS(D15 - F14) <= TIME(0,25,0) ) ) -> TRUE | D15: =IFERROR(__xludf.DUMMYFUNCTION("""COMPUTED_VALUE"""),0.5395833333313931) -> 0.53958333 | E15: =IFERROR(__xludf.DUMMYFUNCTION("""COMPUTED_VALUE"""),0.1041666666715173) -> 0.10416667 | F15: =IFERROR(__xludf.DUMMYFUNCTION("""COMPUTED_VALUE"""),0.6437500000029104) -> 0.64375 | H15: =IFERROR(__xludf.DUMMYFUNCTION("""COMPUTED_VALUE"""),80.0) -> 80 | J15: Lunch | K15: =IFERROR(__xludf.DUMMYFUNCTION("""COMPUTED_VALUE"""),46051.0) -> 46051 | L15: =IFS( K15="","", WEEKDAY(K15)=1, "Sunday", WEEKDAY(K15)=2, "Monday", WEEKDAY(K15)=3, "Tuesday", WEEKDAY(K15)=4, "Wednesday", WEEKDAY(K15)=5, "Thursday", WEEKDAY(K15)=6, "Friday", WEEKDAY(K15)=7, "Saturday" ) -> Thursday | M15: =IFERROR(__xludf.DUMMYFUNCTION("""COMPUTED_VALUE"""),"BF") -> BF | O15: =IFERROR(__xludf.DUMMYFUNCTION("""COMPUTED_VALUE"""),"") | P15: =IFERROR(__xludf.DUMMYFUNCTION("""COMPUTED_VALUE"""),"") | Q15: =IFERROR(__xludf.DUMMYFUNCTION("""COMPUTED_VALUE"""),"") | R15: =IFERROR(__xludf.DUMMYFUNCTION("""COMPUTED_VALUE"""),"") | S15: =IFERROR(__xludf.DUMMYFUNCTION("""COMPUTED_VALUE"""),"") | T15: =IFERROR(__xludf.DUMMYFUNCTION("""COMPUTED_VALUE"""),"") | U15: =IFERROR(__xludf.DUMMYFUNCTION("""COMPUTED_VALUE"""),"") | V15: =IFERROR(__xludf.DUMMYFUNCTION("""COMPUTED_VALUE"""),"") | W15: =iferror(if(U15/(V15*24)=0,"",U15/(V15*24)),"") | X15: =IFERROR(__xludf.DUMMYFUNCTION("""COMPUTED_VALUE"""),"") | Y15: =IFERROR(__xludf.DUMMYFUNCTION("""COMPUTED_VALUE"""),"")
A16: =IFERROR(__xludf.DUMMYFUNCTION("""COMPUTED_VALUE"""),46051.779202060185) -> 46051.779 | B16: =IFERROR(__xludf.DUMMYFUNCTION("""COMPUTED_VALUE"""),"Emmett Khan") -> Emmett Khan | C16: =IF( B16="", "", AND( B16=B15, K16=K15, M16=M15, ABS(D16 - F15) <= TIME(0,25,0) ) ) -> FALSE | D16: =IFERROR(__xludf.DUMMYFUNCTION("""COMPUTED_VALUE"""),0.7083333333357587) -> 0.70833333 | E16: =IFERROR(__xludf.DUMMYFUNCTION("""COMPUTED_VALUE"""),0.07291666666424135) -> 0.072916667 | F16: =IFERROR(__xludf.DUMMYFUNCTION("""COMPUTED_VALUE"""),0.78125) -> 0.78125 | G16: 0.072916667 | H16: =IFERROR(__xludf.DUMMYFUNCTION("""COMPUTED_VALUE"""),93.0) -> 93 | I16: 53.142857 | J16: Dinner | K16: =IFERROR(__xludf.DUMMYFUNCTION("""COMPUTED_VALUE"""),46051.0) -> 46051 | L16: =IFS( K16="","", WEEKDAY(K16)=1, "Sunday", WEEKDAY(K16)=2, "Monday", WEEKDAY(K16)=3, "Tuesday", WEEKDAY(K16)=4, "Wednesday", WEEKDAY(K16)=5, "Thursday", WEEKDAY(K16)=6, "Friday", WEEKDAY(K16)=7, "Saturday" ) -> Thursday | M16: =IFERROR(__xludf.DUMMYFUNCTION("""COMPUTED_VALUE"""),"MF") -> MF | N16: 1.1115554 | O16: =IFERROR(__xludf.DUMMYFUNCTION("""COMPUTED_VALUE"""),93.0) -> 93 | P16: =IFERROR(__xludf.DUMMYFUNCTION("""COMPUTED_VALUE"""),141.0) -> 141 | Q16: =IFERROR(__xludf.DUMMYFUNCTION("""COMPUTED_VALUE"""),0.07291666666424135) -> 0.072916667 | R16: =IFERROR(__xludf.DUMMYFUNCTION("""COMPUTED_VALUE"""),0.19097222222626442) -> 0.19097222 | S16: =IFERROR(__xludf.DUMMYFUNCTION("""COMPUTED_VALUE"""),53.142857144624756) -> 53.142857 | T16: =IFERROR(__xludf.DUMMYFUNCTION("""COMPUTED_VALUE"""),29.82601491244389) -> 29.826015 | U16: =IFERROR(__xludf.DUMMYFUNCTION("""COMPUTED_VALUE"""),234.0) -> 234 | V16: =IFERROR(__xludf.DUMMYFUNCTION("""COMPUTED_VALUE"""),0.26388888889050577) -> 0.26388889 | W16: =iferror(if(U16/(V16*24)=0,"",U16/(V16*24)),"") -> 36.947368 | X16: =IFERROR(__xludf.DUMMYFUNCTION("""COMPUTED_VALUE"""),37.59829565650418) -> 37.598296 | Y16: =IFERROR(__xludf.DUMMYFUNCTION("""COMPUTED_VALUE"""),0.530972742275288) -> 0.53097274
A17: =IFERROR(__xludf.DUMMYFUNCTION("""COMPUTED_VALUE"""),46052.58172553241) -> 46052.582 | B17: =IFERROR(__xludf.DUMMYFUNCTION("""COMPUTED_VALUE"""),"Brynn Hornig") -> Brynn Hornig | C17: =IF( B17="", "", AND( B17=B16, K17=K16, M17=M16, ABS(D17 - F16) <= TIME(0,25,0) ) ) -> FALSE | D17: =IFERROR(__xludf.DUMMYFUNCTION("""COMPUTED_VALUE"""),0.5208333333357587) -> 0.52083333 | E17: =IFERROR(__xludf.DUMMYFUNCTION("""COMPUTED_VALUE"""),0.0625) -> 0.0625 | F17: =IFERROR(__xludf.DUMMYFUNCTION("""COMPUTED_VALUE"""),0.5833333333357587) -> 0.58333333 | G17: 0.0625 | H17: =IFERROR(__xludf.DUMMYFUNCTION("""COMPUTED_VALUE"""),76.0) -> 76 | I17: 50.666667 | J17: Lunch | K17: =IFERROR(__xludf.DUMMYFUNCTION("""COMPUTED_VALUE"""),46052.0) -> 46052 | L17: =IFS( K17="","", WEEKDAY(K17)=1, "Sunday", WEEKDAY(K17)=2, "Monday", WEEKDAY(K17)=3, "Tuesday", WEEKDAY(K17)=4, "Wednesday", WEEKDAY(K17)=5, "Thursday", WEEKDAY(K17)=6, "Friday", WEEKDAY(K17)=7, "Saturday" ) -> Friday | M17: =IFERROR(__xludf.DUMMYFUNCTION("""COMPUTED_VALUE"""),"BF") -> BF | N17: 1.7871431 | O17: =IFERROR(__xludf.DUMMYFUNCTION("""COMPUTED_VALUE"""),"") | P17: =IFERROR(__xludf.DUMMYFUNCTION("""COMPUTED_VALUE"""),"") | Q17: =IFERROR(__xludf.DUMMYFUNCTION("""COMPUTED_VALUE"""),"") | R17: =IFERROR(__xludf.DUMMYFUNCTION("""COMPUTED_VALUE"""),"") | S17: =IFERROR(__xludf.DUMMYFUNCTION("""COMPUTED_VALUE"""),"") | T17: =IFERROR(__xludf.DUMMYFUNCTION("""COMPUTED_VALUE"""),"") | U17: =IFERROR(__xludf.DUMMYFUNCTION("""COMPUTED_VALUE"""),"") | V17: =IFERROR(__xludf.DUMMYFUNCTION("""COMPUTED_VALUE"""),"") | W17: =iferror(if(U17/(V17*24)=0,"",U17/(V17*24)),"") | X17: =IFERROR(__xludf.DUMMYFUNCTION("""COMPUTED_VALUE"""),"") | Y17: =IFERROR(__xludf.DUMMYFUNCTION("""COMPUTED_VALUE"""),"")
A18: =IFERROR(__xludf.DUMMYFUNCTION("""COMPUTED_VALUE"""),46052.6284697338) -> 46052.628 | B18: =IFERROR(__xludf.DUMMYFUNCTION("""COMPUTED_VALUE"""),"Oluwatimilehin Shodipe") -> Oluwatimilehin Shodipe | C18: =IF( B18="", "", AND( B18=B17, K18=K17, M18=M17, ABS(D18 - F17) <= TIME(0,25,0) ) ) -> FALSE | D18: =IFERROR(__xludf.DUMMYFUNCTION("""COMPUTED_VALUE"""),0.48263888889050577) -> 0.48263889 | E18: =IFERROR(__xludf.DUMMYFUNCTION("""COMPUTED_VALUE"""),0.14236111110949423) -> 0.14236111 | F18: =IFERROR(__xludf.DUMMYFUNCTION("""COMPUTED_VALUE"""),0.625) -> 0.625 | G18: 0.14236111 | H18: =IFERROR(__xludf.DUMMYFUNCTION("""COMPUTED_VALUE"""),144.0) -> 144 | I18: 42.146341 | J18: Lunch | K18: =IFERROR(__xludf.DUMMYFUNCTION("""COMPUTED_VALUE"""),46052.0) -> 46052 | L18: =IFS( K18="","", WEEKDAY(K18)=1, "Sunday", WEEKDAY(K18)=2, "Monday", WEEKDAY(K18)=3, "Tuesday", WEEKDAY(K18)=4, "Wednesday", WEEKDAY(K18)=5, "Thursday", WEEKDAY(K18)=6, "Friday", WEEKDAY(K18)=7, "Saturday" ) -> Friday | M18: =IFERROR(__xludf.DUMMYFUNCTION("""COMPUTED_VALUE"""),"MF") -> MF | N18: 0.8382745 | O18: =IFERROR(__xludf.DUMMYFUNCTION("""COMPUTED_VALUE"""),"") | P18: =IFERROR(__xludf.DUMMYFUNCTION("""COMPUTED_VALUE"""),"") | Q18: =IFERROR(__xludf.DUMMYFUNCTION("""COMPUTED_VALUE"""),"") | R18: =IFERROR(__xludf.DUMMYFUNCTION("""COMPUTED_VALUE"""),"") | S18: =IFERROR(__xludf.DUMMYFUNCTION("""COMPUTED_VALUE"""),"") | T18: =IFERROR(__xludf.DUMMYFUNCTION("""COMPUTED_VALUE"""),"") | U18: =IFERROR(__xludf.DUMMYFUNCTION("""COMPUTED_VALUE"""),"") | V18: =IFERROR(__xludf.DUMMYFUNCTION("""COMPUTED_VALUE"""),"") | W18: =iferror(if(U18/(V18*24)=0,"",U18/(V18*24)),"") | X18: =IFERROR(__xludf.DUMMYFUNCTION("""COMPUTED_VALUE"""),"") | Y18: =IFERROR(__xludf.DUMMYFUNCTION("""COMPUTED_VALUE"""),"")
A19: =IFERROR(__xludf.DUMMYFUNCTION("""COMPUTED_VALUE"""),46052.80948892361) -> 46052.809 | B19: =IFERROR(__xludf.DUMMYFUNCTION("""COMPUTED_VALUE"""),"Orpheus Wilson") -> Orpheus Wilson | C19: =IF( B19="", "", AND( B19=B18, K19=K18, M19=M18, ABS(D19 - F18) <= TIME(0,25,0) ) ) -> FALSE | D19: =IFERROR(__xludf.DUMMYFUNCTION("""COMPUTED_VALUE"""),0.7472222222204437) -> 0.74722222 | E19: =IFERROR(__xludf.DUMMYFUNCTION("""COMPUTED_VALUE"""),0.061111111113859806) -> 0.061111111 | F19: =IFERROR(__xludf.DUMMYFUNCTION("""COMPUTED_VALUE"""),0.8083333333343035) -> 0.80833333 | G19: 0.074305556 | H19: =IFERROR(__xludf.DUMMYFUNCTION("""COMPUTED_VALUE"""),158.0) -> 158 | I19: 107.1028 | J19: Dinner | K19: =IFERROR(__xludf.DUMMYFUNCTION("""COMPUTED_VALUE"""),46052.0) -> 46052 | L19: =IFS( K19="","", WEEKDAY(K19)=1, "Sunday", WEEKDAY(K19)=2, "Monday", WEEKDAY(K19)=3, "Tuesday", WEEKDAY(K19)=4, "Wednesday", WEEKDAY(K19)=5, "Thursday", WEEKDAY(K19)=6, "Friday", WEEKDAY(K19)=7, "Saturday" ) -> Friday | M19: =IFERROR(__xludf.DUMMYFUNCTION("""COMPUTED_VALUE"""),"MF") -> MF | N19: 2.2402014 | O19: =IFERROR(__xludf.DUMMYFUNCTION("""COMPUTED_VALUE"""),"") | P19: =IFERROR(__xludf.DUMMYFUNCTION("""COMPUTED_VALUE"""),"") | Q19: =IFERROR(__xludf.DUMMYFUNCTION("""COMPUTED_VALUE"""),"") | R19: =IFERROR(__xludf.DUMMYFUNCTION("""COMPUTED_VALUE"""),"") | S19: =IFERROR(__xludf.DUMMYFUNCTION("""COMPUTED_VALUE"""),"") | T19: =IFERROR(__xludf.DUMMYFUNCTION("""COMPUTED_VALUE"""),"") | U19: =IFERROR(__xludf.DUMMYFUNCTION("""COMPUTED_VALUE"""),"") | V19: =IFERROR(__xludf.DUMMYFUNCTION("""COMPUTED_VALUE"""),"") | W19: =iferror(if(U19/(V19*24)=0,"",U19/(V19*24)),"") | X19: =IFERROR(__xludf.DUMMYFUNCTION("""COMPUTED_VALUE"""),"") | Y19: =IFERROR(__xludf.DUMMYFUNCTION("""COMPUTED_VALUE"""),"")
A20: =IFERROR(__xludf.DUMMYFUNCTION("""COMPUTED_VALUE"""),46052.83015725695) -> 46052.83 | B20: =IFERROR(__xludf.DUMMYFUNCTION("""COMPUTED_VALUE"""),"Orpheus Wilson") -> Orpheus Wilson | C20: =IF( B20="", "", AND( B20=B19, K20=K19, M20=M19, ABS(D20 - F19) <= TIME(0,25,0) ) ) -> TRUE | D20: =IFERROR(__xludf.DUMMYFUNCTION("""COMPUTED_VALUE"""),0.8145833333328483) -> 0.81458333 | E20: =IFERROR(__xludf.DUMMYFUNCTION("""COMPUTED_VALUE"""),0.013194444443797693) -> 0.013194444 | F20: =IFERROR(__xludf.DUMMYFUNCTION("""COMPUTED_VALUE"""),0.827777777776646) -> 0.82777778 | H20: =IFERROR(__xludf.DUMMYFUNCTION("""COMPUTED_VALUE"""),33.0) -> 33 | J20: Dinner | K20: =IFERROR(__xludf.DUMMYFUNCTION("""COMPUTED_VALUE"""),46052.0) -> 46052 | L20: =IFS( K20="","", WEEKDAY(K20)=1, "Sunday", WEEKDAY(K20)=2, "Monday", WEEKDAY(K20)=3, "Tuesday", WEEKDAY(K20)=4, "Wednesday", WEEKDAY(K20)=5, "Thursday", WEEKDAY(K20)=6, "Friday", WEEKDAY(K20)=7, "Saturday" ) -> Friday | M20: =IFERROR(__xludf.DUMMYFUNCTION("""COMPUTED_VALUE"""),"MF") -> MF | O20: =IFERROR(__xludf.DUMMYFUNCTION("""COMPUTED_VALUE"""),335.0) -> 335 | P20: =IFERROR(__xludf.DUMMYFUNCTION("""COMPUTED_VALUE"""),76.0) -> 76 | Q20: =IFERROR(__xludf.DUMMYFUNCTION("""COMPUTED_VALUE"""),0.21666666666715173) -> 0.21666667 | R20: =IFERROR(__xludf.DUMMYFUNCTION("""COMPUTED_VALUE"""),0.0625) -> 0.0625 | S20: =IFERROR(__xludf.DUMMYFUNCTION("""COMPUTED_VALUE"""),74.62457259959068) -> 74.624573 | T20: =IFERROR(__xludf.DUMMYFUNCTION("""COMPUTED_VALUE"""),50.666666666666664) -> 50.666667 | U20: =IFERROR(__xludf.DUMMYFUNCTION("""COMPUTED_VALUE"""),411.0) -> 411 | V20: =IFERROR(__xludf.DUMMYFUNCTION("""COMPUTED_VALUE"""),0.27916666666715173) -> 0.27916667 | W20: =iferror(if(U20/(V20*24)=0,"",U20/(V20*24)),"") -> 61.343284 | X20: =IFERROR(__xludf.DUMMYFUNCTION("""COMPUTED_VALUE"""),66.63860395528268) -> 66.638604 | Y20: =IFERROR(__xludf.DUMMYFUNCTION("""COMPUTED_VALUE"""),0.9348645004118957) -> 0.9348645
A21: =IFERROR(__xludf.DUMMYFUNCTION("""COMPUTED_VALUE"""),46055.643042905096) -> 46055.643 | B21: =IFERROR(__xludf.DUMMYFUNCTION("""COMPUTED_VALUE"""),"Brynn Hornig") -> Brynn Hornig | C21: =IF( B21="", "", AND( B21=B20, K21=K20, M21=M20, ABS(D21 - F20) <= TIME(0,25,0) ) ) -> FALSE | D21: =IFERROR(__xludf.DUMMYFUNCTION("""COMPUTED_VALUE"""),0.5208333333357587) -> 0.52083333 | E21: =IFERROR(__xludf.DUMMYFUNCTION("""COMPUTED_VALUE"""),0.125) -> 0.125 | F21: =IFERROR(__xludf.DUMMYFUNCTION("""COMPUTED_VALUE"""),0.6458333333357587) -> 0.64583333 | G21: 0.125 | H21: =IFERROR(__xludf.DUMMYFUNCTION("""COMPUTED_VALUE"""),106.0) -> 106 | I21: 35.333333 | J21: Lunch | K21: =IFERROR(__xludf.DUMMYFUNCTION("""COMPUTED_VALUE"""),46055.0) -> 46055 | L21: =IFS( K21="","", WEEKDAY(K21)=1, "Sunday", WEEKDAY(K21)=2, "Monday", WEEKDAY(K21)=3, "Tuesday", WEEKDAY(K21)=4, "Wednesday", WEEKDAY(K21)=5, "Thursday", WEEKDAY(K21)=6, "Friday", WEEKDAY(K21)=7, "Saturday" ) -> Monday | M21: =IFERROR(__xludf.DUMMYFUNCTION("""COMPUTED_VALUE"""),"BF") -> BF | N21: 1.2462971 | O21: =IFERROR(__xludf.DUMMYFUNCTION("""COMPUTED_VALUE"""),"") | P21: =IFERROR(__xludf.DUMMYFUNCTION("""COMPUTED_VALUE"""),"") | Q21: =IFERROR(__xludf.DUMMYFUNCTION("""COMPUTED_VALUE"""),"") | R21: =IFERROR(__xludf.DUMMYFUNCTION("""COMPUTED_VALUE"""),"") | S21: =IFERROR(__xludf.DUMMYFUNCTION("""COMPUTED_VALUE"""),"") | T21: =IFERROR(__xludf.DUMMYFUNCTION("""COMPUTED_VALUE"""),"") | U21: =IFERROR(__xludf.DUMMYFUNCTION("""COMPUTED_VALUE"""),"") | V21: =IFERROR(__xludf.DUMMYFUNCTION("""COMPUTED_VALUE"""),"") | W21: =iferror(if(U21/(V21*24)=0,"",U21/(V21*24)),"") | X21: =IFERROR(__xludf.DUMMYFUNCTION("""COMPUTED_VALUE"""),"") | Y21: =IFERROR(__xludf.DUMMYFUNCTION("""COMPUTED_VALUE"""),"")
A22: =IFERROR(__xludf.DUMMYFUNCTION("""COMPUTED_VALUE"""),46055.7456662037) -> 46055.746 | B22: =IFERROR(__xludf.DUMMYFUNCTION("""COMPUTED_VALUE"""),"Orpheus Wilson") -> Orpheus Wilson | C22: =IF( B22="", "", AND( B22=B21, K22=K21, M22=M21, ABS(D22 - F21) <= TIME(0,25,0) ) ) -> FALSE | D22: =IFERROR(__xludf.DUMMYFUNCTION("""COMPUTED_VALUE"""),0.6666666666642413) -> 0.66666667 | E22: =IFERROR(__xludf.DUMMYFUNCTION("""COMPUTED_VALUE"""),0.07638888889050577) -> 0.076388889 | F22: =IFERROR(__xludf.DUMMYFUNCTION("""COMPUTED_VALUE"""),0.7430555555547471) -> 0.74305556 | G22: 0.076388889 | H22: =IFERROR(__xludf.DUMMYFUNCTION("""COMPUTED_VALUE"""),99.0) -> 99 | I22: 54 | J22: Dinner | K22: =IFERROR(__xludf.DUMMYFUNCTION("""COMPUTED_VALUE"""),46055.0) -> 46055 | L22: =IFS( K22="","", WEEKDAY(K22)=1, "Sunday", WEEKDAY(K22)=2, "Monday", WEEKDAY(K22)=3, "Tuesday", WEEKDAY(K22)=4, "Wednesday", WEEKDAY(K22)=5, "Thursday", WEEKDAY(K22)=6, "Friday", WEEKDAY(K22)=7, "Saturday" ) -> Monday | M22: =IFERROR(__xludf.DUMMYFUNCTION("""COMPUTED_VALUE"""),"MF") -> MF | N22: 1.1294837 | O22: =IFERROR(__xludf.DUMMYFUNCTION("""COMPUTED_VALUE"""),"") | P22: =IFERROR(__xludf.DUMMYFUNCTION("""COMPUTED_VALUE"""),"") | Q22: =IFERROR(__xludf.DUMMYFUNCTION("""COMPUTED_VALUE"""),"") | R22: =IFERROR(__xludf.DUMMYFUNCTION("""COMPUTED_VALUE"""),"") | S22: =IFERROR(__xludf.DUMMYFUNCTION("""COMPUTED_VALUE"""),"") | T22: =IFERROR(__xludf.DUMMYFUNCTION("""COMPUTED_VALUE"""),"") | U22: =IFERROR(__xludf.DUMMYFUNCTION("""COMPUTED_VALUE"""),"") | V22: =IFERROR(__xludf.DUMMYFUNCTION("""COMPUTED_VALUE"""),"") | W22: =iferror(if(U22/(V22*24)=0,"",U22/(V22*24)),"") | X22: =IFERROR(__xludf.DUMMYFUNCTION("""COMPUTED_VALUE"""),"") | Y22: =IFERROR(__xludf.DUMMYFUNCTION("""COMPUTED_VALUE"""),"")
A23: =IFERROR(__xludf.DUMMYFUNCTION("""COMPUTED_VALUE"""),46055.86231668982) -> 46055.862 | B23: =IFERROR(__xludf.DUMMYFUNCTION("""COMPUTED_VALUE"""),"Arjya Aich") -> Arjya Aich | C23: =IF( B23="", "", AND( B23=B22, K23=K22, M23=M22, ABS(D23 - F22) <= TIME(0,25,0) ) ) -> FALSE | D23: =IFERROR(__xludf.DUMMYFUNCTION("""COMPUTED_VALUE"""),0.6875) -> 0.6875 | E23: =IFERROR(__xludf.DUMMYFUNCTION("""COMPUTED_VALUE"""),0.17013888889050577) -> 0.17013889 | F23: =IFERROR(__xludf.DUMMYFUNCTION("""COMPUTED_VALUE"""),0.8576388888905058) -> 0.85763889 | G23: 0.17013889 | H23: =IFERROR(__xludf.DUMMYFUNCTION("""COMPUTED_VALUE"""),171.0) -> 171 | I23: 41.877551 | J23: Dinner | K23: =IFERROR(__xludf.DUMMYFUNCTION("""COMPUTED_VALUE"""),46055.0) -> 46055 | L23: =IFS( K23="","", WEEKDAY(K23)=1, "Sunday", WEEKDAY(K23)=2, "Monday", WEEKDAY(K23)=3, "Tuesday", WEEKDAY(K23)=4, "Wednesday", WEEKDAY(K23)=5, "Thursday", WEEKDAY(K23)=6, "Friday", WEEKDAY(K23)=7, "Saturday" ) -> Monday | M23: =IFERROR(__xludf.DUMMYFUNCTION("""COMPUTED_VALUE"""),"BF") -> BF | N23: 0.94251266 | O23: =IFERROR(__xludf.DUMMYFUNCTION("""COMPUTED_VALUE"""),"") | P23: =IFERROR(__xludf.DUMMYFUNCTION("""COMPUTED_VALUE"""),"") | Q23: =IFERROR(__xludf.DUMMYFUNCTION("""COMPUTED_VALUE"""),"") | R23: =IFERROR(__xludf.DUMMYFUNCTION("""COMPUTED_VALUE"""),"") | S23: =IFERROR(__xludf.DUMMYFUNCTION("""COMPUTED_VALUE"""),"") | T23: =IFERROR(__xludf.DUMMYFUNCTION("""COMPUTED_VALUE"""),"") | U23: =IFERROR(__xludf.DUMMYFUNCTION("""COMPUTED_VALUE"""),"") | V23: =IFERROR(__xludf.DUMMYFUNCTION("""COMPUTED_VALUE"""),"") | W23: =iferror(if(U23/(V23*24)=0,"",U23/(V23*24)),"") | X23: =IFERROR(__xludf.DUMMYFUNCTION("""COMPUTED_VALUE"""),"") | Y23: =IFERROR(__xludf.DUMMYFUNCTION("""COMPUTED_VALUE"""),"")
A24: =IFERROR(__xludf.DUMMYFUNCTION("""COMPUTED_VALUE"""),46055.86573452546) -> 46055.866 | B24: =IFERROR(__xludf.DUMMYFUNCTION("""COMPUTED_VALUE"""),"Maureen Surgot") -> Maureen Surgot | C24: =IF( B24="", "", AND( B24=B23, K24=K23, M24=M23, ABS(D24 - F23) <= TIME(0,25,0) ) ) -> FALSE | D24: =IFERROR(__xludf.DUMMYFUNCTION("""COMPUTED_VALUE"""),0.75) -> 0.75 | E24: =IFERROR(__xludf.DUMMYFUNCTION("""COMPUTED_VALUE"""),0.125) -> 0.125 | F24: =IFERROR(__xludf.DUMMYFUNCTION("""COMPUTED_VALUE"""),0.875) -> 0.875 | G24: 0.125 | H24: =IFERROR(__xludf.DUMMYFUNCTION("""COMPUTED_VALUE"""),144.0) -> 144 | I24: 48 | J24: Dinner | K24: =IFERROR(__xludf.DUMMYFUNCTION("""COMPUTED_VALUE"""),46055.0) -> 46055 | L24: =IFS( K24="","", WEEKDAY(K24)=1, "Sunday", WEEKDAY(K24)=2, "Monday", WEEKDAY(K24)=3, "Tuesday", WEEKDAY(K24)=4, "Wednesday", WEEKDAY(K24)=5, "Thursday", WEEKDAY(K24)=6, "Friday", WEEKDAY(K24)=7, "Saturday" ) -> Monday | M24: =IFERROR(__xludf.DUMMYFUNCTION("""COMPUTED_VALUE"""),"MF") -> MF | N24: 1.0039855 | O24: =IFERROR(__xludf.DUMMYFUNCTION("""COMPUTED_VALUE"""),243.0) -> 243 | P24: =IFERROR(__xludf.DUMMYFUNCTION("""COMPUTED_VALUE"""),277.0) -> 277 | Q24: =IFERROR(__xludf.DUMMYFUNCTION("""COMPUTED_VALUE"""),0.20138888889050577) -> 0.20138889 | R24: =IFERROR(__xludf.DUMMYFUNCTION("""COMPUTED_VALUE"""),0.29513888889050577) -> 0.29513889 | S24: =IFERROR(__xludf.DUMMYFUNCTION("""COMPUTED_VALUE"""),50.99999999942851) -> 51 | T24: =IFERROR(__xludf.DUMMYFUNCTION("""COMPUTED_VALUE"""),38.60544217667176) -> 38.605442 | U24: =IFERROR(__xludf.DUMMYFUNCTION("""COMPUTED_VALUE"""),520.0) -> 520 | V24: =IFERROR(__xludf.DUMMYFUNCTION("""COMPUTED_VALUE"""),0.49652777778101154) -> 0.49652778 | W24: =iferror(if(U24/(V24*24)=0,"",U24/(V24*24)),"") -> 43.636364 | X24: =IFERROR(__xludf.DUMMYFUNCTION("""COMPUTED_VALUE"""),44.802721088050134) -> 44.802721 | Y24: =IFERROR(__xludf.DUMMYFUNCTION("""COMPUTED_VALUE"""),0.8149750612897129) -> 0.81497506
A25: =IFERROR(__xludf.DUMMYFUNCTION("""COMPUTED_VALUE"""),46056.33595287037) -> 46056.336 | B25: =IFERROR(__xludf.DUMMYFUNCTION("""COMPUTED_VALUE"""),"Denise Romanszysn") -> Denise Romanszysn | C25: =IF( B25="", "", AND( B25=B24, K25=K24, M25=M24, ABS(D25 - F24) <= TIME(0,25,0) ) ) -> FALSE | D25: =IFERROR(__xludf.DUMMYFUNCTION("""COMPUTED_VALUE"""),0.29861111110949423) -> 0.29861111 | E25: =IFERROR(__xludf.DUMMYFUNCTION("""COMPUTED_VALUE"""),0.02916666666715173) -> 0.029166667 | F25: =IFERROR(__xludf.DUMMYFUNCTION("""COMPUTED_VALUE"""),0.32777777777664596) -> 0.32777778 | G25: 0.14513889 | H25: =IFERROR(__xludf.DUMMYFUNCTION("""COMPUTED_VALUE"""),34.0) -> 34 | I25: 39.043062 | J25: Breakfast | K25: =IFERROR(__xludf.DUMMYFUNCTION("""COMPUTED_VALUE"""),46056.0) -> 46056 | L25: =IFS( K25="","", WEEKDAY(K25)=1, "Sunday", WEEKDAY(K25)=2, "Monday", WEEKDAY(K25)=3, "Tuesday", WEEKDAY(K25)=4, "Wednesday", WEEKDAY(K25)=5, "Thursday", WEEKDAY(K25)=6, "Friday", WEEKDAY(K25)=7, "Saturday" ) -> Tuesday | M25: =IFERROR(__xludf.DUMMYFUNCTION("""COMPUTED_VALUE"""),"BF") -> BF | N25: 1.3771488 | O25: =IFERROR(__xludf.DUMMYFUNCTION("""COMPUTED_VALUE"""),"") | P25: =IFERROR(__xludf.DUMMYFUNCTION("""COMPUTED_VALUE"""),"") | Q25: =IFERROR(__xludf.DUMMYFUNCTION("""COMPUTED_VALUE"""),"") | R25: =IFERROR(__xludf.DUMMYFUNCTION("""COMPUTED_VALUE"""),"") | S25: =IFERROR(__xludf.DUMMYFUNCTION("""COMPUTED_VALUE"""),"") | T25: =IFERROR(__xludf.DUMMYFUNCTION("""COMPUTED_VALUE"""),"") | U25: =IFERROR(__xludf.DUMMYFUNCTION("""COMPUTED_VALUE"""),"") | V25: =IFERROR(__xludf.DUMMYFUNCTION("""COMPUTED_VALUE"""),"") | W25: =iferror(if(U25/(V25*24)=0,"",U25/(V25*24)),"") | X25: =IFERROR(__xludf.DUMMYFUNCTION("""COMPUTED_VALUE"""),"") | Y25: =IFERROR(__xludf.DUMMYFUNCTION("""COMPUTED_VALUE"""),"")
A26: =IFERROR(__xludf.DUMMYFUNCTION("""COMPUTED_VALUE"""),46056.49120446759) -> 46056.491 | B26: =IFERROR(__xludf.DUMMYFUNCTION("""COMPUTED_VALUE"""),"Denise Romanszysn") -> Denise Romanszysn | C26: =IF( B26="", "", AND( B26=B25, K26=K25, M26=M25, ABS(D26 - F25) <= TIME(0,25,0) ) ) -> TRUE | D26: =IFERROR(__xludf.DUMMYFUNCTION("""COMPUTED_VALUE"""),0.3312500000029104) -> 0.33125 | E26: =IFERROR(__xludf.DUMMYFUNCTION("""COMPUTED_VALUE"""),0.11597222222189885) -> 0.11597222 | F26: =IFERROR(__xludf.DUMMYFUNCTION("""COMPUTED_VALUE"""),0.44722222222480923) -> 0.44722222 | H26: =IFERROR(__xludf.DUMMYFUNCTION("""COMPUTED_VALUE"""),102.0) -> 102 | J26: Breakfast | K26: =IFERROR(__xludf.DUMMYFUNCTION("""COMPUTED_VALUE"""),46056.0) -> 46056 | L26: =IFS( K26="","", WEEKDAY(K26)=1, "Sunday", WEEKDAY(K26)=2, "Monday", WEEKDAY(K26)=3, "Tuesday", WEEKDAY(K26)=4, "Wednesday", WEEKDAY(K26)=5, "Thursday", WEEKDAY(K26)=6, "Friday", WEEKDAY(K26)=7, "Saturday" ) -> Tuesday | M26: =IFERROR(__xludf.DUMMYFUNCTION("""COMPUTED_VALUE"""),"BF") -> BF | O26: =IFERROR(__xludf.DUMMYFUNCTION("""COMPUTED_VALUE"""),"") | P26: =IFERROR(__xludf.DUMMYFUNCTION("""COMPUTED_VALUE"""),"") | Q26: =IFERROR(__xludf.DUMMYFUNCTION("""COMPUTED_VALUE"""),"") | R26: =IFERROR(__xludf.DUMMYFUNCTION("""COMPUTED_VALUE"""),"") | S26: =IFERROR(__xludf.DUMMYFUNCTION("""COMPUTED_VALUE"""),"") | T26: =IFERROR(__xludf.DUMMYFUNCTION("""COMPUTED_VALUE"""),"") | U26: =IFERROR(__xludf.DUMMYFUNCTION("""COMPUTED_VALUE"""),"") | V26: =IFERROR(__xludf.DUMMYFUNCTION("""COMPUTED_VALUE"""),"") | W26: =iferror(if(U26/(V26*24)=0,"",U26/(V26*24)),"") | X26: =IFERROR(__xludf.DUMMYFUNCTION("""COMPUTED_VALUE"""),"") | Y26: =IFERROR(__xludf.DUMMYFUNCTION("""COMPUTED_VALUE"""),"")
A27: =IFERROR(__xludf.DUMMYFUNCTION("""COMPUTED_VALUE"""),46056.59429493056) -> 46056.594 | B27: =IFERROR(__xludf.DUMMYFUNCTION("""COMPUTED_VALUE"""),"Kaylie Forgue") -> Kaylie Forgue | C27: =IF( B27="", "", AND( B27=B26, K27=K26, M27=M26, ABS(D27 - F26) <= TIME(0,25,0) ) ) -> FALSE | D27: =IFERROR(__xludf.DUMMYFUNCTION("""COMPUTED_VALUE"""),0.4444444444452529) -> 0.44444444 | E27: =IFERROR(__xludf.DUMMYFUNCTION("""COMPUTED_VALUE"""),0.07499999999708962) -> 0.075 | F27: =IFERROR(__xludf.DUMMYFUNCTION("""COMPUTED_VALUE"""),0.5194444444423425) -> 0.51944444 | G27: 0.075 | H27: =IFERROR(__xludf.DUMMYFUNCTION("""COMPUTED_VALUE"""),73.0) -> 73 | I27: 40.555556 | J27: Breakfast/Lunch | K27: =IFERROR(__xludf.DUMMYFUNCTION("""COMPUTED_VALUE"""),46056.0) -> 46056 | L27: =IFS( K27="","", WEEKDAY(K27)=1, "Sunday", WEEKDAY(K27)=2, "Monday", WEEKDAY(K27)=3, "Tuesday", WEEKDAY(K27)=4, "Wednesday", WEEKDAY(K27)=5, "Thursday", WEEKDAY(K27)=6, "Friday", WEEKDAY(K27)=7, "Saturday" ) -> Tuesday | M27: =IFERROR(__xludf.DUMMYFUNCTION("""COMPUTED_VALUE"""),"BF") -> BF | N27: 1.2917771 | O27: =IFERROR(__xludf.DUMMYFUNCTION("""COMPUTED_VALUE"""),"") | P27: =IFERROR(__xludf.DUMMYFUNCTION("""COMPUTED_VALUE"""),"") | Q27: =IFERROR(__xludf.DUMMYFUNCTION("""COMPUTED_VALUE"""),"") | R27: =IFERROR(__xludf.DUMMYFUNCTION("""COMPUTED_VALUE"""),"") | S27: =IFERROR(__xludf.DUMMYFUNCTION("""COMPUTED_VALUE"""),"") | T27: =IFERROR(__xludf.DUMMYFUNCTION("""COMPUTED_VALUE"""),"") | U27: =IFERROR(__xludf.DUMMYFUNCTION("""COMPUTED_VALUE"""),"") | V27: =IFERROR(__xludf.DUMMYFUNCTION("""COMPUTED_VALUE"""),"") | W27: =iferror(if(U27/(V27*24)=0,"",U27/(V27*24)),"") | X27: =IFERROR(__xludf.DUMMYFUNCTION("""COMPUTED_VALUE"""),"") | Y27: =IFERROR(__xludf.DUMMYFUNCTION("""COMPUTED_VALUE"""),"")
A28: =IFERROR(__xludf.DUMMYFUNCTION("""COMPUTED_VALUE"""),46056.55673972222) -> 46056.557 | B28: =IFERROR(__xludf.DUMMYFUNCTION("""COMPUTED_VALUE"""),"Kyra Turner") -> Kyra Turner | C28: =IF( B28="", "", AND( B28=B27, K28=K27, M28=M27, ABS(D28 - F27) <= TIME(0,25,0) ) ) -> FALSE | D28: =IFERROR(__xludf.DUMMYFUNCTION("""COMPUTED_VALUE"""),0.48402777777664596) -> 0.48402778 | E28: =IFERROR(__xludf.DUMMYFUNCTION("""COMPUTED_VALUE"""),0.07013888889196096) -> 0.070138889 | F28: =IFERROR(__xludf.DUMMYFUNCTION("""COMPUTED_VALUE"""),0.5541666666686069) -> 0.55416667 | G28: 0.13263889 | H28: =IFERROR(__xludf.DUMMYFUNCTION("""COMPUTED_VALUE"""),109.0) -> 109 | I28: 61.256545 | J28: Lunch | K28: =IFERROR(__xludf.DUMMYFUNCTION("""COMPUTED_VALUE"""),46056.0) -> 46056 | L28: =IFS( K28="","", WEEKDAY(K28)=1, "Sunday", WEEKDAY(K28)=2, "Monday", WEEKDAY(K28)=3, "Tuesday", WEEKDAY(K28)=4, "Wednesday", WEEKDAY(K28)=5, "Thursday", WEEKDAY(K28)=6, "Friday", WEEKDAY(K28)=7, "Saturday" ) -> Tuesday | M28: =IFERROR(__xludf.DUMMYFUNCTION("""COMPUTED_VALUE"""),"MF") -> MF | N28: 1.2183691 | O28: =IFERROR(__xludf.DUMMYFUNCTION("""COMPUTED_VALUE"""),"") | P28: =IFERROR(__xludf.DUMMYFUNCTION("""COMPUTED_VALUE"""),"") | Q28: =IFERROR(__xludf.DUMMYFUNCTION("""COMPUTED_VALUE"""),"") | R28: =IFERROR(__xludf.DUMMYFUNCTION("""COMPUTED_VALUE"""),"") | S28: =IFERROR(__xludf.DUMMYFUNCTION("""COMPUTED_VALUE"""),"") | T28: =IFERROR(__xludf.DUMMYFUNCTION("""COMPUTED_VALUE"""),"") | U28: =IFERROR(__xludf.DUMMYFUNCTION("""COMPUTED_VALUE"""),"") | V28: =IFERROR(__xludf.DUMMYFUNCTION("""COMPUTED_VALUE"""),"") | W28: =iferror(if(U28/(V28*24)=0,"",U28/(V28*24)),"") | X28: =IFERROR(__xludf.DUMMYFUNCTION("""COMPUTED_VALUE"""),"") | Y28: =IFERROR(__xludf.DUMMYFUNCTION("""COMPUTED_VALUE"""),"")
A29: =IFERROR(__xludf.DUMMYFUNCTION("""COMPUTED_VALUE"""),46056.62460309028) -> 46056.625 | B29: =IFERROR(__xludf.DUMMYFUNCTION("""COMPUTED_VALUE"""),"Kyra Turner") -> Kyra Turner | C29: =IF( B29="", "", AND( B29=B28, K29=K28, M29=M28, ABS(D29 - F28) <= TIME(0,25,0) ) ) -> TRUE | D29: =IFERROR(__xludf.DUMMYFUNCTION("""COMPUTED_VALUE"""),0.5597222222204437) -> 0.55972222 | E29: =IFERROR(__xludf.DUMMYFUNCTION("""COMPUTED_VALUE"""),0.0625) -> 0.0625 | F29: =IFERROR(__xludf.DUMMYFUNCTION("""COMPUTED_VALUE"""),0.6222222222204437) -> 0.62222222 | H29: =IFERROR(__xludf.DUMMYFUNCTION("""COMPUTED_VALUE"""),86.0) -> 86 | J29: Lunch | K29: =IFERROR(__xludf.DUMMYFUNCTION("""COMPUTED_VALUE"""),46056.0) -> 46056 | L29: =IFS( K29="","", WEEKDAY(K29)=1, "Sunday", WEEKDAY(K29)=2, "Monday", WEEKDAY(K29)=3, "Tuesday", WEEKDAY(K29)=4, "Wednesday", WEEKDAY(K29)=5, "Thursday", WEEKDAY(K29)=6, "Friday", WEEKDAY(K29)=7, "Saturday" ) -> Tuesday | M29: =IFERROR(__xludf.DUMMYFUNCTION("""COMPUTED_VALUE"""),"MF") -> MF | O29: =IFERROR(__xludf.DUMMYFUNCTION("""COMPUTED_VALUE"""),"") | P29: =IFERROR(__xludf.DUMMYFUNCTION("""COMPUTED_VALUE"""),"") | Q29: =IFERROR(__xludf.DUMMYFUNCTION("""COMPUTED_VALUE"""),"") | R29: =IFERROR(__xludf.DUMMYFUNCTION("""COMPUTED_VALUE"""),"") | S29: =IFERROR(__xludf.DUMMYFUNCTION("""COMPUTED_VALUE"""),"") | T29: =IFERROR(__xludf.DUMMYFUNCTION("""COMPUTED_VALUE"""),"") | U29: =IFERROR(__xludf.DUMMYFUNCTION("""COMPUTED_VALUE"""),"") | V29: =IFERROR(__xludf.DUMMYFUNCTION("""COMPUTED_VALUE"""),"") | W29: =iferror(if(U29/(V29*24)=0,"",U29/(V29*24)),"") | X29: =IFERROR(__xludf.DUMMYFUNCTION("""COMPUTED_VALUE"""),"") | Y29: =IFERROR(__xludf.DUMMYFUNCTION("""COMPUTED_VALUE"""),"")
A30: =IFERROR(__xludf.DUMMYFUNCTION("""COMPUTED_VALUE"""),46056.83776568287) -> 46056.838 | B30: =IFERROR(__xludf.DUMMYFUNCTION("""COMPUTED_VALUE"""),"Leah Bucci") -> Leah Bucci | C30: =IF( B30="", "", AND( B30=B29, K30=K29, M30=M29, ABS(D30 - F29) <= TIME(0,25,0) ) ) -> FALSE | D30: =IFERROR(__xludf.DUMMYFUNCTION("""COMPUTED_VALUE"""),0.6875) -> 0.6875 | E30: =IFERROR(__xludf.DUMMYFUNCTION("""COMPUTED_VALUE"""),0.0625) -> 0.0625 | F30: =IFERROR(__xludf.DUMMYFUNCTION("""COMPUTED_VALUE"""),0.75) -> 0.75 | G30: 0.14930556 | H30: =IFERROR(__xludf.DUMMYFUNCTION("""COMPUTED_VALUE"""),154.0) -> 154 | I30: 60.55814 | J30: Dinner | K30: =IFERROR(__xludf.DUMMYFUNCTION("""COMPUTED_VALUE"""),46056.0) -> 46056 | L30: =IFS( K30="","", WEEKDAY(K30)=1, "Sunday", WEEKDAY(K30)=2, "Monday", WEEKDAY(K30)=3, "Tuesday", WEEKDAY(K30)=4, "Wednesday", WEEKDAY(K30)=5, "Thursday", WEEKDAY(K30)=6, "Friday", WEEKDAY(K30)=7, "Saturday" ) -> Tuesday | M30: =IFERROR(__xludf.DUMMYFUNCTION("""COMPUTED_VALUE"""),"BF") -> BF | N30: 1.3629453 | O30: =IFERROR(__xludf.DUMMYFUNCTION("""COMPUTED_VALUE"""),"") | P30: =IFERROR(__xludf.DUMMYFUNCTION("""COMPUTED_VALUE"""),"") | Q30: =IFERROR(__xludf.DUMMYFUNCTION("""COMPUTED_VALUE"""),"") | R30: =IFERROR(__xludf.DUMMYFUNCTION("""COMPUTED_VALUE"""),"") | S30: =IFERROR(__xludf.DUMMYFUNCTION("""COMPUTED_VALUE"""),"") | T30: =IFERROR(__xludf.DUMMYFUNCTION("""COMPUTED_VALUE"""),"") | U30: =IFERROR(__xludf.DUMMYFUNCTION("""COMPUTED_VALUE"""),"") | V30: =IFERROR(__xludf.DUMMYFUNCTION("""COMPUTED_VALUE"""),"") | W30: =iferror(if(U30/(V30*24)=0,"",U30/(V30*24)),"") | X30: =IFERROR(__xludf.DUMMYFUNCTION("""COMPUTED_VALUE"""),"") | Y30: =IFERROR(__xludf.DUMMYFUNCTION("""COMPUTED_VALUE"""),"")
A31: =IFERROR(__xludf.DUMMYFUNCTION("""COMPUTED_VALUE"""),46056.83851019676) -> 46056.839 | B31: =IFERROR(__xludf.DUMMYFUNCTION("""COMPUTED_VALUE"""),"Leah Bucci") -> Leah Bucci | C31: =IF( B31="", "", AND( B31=B30, K31=K30, M31=M30, ABS(D31 - F30) <= TIME(0,25,0) ) ) -> TRUE | D31: =IFERROR(__xludf.DUMMYFUNCTION("""COMPUTED_VALUE"""),0.7534722222189885) -> 0.75347222 | E31: =IFERROR(__xludf.DUMMYFUNCTION("""COMPUTED_VALUE"""),0.08680555556202307) -> 0.086805556 | F31: =IFERROR(__xludf.DUMMYFUNCTION("""COMPUTED_VALUE"""),0.8402777777810115) -> 0.84027778 | H31: =IFERROR(__xludf.DUMMYFUNCTION("""COMPUTED_VALUE"""),63.0) -> 63 | J31: Dinner | K31: =IFERROR(__xludf.DUMMYFUNCTION("""COMPUTED_VALUE"""),46056.0) -> 46056 | L31: =IFS( K31="","", WEEKDAY(K31)=1, "Sunday", WEEKDAY(K31)=2, "Monday", WEEKDAY(K31)=3, "Tuesday", WEEKDAY(K31)=4, "Wednesday", WEEKDAY(K31)=5, "Thursday", WEEKDAY(K31)=6, "Friday", WEEKDAY(K31)=7, "Saturday" ) -> Tuesday | M31: =IFERROR(__xludf.DUMMYFUNCTION("""COMPUTED_VALUE"""),"BF") -> BF | O31: =IFERROR(__xludf.DUMMYFUNCTION("""COMPUTED_VALUE"""),"") | P31: =IFERROR(__xludf.DUMMYFUNCTION("""COMPUTED_VALUE"""),"") | Q31: =IFERROR(__xludf.DUMMYFUNCTION("""COMPUTED_VALUE"""),"") | R31: =IFERROR(__xludf.DUMMYFUNCTION("""COMPUTED_VALUE"""),"") | S31: =IFERROR(__xludf.DUMMYFUNCTION("""COMPUTED_VALUE"""),"") | T31: =IFERROR(__xludf.DUMMYFUNCTION("""COMPUTED_VALUE"""),"") | U31: =IFERROR(__xludf.DUMMYFUNCTION("""COMPUTED_VALUE"""),"") | V31: =IFERROR(__xludf.DUMMYFUNCTION("""COMPUTED_VALUE"""),"") | W31: =iferror(if(U31/(V31*24)=0,"",U31/(V31*24)),"") | X31: =IFERROR(__xludf.DUMMYFUNCTION("""COMPUTED_VALUE"""),"") | Y31: =IFERROR(__xludf.DUMMYFUNCTION("""COMPUTED_VALUE"""),"")
A32: =IFERROR(__xludf.DUMMYFUNCTION("""COMPUTED_VALUE"""),46056.84040743056) -> 46056.84 | B32: =IFERROR(__xludf.DUMMYFUNCTION("""COMPUTED_VALUE"""),"Alexis Sylvestre") -> Alexis Sylvestre | C32: =IF( B32="", "", AND( B32=B31, K32=K31, M32=M31, ABS(D32 - F31) <= TIME(0,25,0) ) ) -> FALSE | D32: =IFERROR(__xludf.DUMMYFUNCTION("""COMPUTED_VALUE"""),0.6666666666642413) -> 0.66666667 | E32: =IFERROR(__xludf.DUMMYFUNCTION("""COMPUTED_VALUE"""),0.0847222222291748) -> 0.084722222 | F32: =IFERROR(__xludf.DUMMYFUNCTION("""COMPUTED_VALUE"""),0.7513888888934162) -> 0.75138889 | G32: 0.084722222 | H32: =IFERROR(__xludf.DUMMYFUNCTION("""COMPUTED_VALUE"""),99.0) -> 99 | I32: 48.688525 | J32: Dinner | K32: =IFERROR(__xludf.DUMMYFUNCTION("""COMPUTED_VALUE"""),46056.0) -> 46056 | L32: =IFS( K32="","", WEEKDAY(K32)=1, "Sunday", WEEKDAY(K32)=2, "Monday", WEEKDAY(K32)=3, "Tuesday", WEEKDAY(K32)=4, "Wednesday", WEEKDAY(K32)=5, "Thursday", WEEKDAY(K32)=6, "Friday", WEEKDAY(K32)=7, "Saturday" ) -> Tuesday | M32: =IFERROR(__xludf.DUMMYFUNCTION("""COMPUTED_VALUE"""),"MF") -> MF | N32: 1.018387 | O32: =IFERROR(__xludf.DUMMYFUNCTION("""COMPUTED_VALUE"""),"") | P32: =IFERROR(__xludf.DUMMYFUNCTION("""COMPUTED_VALUE"""),"") | Q32: =IFERROR(__xludf.DUMMYFUNCTION("""COMPUTED_VALUE"""),"") | R32: =IFERROR(__xludf.DUMMYFUNCTION("""COMPUTED_VALUE"""),"") | S32: =IFERROR(__xludf.DUMMYFUNCTION("""COMPUTED_VALUE"""),"") | T32: =IFERROR(__xludf.DUMMYFUNCTION("""COMPUTED_VALUE"""),"") | U32: =IFERROR(__xludf.DUMMYFUNCTION("""COMPUTED_VALUE"""),"") | V32: =IFERROR(__xludf.DUMMYFUNCTION("""COMPUTED_VALUE"""),"") | W32: =iferror(if(U32/(V32*24)=0,"",U32/(V32*24)),"") | X32: =IFERROR(__xludf.DUMMYFUNCTION("""COMPUTED_VALUE"""),"") | Y32: =IFERROR(__xludf.DUMMYFUNCTION("""COMPUTED_VALUE"""),"")
A33: =IFERROR(__xludf.DUMMYFUNCTION("""COMPUTED_VALUE"""),46057.062216307866) -> 46057.062 | B33: =IFERROR(__xludf.DUMMYFUNCTION("""COMPUTED_VALUE"""),"Arjya Aich") -> Arjya Aich | C33: =IF( B33="", "", AND( B33=B32, K33=K32, M33=M32, ABS(D33 - F32) <= TIME(0,25,0) ) ) -> FALSE | D33: =IFERROR(__xludf.DUMMYFUNCTION("""COMPUTED_VALUE"""),0.7916666666642413) -> 0.79166667 | E33: =IFERROR(__xludf.DUMMYFUNCTION("""COMPUTED_VALUE"""),0.08333333333575865) -> 0.083333333 | F33: =IFERROR(__xludf.DUMMYFUNCTION("""COMPUTED_VALUE"""),0.875) -> 0.875 | G33: 0.083333333 | H33: =IFERROR(__xludf.DUMMYFUNCTION("""COMPUTED_VALUE"""),89.0) -> 89 | I33: 44.5 | J33: Dinner | K33: =IFERROR(__xludf.DUMMYFUNCTION("""COMPUTED_VALUE"""),46056.0) -> 46056 | L33: =IFS( K33="","", WEEKDAY(K33)=1, "Sunday", WEEKDAY(K33)=2, "Monday", WEEKDAY(K33)=3, "Tuesday", WEEKDAY(K33)=4, "Wednesday", WEEKDAY(K33)=5, "Thursday", WEEKDAY(K33)=6, "Friday", WEEKDAY(K33)=7, "Saturday" ) -> Tuesday | M33: =IFERROR(__xludf.DUMMYFUNCTION("""COMPUTED_VALUE"""),"MF") -> MF | N33: 0.93077827 | O33: =IFERROR(__xludf.DUMMYFUNCTION("""COMPUTED_VALUE"""),"") | P33: =IFERROR(__xludf.DUMMYFUNCTION("""COMPUTED_VALUE"""),"") | Q33: =IFERROR(__xludf.DUMMYFUNCTION("""COMPUTED_VALUE"""),"") | R33: =IFERROR(__xludf.DUMMYFUNCTION("""COMPUTED_VALUE"""),"") | S33: =IFERROR(__xludf.DUMMYFUNCTION("""COMPUTED_VALUE"""),"") | T33: =IFERROR(__xludf.DUMMYFUNCTION("""COMPUTED_VALUE"""),"") | U33: =IFERROR(__xludf.DUMMYFUNCTION("""COMPUTED_VALUE"""),"") | V33: =IFERROR(__xludf.DUMMYFUNCTION("""COMPUTED_VALUE"""),"") | W33: =iferror(if(U33/(V33*24)=0,"",U33/(V33*24)),"") | X33: =IFERROR(__xludf.DUMMYFUNCTION("""COMPUTED_VALUE"""),"") | Y33: =IFERROR(__xludf.DUMMYFUNCTION("""COMPUTED_VALUE"""),"")
A34: =IFERROR(__xludf.DUMMYFUNCTION("""COMPUTED_VALUE"""),46057.37776274305) -> 46057.378 | B34: =IFERROR(__xludf.DUMMYFUNCTION("""COMPUTED_VALUE"""),"Oluwatimilehin Shodipe") -> Oluwatimilehin Shodipe | C34: =IF( B34="", "", AND( B34=B33, K34=K33, M34=M33, ABS(D34 - F33) <= TIME(0,25,0) ) ) -> FALSE | D34: =IFERROR(__xludf.DUMMYFUNCTION("""COMPUTED_VALUE"""),0.5243055555547471) -> 0.52430556 | E34: =IFERROR(__xludf.DUMMYFUNCTION("""COMPUTED_VALUE"""),0.12152777777858625) -> 0.12152778 | F34: =IFERROR(__xludf.DUMMYFUNCTION("""COMPUTED_VALUE"""),0.6458333333333334) -> 0.64583333 | G34: 0.12152778 | H34: =IFERROR(__xludf.DUMMYFUNCTION("""COMPUTED_VALUE"""),81.0) -> 81 | I34: 27.771429 | J34: Lunch | K34: =IFERROR(__xludf.DUMMYFUNCTION("""COMPUTED_VALUE"""),46056.0) -> 46056 | L34: =IFS( K34="","", WEEKDAY(K34)=1, "Sunday", WEEKDAY(K34)=2, "Monday", WEEKDAY(K34)=3, "Tuesday", WEEKDAY(K34)=4, "Wednesday", WEEKDAY(K34)=5, "Thursday", WEEKDAY(K34)=6, "Friday", WEEKDAY(K34)=7, "Saturday" ) -> Tuesday | M34: =IFERROR(__xludf.DUMMYFUNCTION("""COMPUTED_VALUE"""),"BF") -> BF | N34: 0.9795694 | O34: =IFERROR(__xludf.DUMMYFUNCTION("""COMPUTED_VALUE"""),383.0) -> 383 | P34: =IFERROR(__xludf.DUMMYFUNCTION("""COMPUTED_VALUE"""),507.0) -> 507 | Q34: =IFERROR(__xludf.DUMMYFUNCTION("""COMPUTED_VALUE"""),0.3006944444568944) -> 0.30069444 | R34: =IFERROR(__xludf.DUMMYFUNCTION("""COMPUTED_VALUE"""),0.4909722222267495) -> 0.49097222 | S34: =IFERROR(__xludf.DUMMYFUNCTION("""COMPUTED_VALUE"""),51.48168969535743) -> 51.48169 | T34: =IFERROR(__xludf.DUMMYFUNCTION("""COMPUTED_VALUE"""),41.98204646538677) -> 41.982046 | U34: =IFERROR(__xludf.DUMMYFUNCTION("""COMPUTED_VALUE"""),890.0) -> 890 | V34: =IFERROR(__xludf.DUMMYFUNCTION("""COMPUTED_VALUE"""),0.7916666666836439) -> 0.79166667 | W34: =iferror(if(U34/(V34*24)=0,"",U34/(V34*24)),"") -> 46.842105 | X34: =IFERROR(__xludf.DUMMYFUNCTION("""COMPUTED_VALUE"""),46.053322135374195) -> 46.053322 | Y34: =IFERROR(__xludf.DUMMYFUNCTION("""COMPUTED_VALUE"""),0.638093783355412) -> 0.63809378
A35: =IFERROR(__xludf.DUMMYFUNCTION("""COMPUTED_VALUE"""),46057.389669236116) -> 46057.39 | B35: =IFERROR(__xludf.DUMMYFUNCTION("""COMPUTED_VALUE"""),"Kaylie Forgue") -> Kaylie Forgue | C35: =IF( B35="", "", AND( B35=B34, K35=K34, M35=M34, ABS(D35 - F34) <= TIME(0,25,0) ) ) -> FALSE | D35: =IFERROR(__xludf.DUMMYFUNCTION("""COMPUTED_VALUE"""),0.3118055555532919) -> 0.31180556 | E35: =IFERROR(__xludf.DUMMYFUNCTION("""COMPUTED_VALUE"""),0.05625000000145519) -> 0.05625 | F35: =IFERROR(__xludf.DUMMYFUNCTION("""COMPUTED_VALUE"""),0.3680555555547471) -> 0.36805556 | G35: 0.05625 | H35: =IFERROR(__xludf.DUMMYFUNCTION("""COMPUTED_VALUE"""),92.0) -> 92 | I35: 68.148148 | J35: Breakfast | K35: =IFERROR(__xludf.DUMMYFUNCTION("""COMPUTED_VALUE"""),46057.0) -> 46057 | L35: =IFS( K35="","", WEEKDAY(K35)=1, "Sunday", WEEKDAY(K35)=2, "Monday", WEEKDAY(K35)=3, "Tuesday", WEEKDAY(K35)=4, "Wednesday", WEEKDAY(K35)=5, "Thursday", WEEKDAY(K35)=6, "Friday", WEEKDAY(K35)=7, "Saturday" ) -> Wednesday | M35: =IFERROR(__xludf.DUMMYFUNCTION("""COMPUTED_VALUE"""),"BF") -> BF | N35: 2.4037597 | O35: =IFERROR(__xludf.DUMMYFUNCTION("""COMPUTED_VALUE"""),"") | P35: =IFERROR(__xludf.DUMMYFUNCTION("""COMPUTED_VALUE"""),"") | Q35: =IFERROR(__xludf.DUMMYFUNCTION("""COMPUTED_VALUE"""),"") | R35: =IFERROR(__xludf.DUMMYFUNCTION("""COMPUTED_VALUE"""),"") | S35: =IFERROR(__xludf.DUMMYFUNCTION("""COMPUTED_VALUE"""),"") | T35: =IFERROR(__xludf.DUMMYFUNCTION("""COMPUTED_VALUE"""),"") | U35: =IFERROR(__xludf.DUMMYFUNCTION("""COMPUTED_VALUE"""),"") | V35: =IFERROR(__xludf.DUMMYFUNCTION("""COMPUTED_VALUE"""),"") | W35: =iferror(if(U35/(V35*24)=0,"",U35/(V35*24)),"") | X35: =IFERROR(__xludf.DUMMYFUNCTION("""COMPUTED_VALUE"""),"") | Y35: =IFERROR(__xludf.DUMMYFUNCTION("""COMPUTED_VALUE"""),"")
A36: =IFERROR(__xludf.DUMMYFUNCTION("""COMPUTED_VALUE"""),46057.537840868055) -> 46057.538 | B36: =IFERROR(__xludf.DUMMYFUNCTION("""COMPUTED_VALUE"""),"Oluwatimilehin Shodipe") -> Oluwatimilehin Shodipe | C36: =IF( B36="", "", AND( B36=B35, K36=K35, M36=M35, ABS(D36 - F35) <= TIME(0,25,0) ) ) -> FALSE | D36: =IFERROR(__xludf.DUMMYFUNCTION("""COMPUTED_VALUE"""),0.47916666666424135) -> 0.47916667 | E36: =IFERROR(__xludf.DUMMYFUNCTION("""COMPUTED_VALUE"""),0.05902777778101154) -> 0.059027778 | F36: =IFERROR(__xludf.DUMMYFUNCTION("""COMPUTED_VALUE"""),0.5381944444452529) -> 0.53819444 | G36: 0.059027778 | H36: =IFERROR(__xludf.DUMMYFUNCTION("""COMPUTED_VALUE"""),65.0) -> 65 | I36: 45.882353 | J36: Lunch | K36: =IFERROR(__xludf.DUMMYFUNCTION("""COMPUTED_VALUE"""),46057.0) -> 46057 | L36: =IFS( K36="","", WEEKDAY(K36)=1, "Sunday", WEEKDAY(K36)=2, "Monday", WEEKDAY(K36)=3, "Tuesday", WEEKDAY(K36)=4, "Wednesday", WEEKDAY(K36)=5, "Thursday", WEEKDAY(K36)=6, "Friday", WEEKDAY(K36)=7, "Saturday" ) -> Wednesday | M36: =IFERROR(__xludf.DUMMYFUNCTION("""COMPUTED_VALUE"""),"MF") -> MF | N36: 0.91258233 | O36: =IFERROR(__xludf.DUMMYFUNCTION("""COMPUTED_VALUE"""),"") | P36: =IFERROR(__xludf.DUMMYFUNCTION("""COMPUTED_VALUE"""),"") | Q36: =IFERROR(__xludf.DUMMYFUNCTION("""COMPUTED_VALUE"""),"") | R36: =IFERROR(__xludf.DUMMYFUNCTION("""COMPUTED_VALUE"""),"") | S36: =IFERROR(__xludf.DUMMYFUNCTION("""COMPUTED_VALUE"""),"") | T36: =IFERROR(__xludf.DUMMYFUNCTION("""COMPUTED_VALUE"""),"") | U36: =IFERROR(__xludf.DUMMYFUNCTION("""COMPUTED_VALUE"""),"") | V36: =IFERROR(__xludf.DUMMYFUNCTION("""COMPUTED_VALUE"""),"") | W36: =iferror(if(U36/(V36*24)=0,"",U36/(V36*24)),"") | X36: =IFERROR(__xludf.DUMMYFUNCTION("""COMPUTED_VALUE"""),"") | Y36: =IFERROR(__xludf.DUMMYFUNCTION("""COMPUTED_VALUE"""),"")
A37: =IFERROR(__xludf.DUMMYFUNCTION("""COMPUTED_VALUE"""),46057.62108427084) -> 46057.621 | B37: =IFERROR(__xludf.DUMMYFUNCTION("""COMPUTED_VALUE"""),"Evan Morgan") -> Evan Morgan | C37: =IF( B37="", "", AND( B37=B36, K37=K36, M37=M36, ABS(D37 - F36) <= TIME(0,25,0) ) ) -> FALSE | D37: =IFERROR(__xludf.DUMMYFUNCTION("""COMPUTED_VALUE"""),0.5416666666642413) -> 0.54166667 | E37: =IFERROR(__xludf.DUMMYFUNCTION("""COMPUTED_VALUE"""),0.07916666667006211) -> 0.079166667 | F37: =IFERROR(__xludf.DUMMYFUNCTION("""COMPUTED_VALUE"""),0.6208333333343035) -> 0.62083333 | G37: 0.079166667 | H37: =IFERROR(__xludf.DUMMYFUNCTION("""COMPUTED_VALUE"""),90.0) -> 90 | I37: 47.368421 | J37: Lunch | K37: =IFERROR(__xludf.DUMMYFUNCTION("""COMPUTED_VALUE"""),46057.0) -> 46057 | L37: =IFS( K37="","", WEEKDAY(K37)=1, "Sunday", WEEKDAY(K37)=2, "Monday", WEEKDAY(K37)=3, "Tuesday", WEEKDAY(K37)=4, "Wednesday", WEEKDAY(K37)=5, "Thursday", WEEKDAY(K37)=6, "Friday", WEEKDAY(K37)=7, "Saturday" ) -> Wednesday | M37: =IFERROR(__xludf.DUMMYFUNCTION("""COMPUTED_VALUE"""),"MF") -> MF | N37: 0.94213965 | O37: =IFERROR(__xludf.DUMMYFUNCTION("""COMPUTED_VALUE"""),"") | P37: =IFERROR(__xludf.DUMMYFUNCTION("""COMPUTED_VALUE"""),"") | Q37: =IFERROR(__xludf.DUMMYFUNCTION("""COMPUTED_VALUE"""),"") | R37: =IFERROR(__xludf.DUMMYFUNCTION("""COMPUTED_VALUE"""),"") | S37: =IFERROR(__xludf.DUMMYFUNCTION("""COMPUTED_VALUE"""),"") | T37: =IFERROR(__xludf.DUMMYFUNCTION("""COMPUTED_VALUE"""),"") | U37: =IFERROR(__xludf.DUMMYFUNCTION("""COMPUTED_VALUE"""),"") | V37: =IFERROR(__xludf.DUMMYFUNCTION("""COMPUTED_VALUE"""),"") | W37: =iferror(if(U37/(V37*24)=0,"",U37/(V37*24)),"") | X37: =IFERROR(__xludf.DUMMYFUNCTION("""COMPUTED_VALUE"""),"") | Y37: =IFERROR(__xludf.DUMMYFUNCTION("""COMPUTED_VALUE"""),"")
A38: =IFERROR(__xludf.DUMMYFUNCTION("""COMPUTED_VALUE"""),46057.642263553236) -> 46057.642 | B38: =IFERROR(__xludf.DUMMYFUNCTION("""COMPUTED_VALUE"""),"Arjya Aich") -> Arjya Aich | C38: =IF( B38="", "", AND( B38=B37, K38=K37, M38=M37, ABS(D38 - F37) <= TIME(0,25,0) ) ) -> FALSE | D38: =IFERROR(__xludf.DUMMYFUNCTION("""COMPUTED_VALUE"""),0.5) -> 0.5 | E38: =IFERROR(__xludf.DUMMYFUNCTION("""COMPUTED_VALUE"""),0.14583333333575865) -> 0.14583333 | F38: =IFERROR(__xludf.DUMMYFUNCTION("""COMPUTED_VALUE"""),0.6458333333357587) -> 0.64583333 | G38: 0.14583333 | H38: =IFERROR(__xludf.DUMMYFUNCTION("""COMPUTED_VALUE"""),19.0) -> 19 | I38: 5.4285714 | J38: Lunch | K38: =IFERROR(__xludf.DUMMYFUNCTION("""COMPUTED_VALUE"""),46057.0) -> 46057 | L38: =IFS( K38="","", WEEKDAY(K38)=1, "Sunday", WEEKDAY(K38)=2, "Monday", WEEKDAY(K38)=3, "Tuesday", WEEKDAY(K38)=4, "Wednesday", WEEKDAY(K38)=5, "Thursday", WEEKDAY(K38)=6, "Friday", WEEKDAY(K38)=7, "Saturday" ) -> Wednesday | M38: =IFERROR(__xludf.DUMMYFUNCTION("""COMPUTED_VALUE"""),"BF") -> BF | N38: 0.19147962 | O38: =IFERROR(__xludf.DUMMYFUNCTION("""COMPUTED_VALUE"""),"") | P38: =IFERROR(__xludf.DUMMYFUNCTION("""COMPUTED_VALUE"""),"") | Q38: =IFERROR(__xludf.DUMMYFUNCTION("""COMPUTED_VALUE"""),"") | R38: =IFERROR(__xludf.DUMMYFUNCTION("""COMPUTED_VALUE"""),"") | S38: =IFERROR(__xludf.DUMMYFUNCTION("""COMPUTED_VALUE"""),"") | T38: =IFERROR(__xludf.DUMMYFUNCTION("""COMPUTED_VALUE"""),"") | U38: =IFERROR(__xludf.DUMMYFUNCTION("""COMPUTED_VALUE"""),"") | V38: =IFERROR(__xludf.DUMMYFUNCTION("""COMPUTED_VALUE"""),"") | W38: =iferror(if(U38/(V38*24)=0,"",U38/(V38*24)),"") | X38: =IFERROR(__xludf.DUMMYFUNCTION("""COMPUTED_VALUE"""),"") | Y38: =IFERROR(__xludf.DUMMYFUNCTION("""COMPUTED_VALUE"""),"")
A39: =IFERROR(__xludf.DUMMYFUNCTION("""COMPUTED_VALUE"""),46057.736328935185) -> 46057.736 | B39: =IFERROR(__xludf.DUMMYFUNCTION("""COMPUTED_VALUE"""),"Evan Morgan") -> Evan Morgan | C39: =IF( B39="", "", AND( B39=B38, K39=K38, M39=M38, ABS(D39 - F38) <= TIME(0,25,0) ) ) -> FALSE | D39: =IFERROR(__xludf.DUMMYFUNCTION("""COMPUTED_VALUE"""),0.6666666666642413) -> 0.66666667 | E39: =IFERROR(__xludf.DUMMYFUNCTION("""COMPUTED_VALUE"""),0.0729166666715173) -> 0.072916667 | F39: =IFERROR(__xludf.DUMMYFUNCTION("""COMPUTED_VALUE"""),0.7395833333357587) -> 0.73958333 | G39: 0.072916667 | H39: =IFERROR(__xludf.DUMMYFUNCTION("""COMPUTED_VALUE"""),58.0) -> 58 | I39: 33.142857 | J39: Dinner | K39: =IFERROR(__xludf.DUMMYFUNCTION("""COMPUTED_VALUE"""),46057.0) -> 46057 | L39: =IFS( K39="","", WEEKDAY(K39)=1, "Sunday", WEEKDAY(K39)=2, "Monday", WEEKDAY(K39)=3, "Tuesday", WEEKDAY(K39)=4, "Wednesday", WEEKDAY(K39)=5, "Thursday", WEEKDAY(K39)=6, "Friday", WEEKDAY(K39)=7, "Saturday" ) -> Wednesday | M39: =IFERROR(__xludf.DUMMYFUNCTION("""COMPUTED_VALUE"""),"MF") -> MF | N39: 0.69322812 | O39: =IFERROR(__xludf.DUMMYFUNCTION("""COMPUTED_VALUE"""),"") | P39: =IFERROR(__xludf.DUMMYFUNCTION("""COMPUTED_VALUE"""),"") | Q39: =IFERROR(__xludf.DUMMYFUNCTION("""COMPUTED_VALUE"""),"") | R39: =IFERROR(__xludf.DUMMYFUNCTION("""COMPUTED_VALUE"""),"") | S39: =IFERROR(__xludf.DUMMYFUNCTION("""COMPUTED_VALUE"""),"") | T39: =IFERROR(__xludf.DUMMYFUNCTION("""COMPUTED_VALUE"""),"") | U39: =IFERROR(__xludf.DUMMYFUNCTION("""COMPUTED_VALUE"""),"") | V39: =IFERROR(__xludf.DUMMYFUNCTION("""COMPUTED_VALUE"""),"") | W39: =iferror(if(U39/(V39*24)=0,"",U39/(V39*24)),"") | X39: =IFERROR(__xludf.DUMMYFUNCTION("""COMPUTED_VALUE"""),"") | Y39: =IFERROR(__xludf.DUMMYFUNCTION("""COMPUTED_VALUE"""),"")
A40: =IFERROR(__xludf.DUMMYFUNCTION("""COMPUTED_VALUE"""),46057.84896283565) -> 46057.849 | B40: =IFERROR(__xludf.DUMMYFUNCTION("""COMPUTED_VALUE"""),"Maureen Surgot") -> Maureen Surgot | C40: =IF( B40="", "", AND( B40=B39, K40=K39, M40=M39, ABS(D40 - F39) <= TIME(0,25,0) ) ) -> FALSE | D40: =IFERROR(__xludf.DUMMYFUNCTION("""COMPUTED_VALUE"""),0.6875) -> 0.6875 | E40: =IFERROR(__xludf.DUMMYFUNCTION("""COMPUTED_VALUE"""),0.16666666666424135) -> 0.16666667 | F40: =IFERROR(__xludf.DUMMYFUNCTION("""COMPUTED_VALUE"""),0.8541666666642413) -> 0.85416667 | G40: 0.16666667 | H40: =IFERROR(__xludf.DUMMYFUNCTION("""COMPUTED_VALUE"""),210.0) -> 210 | I40: 52.5 | J40: Dinner | K40: =IFERROR(__xludf.DUMMYFUNCTION("""COMPUTED_VALUE"""),46057.0) -> 46057 | L40: =IFS( K40="","", WEEKDAY(K40)=1, "Sunday", WEEKDAY(K40)=2, "Monday", WEEKDAY(K40)=3, "Tuesday", WEEKDAY(K40)=4, "Wednesday", WEEKDAY(K40)=5, "Thursday", WEEKDAY(K40)=6, "Friday", WEEKDAY(K40)=7, "Saturday" ) -> Wednesday | M40: =IFERROR(__xludf.DUMMYFUNCTION("""COMPUTED_VALUE"""),"BF") -> BF | N40: 1.1815857 | O40: =IFERROR(__xludf.DUMMYFUNCTION("""COMPUTED_VALUE"""),"") | P40: =IFERROR(__xludf.DUMMYFUNCTION("""COMPUTED_VALUE"""),"") | Q40: =IFERROR(__xludf.DUMMYFUNCTION("""COMPUTED_VALUE"""),"") | R40: =IFERROR(__xludf.DUMMYFUNCTION("""COMPUTED_VALUE"""),"") | S40: =IFERROR(__xludf.DUMMYFUNCTION("""COMPUTED_VALUE"""),"") | T40: =IFERROR(__xludf.DUMMYFUNCTION("""COMPUTED_VALUE"""),"") | U40: =IFERROR(__xludf.DUMMYFUNCTION("""COMPUTED_VALUE"""),"") | V40: =IFERROR(__xludf.DUMMYFUNCTION("""COMPUTED_VALUE"""),"") | W40: =iferror(if(U40/(V40*24)=0,"",U40/(V40*24)),"") | X40: =IFERROR(__xludf.DUMMYFUNCTION("""COMPUTED_VALUE"""),"") | Y40: =IFERROR(__xludf.DUMMYFUNCTION("""COMPUTED_VALUE"""),"")
A41: =IFERROR(__xludf.DUMMYFUNCTION("""COMPUTED_VALUE"""),46057.97156842593) -> 46057.972 | B41: =IFERROR(__xludf.DUMMYFUNCTION("""COMPUTED_VALUE"""),"Oluwatimilehin Shodipe") -> Oluwatimilehin Shodipe | C41: =IF( B41="", "", AND( B41=B40, K41=K40, M41=M40, ABS(D41 - F40) <= TIME(0,25,0) ) ) -> FALSE | D41: =IFERROR(__xludf.DUMMYFUNCTION("""COMPUTED_VALUE"""),0.42708333333575865) -> 0.42708333 | E41: =IFERROR(__xludf.DUMMYFUNCTION("""COMPUTED_VALUE"""),0.04513888888322981) -> 0.045138889 | F41: =IFERROR(__xludf.DUMMYFUNCTION("""COMPUTED_VALUE"""),0.47222222221898846) -> 0.47222222 | G41: 0.045138889 | H41: =IFERROR(__xludf.DUMMYFUNCTION("""COMPUTED_VALUE"""),68.0) -> 68 | I41: 62.769231 | J41: Breakfast/Lunch | K41: =IFERROR(__xludf.DUMMYFUNCTION("""COMPUTED_VALUE"""),46057.0) -> 46057 | L41: =IFS( K41="","", WEEKDAY(K41)=1, "Sunday", WEEKDAY(K41)=2, "Monday", WEEKDAY(K41)=3, "Tuesday", WEEKDAY(K41)=4, "Wednesday", WEEKDAY(K41)=5, "Thursday", WEEKDAY(K41)=6, "Friday", WEEKDAY(K41)=7, "Saturday" ) -> Wednesday | M41: =IFERROR(__xludf.DUMMYFUNCTION("""COMPUTED_VALUE"""),"BF") -> BF | N41: 1.5797975 | O41: =IFERROR(__xludf.DUMMYFUNCTION("""COMPUTED_VALUE"""),213.0) -> 213 | P41: =IFERROR(__xludf.DUMMYFUNCTION("""COMPUTED_VALUE"""),389.0) -> 389 | Q41: =IFERROR(__xludf.DUMMYFUNCTION("""COMPUTED_VALUE"""),0.21111111112259096) -> 0.21111111 | R41: =IFERROR(__xludf.DUMMYFUNCTION("""COMPUTED_VALUE"""),0.413888888884685) -> 0.41388889 | S41: =IFERROR(__xludf.DUMMYFUNCTION("""COMPUTED_VALUE"""),42.1312103766384) -> 42.13121 | T41: =IFERROR(__xludf.DUMMYFUNCTION("""COMPUTED_VALUE"""),47.211487588182614) -> 47.211488 | U41: =IFERROR(__xludf.DUMMYFUNCTION("""COMPUTED_VALUE"""),602.0) -> 602 | V41: =IFERROR(__xludf.DUMMYFUNCTION("""COMPUTED_VALUE"""),0.625000000007276) -> 0.625 | W41: =iferror(if(U41/(V41*24)=0,"",U41/(V41*24)),"") -> 40.133333 | X41: =IFERROR(__xludf.DUMMYFUNCTION("""COMPUTED_VALUE"""),45.03422592609223) -> 45.034226 | Y41: =IFERROR(__xludf.DUMMYFUNCTION("""COMPUTED_VALUE"""),0.9466590446671714) -> 0.94665904
A42: =IFERROR(__xludf.DUMMYFUNCTION("""COMPUTED_VALUE"""),46058.36293699074) -> 46058.363 | B42: =IFERROR(__xludf.DUMMYFUNCTION("""COMPUTED_VALUE"""),"Evan Morgan") -> Evan Morgan | C42: =IF( B42="", "", AND( B42=B41, K42=K41, M42=M41, ABS(D42 - F41) <= TIME(0,25,0) ) ) -> FALSE | D42: =IFERROR(__xludf.DUMMYFUNCTION("""COMPUTED_VALUE"""),0.29166666666424135) -> 0.29166667 | E42: =IFERROR(__xludf.DUMMYFUNCTION("""COMPUTED_VALUE"""),0.06944444444525288) -> 0.069444444 | F42: =IFERROR(__xludf.DUMMYFUNCTION("""COMPUTED_VALUE"""),0.36111111110949423) -> 0.36111111 | G42: 0.069444444 | H42: =IFERROR(__xludf.DUMMYFUNCTION("""COMPUTED_VALUE"""),18.0) -> 18 | I42: 10.8 | J42: Breakfast | K42: =IFERROR(__xludf.DUMMYFUNCTION("""COMPUTED_VALUE"""),46058.0) -> 46058 | L42: =IFS( K42="","", WEEKDAY(K42)=1, "Sunday", WEEKDAY(K42)=2, "Monday", WEEKDAY(K42)=3, "Tuesday", WEEKDAY(K42)=4, "Wednesday", WEEKDAY(K42)=5, "Thursday", WEEKDAY(K42)=6, "Friday", WEEKDAY(K42)=7, "Saturday" ) -> Thursday | M42: =IFERROR(__xludf.DUMMYFUNCTION("""COMPUTED_VALUE"""),"BF") -> BF | N42: 0.38094366 | O42: =IFERROR(__xludf.DUMMYFUNCTION("""COMPUTED_VALUE"""),"") | P42: =IFERROR(__xludf.DUMMYFUNCTION("""COMPUTED_VALUE"""),"") | Q42: =IFERROR(__xludf.DUMMYFUNCTION("""COMPUTED_VALUE"""),"") | R42: =IFERROR(__xludf.DUMMYFUNCTION("""COMPUTED_VALUE"""),"") | S42: =IFERROR(__xludf.DUMMYFUNCTION("""COMPUTED_VALUE"""),"") | T42: =IFERROR(__xludf.DUMMYFUNCTION("""COMPUTED_VALUE"""),"") | U42: =IFERROR(__xludf.DUMMYFUNCTION("""COMPUTED_VALUE"""),"") | V42: =IFERROR(__xludf.DUMMYFUNCTION("""COMPUTED_VALUE"""),"") | W42: =iferror(if(U42/(V42*24)=0,"",U42/(V42*24)),"") | X42: =IFERROR(__xludf.DUMMYFUNCTION("""COMPUTED_VALUE"""),"") | Y42: =IFERROR(__xludf.DUMMYFUNCTION("""COMPUTED_VALUE"""),"")
A43: =IFERROR(__xludf.DUMMYFUNCTION("""COMPUTED_VALUE"""),46058.4093524537) -> 46058.409 | B43: =IFERROR(__xludf.DUMMYFUNCTION("""COMPUTED_VALUE"""),"Sophia Kluck") -> Sophia Kluck | C43: =IF( B43="", "", AND( B43=B42, K43=K42, M43=M42, ABS(D43 - F42) <= TIME(0,25,0) ) ) -> FALSE | D43: =IFERROR(__xludf.DUMMYFUNCTION("""COMPUTED_VALUE"""),0.36597222222189885) -> 0.36597222 | E43: =IFERROR(__xludf.DUMMYFUNCTION("""COMPUTED_VALUE"""),0.0430555555576575) -> 0.043055556 | F43: =IFERROR(__xludf.DUMMYFUNCTION("""COMPUTED_VALUE"""),0.40902777777955635) -> 0.40902778 | G43: 0.10277778 | H43: =IFERROR(__xludf.DUMMYFUNCTION("""COMPUTED_VALUE"""),32.0) -> 32 | I43: 38.918919 | J43: Breakfast | K43: =IFERROR(__xludf.DUMMYFUNCTION("""COMPUTED_VALUE"""),46058.0) -> 46058 | L43: =IFS( K43="","", WEEKDAY(K43)=1, "Sunday", WEEKDAY(K43)=2, "Monday", WEEKDAY(K43)=3, "Tuesday", WEEKDAY(K43)=4, "Wednesday", WEEKDAY(K43)=5, "Thursday", WEEKDAY(K43)=6, "Friday", WEEKDAY(K43)=7, "Saturday" ) -> Thursday | M43: =IFERROR(__xludf.DUMMYFUNCTION("""COMPUTED_VALUE"""),"BF") -> BF | N43: 1.3727699 | O43: =IFERROR(__xludf.DUMMYFUNCTION("""COMPUTED_VALUE"""),"") | P43: =IFERROR(__xludf.DUMMYFUNCTION("""COMPUTED_VALUE"""),"") | Q43: =IFERROR(__xludf.DUMMYFUNCTION("""COMPUTED_VALUE"""),"") | R43: =IFERROR(__xludf.DUMMYFUNCTION("""COMPUTED_VALUE"""),"") | S43: =IFERROR(__xludf.DUMMYFUNCTION("""COMPUTED_VALUE"""),"") | T43: =IFERROR(__xludf.DUMMYFUNCTION("""COMPUTED_VALUE"""),"") | U43: =IFERROR(__xludf.DUMMYFUNCTION("""COMPUTED_VALUE"""),"") | V43: =IFERROR(__xludf.DUMMYFUNCTION("""COMPUTED_VALUE"""),"") | W43: =iferror(if(U43/(V43*24)=0,"",U43/(V43*24)),"") | X43: =IFERROR(__xludf.DUMMYFUNCTION("""COMPUTED_VALUE"""),"") | Y43: =IFERROR(__xludf.DUMMYFUNCTION("""COMPUTED_VALUE"""),"")
A44: =IFERROR(__xludf.DUMMYFUNCTION("""COMPUTED_VALUE"""),46058.47202248842) -> 46058.472 | B44: =IFERROR(__xludf.DUMMYFUNCTION("""COMPUTED_VALUE"""),"Sophia Kluck") -> Sophia Kluck | C44: =IF( B44="", "", AND( B44=B43, K44=K43, M44=M43, ABS(D44 - F43) <= TIME(0,25,0) ) ) -> TRUE | D44: =IFERROR(__xludf.DUMMYFUNCTION("""COMPUTED_VALUE"""),0.4118055555591127) -> 0.41180556 | E44: =IFERROR(__xludf.DUMMYFUNCTION("""COMPUTED_VALUE"""),0.059722222220443655) -> 0.059722222 | F44: =IFERROR(__xludf.DUMMYFUNCTION("""COMPUTED_VALUE"""),0.47152777777955635) -> 0.47152778 | H44: =IFERROR(__xludf.DUMMYFUNCTION("""COMPUTED_VALUE"""),64.0) -> 64 | J44: Breakfast/Lunch | K44: =IFERROR(__xludf.DUMMYFUNCTION("""COMPUTED_VALUE"""),46058.0) -> 46058 | L44: =IFS( K44="","", WEEKDAY(K44)=1, "Sunday", WEEKDAY(K44)=2, "Monday", WEEKDAY(K44)=3, "Tuesday", WEEKDAY(K44)=4, "Wednesday", WEEKDAY(K44)=5, "Thursday", WEEKDAY(K44)=6, "Friday", WEEKDAY(K44)=7, "Saturday" ) -> Thursday | M44: =IFERROR(__xludf.DUMMYFUNCTION("""COMPUTED_VALUE"""),"BF") -> BF | O44: =IFERROR(__xludf.DUMMYFUNCTION("""COMPUTED_VALUE"""),"") | P44: =IFERROR(__xludf.DUMMYFUNCTION("""COMPUTED_VALUE"""),"") | Q44: =IFERROR(__xludf.DUMMYFUNCTION("""COMPUTED_VALUE"""),"") | R44: =IFERROR(__xludf.DUMMYFUNCTION("""COMPUTED_VALUE"""),"") | S44: =IFERROR(__xludf.DUMMYFUNCTION("""COMPUTED_VALUE"""),"") | T44: =IFERROR(__xludf.DUMMYFUNCTION("""COMPUTED_VALUE"""),"") | U44: =IFERROR(__xludf.DUMMYFUNCTION("""COMPUTED_VALUE"""),"") | V44: =IFERROR(__xludf.DUMMYFUNCTION("""COMPUTED_VALUE"""),"") | W44: =iferror(if(U44/(V44*24)=0,"",U44/(V44*24)),"") | X44: =IFERROR(__xludf.DUMMYFUNCTION("""COMPUTED_VALUE"""),"") | Y44: =IFERROR(__xludf.DUMMYFUNCTION("""COMPUTED_VALUE"""),"")
A45: =IFERROR(__xludf.DUMMYFUNCTION("""COMPUTED_VALUE"""),46058.526926481485) -> 46058.527 | B45: =IFERROR(__xludf.DUMMYFUNCTION("""COMPUTED_VALUE"""),"Emmett Khan") -> Emmett Khan | C45: =IF( B45="", "", AND( B45=B44, K45=K44, M45=M44, ABS(D45 - F44) <= TIME(0,25,0) ) ) -> FALSE | D45: =IFERROR(__xludf.DUMMYFUNCTION("""COMPUTED_VALUE"""),0.47916666666424135) -> 0.47916667 | E45: =IFERROR(__xludf.DUMMYFUNCTION("""COMPUTED_VALUE"""),0.05208333333575865) -> 0.052083333 | F45: =IFERROR(__xludf.DUMMYFUNCTION("""COMPUTED_VALUE"""),0.53125) -> 0.53125 | G45: 0.052083333 | H45: =IFERROR(__xludf.DUMMYFUNCTION("""COMPUTED_VALUE"""),50.0) -> 50 | I45: 40 | J45: Lunch | K45: =IFERROR(__xludf.DUMMYFUNCTION("""COMPUTED_VALUE"""),46058.0) -> 46058 | L45: =IFS( K45="","", WEEKDAY(K45)=1, "Sunday", WEEKDAY(K45)=2, "Monday", WEEKDAY(K45)=3, "Tuesday", WEEKDAY(K45)=4, "Wednesday", WEEKDAY(K45)=5, "Thursday", WEEKDAY(K45)=6, "Friday", WEEKDAY(K45)=7, "Saturday" ) -> Thursday | M45: =IFERROR(__xludf.DUMMYFUNCTION("""COMPUTED_VALUE"""),"MF") -> MF | N45: 0.7955846 | O45: =IFERROR(__xludf.DUMMYFUNCTION("""COMPUTED_VALUE"""),"") | P45: =IFERROR(__xludf.DUMMYFUNCTION("""COMPUTED_VALUE"""),"") | Q45: =IFERROR(__xludf.DUMMYFUNCTION("""COMPUTED_VALUE"""),"") | R45: =IFERROR(__xludf.DUMMYFUNCTION("""COMPUTED_VALUE"""),"") | S45: =IFERROR(__xludf.DUMMYFUNCTION("""COMPUTED_VALUE"""),"") | T45: =IFERROR(__xludf.DUMMYFUNCTION("""COMPUTED_VALUE"""),"") | U45: =IFERROR(__xludf.DUMMYFUNCTION("""COMPUTED_VALUE"""),"") | V45: =IFERROR(__xludf.DUMMYFUNCTION("""COMPUTED_VALUE"""),"") | W45: =iferror(if(U45/(V45*24)=0,"",U45/(V45*24)),"") | X45: =IFERROR(__xludf.DUMMYFUNCTION("""COMPUTED_VALUE"""),"") | Y45: =IFERROR(__xludf.DUMMYFUNCTION("""COMPUTED_VALUE"""),"")
A46: =IFERROR(__xludf.DUMMYFUNCTION("""COMPUTED_VALUE"""),46058.777276967594) -> 46058.777 | B46: =IFERROR(__xludf.DUMMYFUNCTION("""COMPUTED_VALUE"""),"Emmett Khan") -> Emmett Khan | C46: =IF( B46="", "", AND( B46=B45, K46=K45, M46=M45, ABS(D46 - F45) <= TIME(0,25,0) ) ) -> FALSE | D46: =IFERROR(__xludf.DUMMYFUNCTION("""COMPUTED_VALUE"""),0.7083333333357587) -> 0.70833333 | E46: =IFERROR(__xludf.DUMMYFUNCTION("""COMPUTED_VALUE"""),0.07291666666424135) -> 0.072916667 | F46: =IFERROR(__xludf.DUMMYFUNCTION("""COMPUTED_VALUE"""),0.78125) -> 0.78125 | G46: 0.072916667 | H46: =IFERROR(__xludf.DUMMYFUNCTION("""COMPUTED_VALUE"""),155.0) -> 155 | I46: 88.571429 | J46: Dinner | K46: =IFERROR(__xludf.DUMMYFUNCTION("""COMPUTED_VALUE"""),46058.0) -> 46058 | L46: =IFS( K46="","", WEEKDAY(K46)=1, "Sunday", WEEKDAY(K46)=2, "Monday", WEEKDAY(K46)=3, "Tuesday", WEEKDAY(K46)=4, "Wednesday", WEEKDAY(K46)=5, "Thursday", WEEKDAY(K46)=6, "Friday", WEEKDAY(K46)=7, "Saturday" ) -> Thursday | M46: =IFERROR(__xludf.DUMMYFUNCTION("""COMPUTED_VALUE"""),"MF") -> MF | N46: 1.8525924 | O46: =IFERROR(__xludf.DUMMYFUNCTION("""COMPUTED_VALUE"""),"") | P46: =IFERROR(__xludf.DUMMYFUNCTION("""COMPUTED_VALUE"""),"") | Q46: =IFERROR(__xludf.DUMMYFUNCTION("""COMPUTED_VALUE"""),"") | R46: =IFERROR(__xludf.DUMMYFUNCTION("""COMPUTED_VALUE"""),"") | S46: =IFERROR(__xludf.DUMMYFUNCTION("""COMPUTED_VALUE"""),"") | T46: =IFERROR(__xludf.DUMMYFUNCTION("""COMPUTED_VALUE"""),"") | U46: =IFERROR(__xludf.DUMMYFUNCTION("""COMPUTED_VALUE"""),"") | V46: =IFERROR(__xludf.DUMMYFUNCTION("""COMPUTED_VALUE"""),"") | W46: =iferror(if(U46/(V46*24)=0,"",U46/(V46*24)),"") | X46: =IFERROR(__xludf.DUMMYFUNCTION("""COMPUTED_VALUE"""),"") | Y46: =IFERROR(__xludf.DUMMYFUNCTION("""COMPUTED_VALUE"""),"")
A47: =IFERROR(__xludf.DUMMYFUNCTION("""COMPUTED_VALUE"""),46058.855831469904) -> 46058.856 | B47: =IFERROR(__xludf.DUMMYFUNCTION("""COMPUTED_VALUE"""),"Leah Bucci") -> Leah Bucci | C47: =IF( B47="", "", AND( B47=B46, K47=K46, M47=M46, ABS(D47 - F46) <= TIME(0,25,0) ) ) -> FALSE | D47: =IFERROR(__xludf.DUMMYFUNCTION("""COMPUTED_VALUE"""),0.6875) -> 0.6875 | E47: =IFERROR(__xludf.DUMMYFUNCTION("""COMPUTED_VALUE"""),0.04166666666424135) -> 0.041666667 | F47: =IFERROR(__xludf.DUMMYFUNCTION("""COMPUTED_VALUE"""),0.7291666666642413) -> 0.72916667 | G47: 0.17013889 | H47: =IFERROR(__xludf.DUMMYFUNCTION("""COMPUTED_VALUE"""),77.0) -> 77 | I47: 103.10204 | J47: Dinner | K47: =IFERROR(__xludf.DUMMYFUNCTION("""COMPUTED_VALUE"""),46058.0) -> 46058 | L47: =IFS( K47="","", WEEKDAY(K47)=1, "Sunday", WEEKDAY(K47)=2, "Monday", WEEKDAY(K47)=3, "Tuesday", WEEKDAY(K47)=4, "Wednesday", WEEKDAY(K47)=5, "Thursday", WEEKDAY(K47)=6, "Friday", WEEKDAY(K47)=7, "Saturday" ) -> Thursday | M47: =IFERROR(__xludf.DUMMYFUNCTION("""COMPUTED_VALUE"""),"BF") -> BF | N47: 2.3204551 | O47: =IFERROR(__xludf.DUMMYFUNCTION("""COMPUTED_VALUE"""),"") | P47: =IFERROR(__xludf.DUMMYFUNCTION("""COMPUTED_VALUE"""),"") | Q47: =IFERROR(__xludf.DUMMYFUNCTION("""COMPUTED_VALUE"""),"") | R47: =IFERROR(__xludf.DUMMYFUNCTION("""COMPUTED_VALUE"""),"") | S47: =IFERROR(__xludf.DUMMYFUNCTION("""COMPUTED_VALUE"""),"") | T47: =IFERROR(__xludf.DUMMYFUNCTION("""COMPUTED_VALUE"""),"") | U47: =IFERROR(__xludf.DUMMYFUNCTION("""COMPUTED_VALUE"""),"") | V47: =IFERROR(__xludf.DUMMYFUNCTION("""COMPUTED_VALUE"""),"") | W47: =iferror(if(U47/(V47*24)=0,"",U47/(V47*24)),"") | X47: =IFERROR(__xludf.DUMMYFUNCTION("""COMPUTED_VALUE"""),"") | Y47: =IFERROR(__xludf.DUMMYFUNCTION("""COMPUTED_VALUE"""),"")
A48: =IFERROR(__xludf.DUMMYFUNCTION("""COMPUTED_VALUE"""),46058.85662983796) -> 46058.857 | B48: =IFERROR(__xludf.DUMMYFUNCTION("""COMPUTED_VALUE"""),"Leah Bucci") -> Leah Bucci | C48: =IF( B48="", "", AND( B48=B47, K48=K47, M48=M47, ABS(D48 - F47) <= TIME(0,25,0) ) ) -> TRUE | D48: =IFERROR(__xludf.DUMMYFUNCTION("""COMPUTED_VALUE"""),0.7326388888905058) -> 0.73263889 | E48: =IFERROR(__xludf.DUMMYFUNCTION("""COMPUTED_VALUE"""),0.038194444445252884) -> 0.038194444 | F48: =IFERROR(__xludf.DUMMYFUNCTION("""COMPUTED_VALUE"""),0.7708333333357587) -> 0.77083333 | H48: =IFERROR(__xludf.DUMMYFUNCTION("""COMPUTED_VALUE"""),79.0) -> 79 | J48: Dinner | K48: =IFERROR(__xludf.DUMMYFUNCTION("""COMPUTED_VALUE"""),46058.0) -> 46058 | L48: =IFS( K48="","", WEEKDAY(K48)=1, "Sunday", WEEKDAY(K48)=2, "Monday", WEEKDAY(K48)=3, "Tuesday", WEEKDAY(K48)=4, "Wednesday", WEEKDAY(K48)=5, "Thursday", WEEKDAY(K48)=6, "Friday", WEEKDAY(K48)=7, "Saturday" ) -> Thursday | M48: =IFERROR(__xludf.DUMMYFUNCTION("""COMPUTED_VALUE"""),"BF") -> BF | O48: =IFERROR(__xludf.DUMMYFUNCTION("""COMPUTED_VALUE"""),"") | P48: =IFERROR(__xludf.DUMMYFUNCTION("""COMPUTED_VALUE"""),"") | Q48: =IFERROR(__xludf.DUMMYFUNCTION("""COMPUTED_VALUE"""),"") | R48: =IFERROR(__xludf.DUMMYFUNCTION("""COMPUTED_VALUE"""),"") | S48: =IFERROR(__xludf.DUMMYFUNCTION("""COMPUTED_VALUE"""),"") | T48: =IFERROR(__xludf.DUMMYFUNCTION("""COMPUTED_VALUE"""),"") | U48: =IFERROR(__xludf.DUMMYFUNCTION("""COMPUTED_VALUE"""),"") | V48: =IFERROR(__xludf.DUMMYFUNCTION("""COMPUTED_VALUE"""),"") | W48: =iferror(if(U48/(V48*24)=0,"",U48/(V48*24)),"") | X48: =IFERROR(__xludf.DUMMYFUNCTION("""COMPUTED_VALUE"""),"") | Y48: =IFERROR(__xludf.DUMMYFUNCTION("""COMPUTED_VALUE"""),"")
A49: =IFERROR(__xludf.DUMMYFUNCTION("""COMPUTED_VALUE"""),46058.8581721875) -> 46058.858 | B49: =IFERROR(__xludf.DUMMYFUNCTION("""COMPUTED_VALUE"""),"Leah Bucci") -> Leah Bucci | C49: =IF( B49="", "", AND( B49=B48, K49=K48, M49=M48, ABS(D49 - F48) <= TIME(0,25,0) ) ) -> TRUE | D49: =IFERROR(__xludf.DUMMYFUNCTION("""COMPUTED_VALUE"""),0.7638888888905058) -> 0.76388889 | E49: =IFERROR(__xludf.DUMMYFUNCTION("""COMPUTED_VALUE"""),0.02777777777373558) -> 0.027777778 | F49: =IFERROR(__xludf.DUMMYFUNCTION("""COMPUTED_VALUE"""),0.7916666666642413) -> 0.79166667 | H49: =IFERROR(__xludf.DUMMYFUNCTION("""COMPUTED_VALUE"""),199.0) -> 199 | J49: Dinner | K49: =IFERROR(__xludf.DUMMYFUNCTION("""COMPUTED_VALUE"""),46058.0) -> 46058 | L49: =IFS( K49="","", WEEKDAY(K49)=1, "Sunday", WEEKDAY(K49)=2, "Monday", WEEKDAY(K49)=3, "Tuesday", WEEKDAY(K49)=4, "Wednesday", WEEKDAY(K49)=5, "Thursday", WEEKDAY(K49)=6, "Friday", WEEKDAY(K49)=7, "Saturday" ) -> Thursday | M49: =IFERROR(__xludf.DUMMYFUNCTION("""COMPUTED_VALUE"""),"BF") -> BF | O49: =IFERROR(__xludf.DUMMYFUNCTION("""COMPUTED_VALUE"""),"") | P49: =IFERROR(__xludf.DUMMYFUNCTION("""COMPUTED_VALUE"""),"") | Q49: =IFERROR(__xludf.DUMMYFUNCTION("""COMPUTED_VALUE"""),"") | R49: =IFERROR(__xludf.DUMMYFUNCTION("""COMPUTED_VALUE"""),"") | S49: =IFERROR(__xludf.DUMMYFUNCTION("""COMPUTED_VALUE"""),"") | T49: =IFERROR(__xludf.DUMMYFUNCTION("""COMPUTED_VALUE"""),"") | U49: =IFERROR(__xludf.DUMMYFUNCTION("""COMPUTED_VALUE"""),"") | V49: =IFERROR(__xludf.DUMMYFUNCTION("""COMPUTED_VALUE"""),"") | W49: =iferror(if(U49/(V49*24)=0,"",U49/(V49*24)),"") | X49: =IFERROR(__xludf.DUMMYFUNCTION("""COMPUTED_VALUE"""),"") | Y49: =IFERROR(__xludf.DUMMYFUNCTION("""COMPUTED_VALUE"""),"")
A50: =IFERROR(__xludf.DUMMYFUNCTION("""COMPUTED_VALUE"""),46058.85883106482) -> 46058.859 | B50: =IFERROR(__xludf.DUMMYFUNCTION("""COMPUTED_VALUE"""),"Leah Bucci") -> Leah Bucci | C50: =IF( B50="", "", AND( B50=B49, K50=K49, M50=M49, ABS(D50 - F49) <= TIME(0,25,0) ) ) -> TRUE | D50: =IFERROR(__xludf.DUMMYFUNCTION("""COMPUTED_VALUE"""),0.7916666666642413) -> 0.79166667 | E50: =IFERROR(__xludf.DUMMYFUNCTION("""COMPUTED_VALUE"""),0.0625) -> 0.0625 | F50: =IFERROR(__xludf.DUMMYFUNCTION("""COMPUTED_VALUE"""),0.8541666666642413) -> 0.85416667 | H50: =IFERROR(__xludf.DUMMYFUNCTION("""COMPUTED_VALUE"""),66.0) -> 66 | J50: Dinner | K50: =IFERROR(__xludf.DUMMYFUNCTION("""COMPUTED_VALUE"""),46058.0) -> 46058 | L50: =IFS( K50="","", WEEKDAY(K50)=1, "Sunday", WEEKDAY(K50)=2, "Monday", WEEKDAY(K50)=3, "Tuesday", WEEKDAY(K50)=4, "Wednesday", WEEKDAY(K50)=5, "Thursday", WEEKDAY(K50)=6, "Friday", WEEKDAY(K50)=7, "Saturday" ) -> Thursday | M50: =IFERROR(__xludf.DUMMYFUNCTION("""COMPUTED_VALUE"""),"BF") -> BF | O50: =IFERROR(__xludf.DUMMYFUNCTION("""COMPUTED_VALUE"""),"") | P50: =IFERROR(__xludf.DUMMYFUNCTION("""COMPUTED_VALUE"""),"") | Q50: =IFERROR(__xludf.DUMMYFUNCTION("""COMPUTED_VALUE"""),"") | R50: =IFERROR(__xludf.DUMMYFUNCTION("""COMPUTED_VALUE"""),"") | S50: =IFERROR(__xludf.DUMMYFUNCTION("""COMPUTED_VALUE"""),"") | T50: =IFERROR(__xludf.DUMMYFUNCTION("""COMPUTED_VALUE"""),"") | U50: =IFERROR(__xludf.DUMMYFUNCTION("""COMPUTED_VALUE"""),"") | V50: =IFERROR(__xludf.DUMMYFUNCTION("""COMPUTED_VALUE"""),"") | W50: =iferror(if(U50/(V50*24)=0,"",U50/(V50*24)),"") | X50: =IFERROR(__xludf.DUMMYFUNCTION("""COMPUTED_VALUE"""),"") | Y50: =IFERROR(__xludf.DUMMYFUNCTION("""COMPUTED_VALUE"""),"")
A51: =IFERROR(__xludf.DUMMYFUNCTION("""COMPUTED_VALUE"""),46059.05051597222) -> 46059.051 | B51: =IFERROR(__xludf.DUMMYFUNCTION("""COMPUTED_VALUE"""),"Arjya Aich") -> Arjya Aich | C51: =IF( B51="", "", AND( B51=B50, K51=K50, M51=M50, ABS(D51 - F50) <= TIME(0,25,0) ) ) -> FALSE | D51: =IFERROR(__xludf.DUMMYFUNCTION("""COMPUTED_VALUE"""),0.7916666666642413) -> 0.79166667 | E51: =IFERROR(__xludf.DUMMYFUNCTION("""COMPUTED_VALUE"""),0.08333333333575865) -> 0.083333333 | F51: =IFERROR(__xludf.DUMMYFUNCTION("""COMPUTED_VALUE"""),0.875) -> 0.875 | G51: 0.083333333 | H51: =IFERROR(__xludf.DUMMYFUNCTION("""COMPUTED_VALUE"""),76.0) -> 76 | I51: 38 | J51: Dinner | K51: =IFERROR(__xludf.DUMMYFUNCTION("""COMPUTED_VALUE"""),46058.0) -> 46058 | L51: =IFS( K51="","", WEEKDAY(K51)=1, "Sunday", WEEKDAY(K51)=2, "Monday", WEEKDAY(K51)=3, "Tuesday", WEEKDAY(K51)=4, "Wednesday", WEEKDAY(K51)=5, "Thursday", WEEKDAY(K51)=6, "Friday", WEEKDAY(K51)=7, "Saturday" ) -> Thursday | M51: =IFERROR(__xludf.DUMMYFUNCTION("""COMPUTED_VALUE"""),"MF") -> MF | N51: 0.79482189 | O51: =IFERROR(__xludf.DUMMYFUNCTION("""COMPUTED_VALUE"""),281.0) -> 281 | P51: =IFERROR(__xludf.DUMMYFUNCTION("""COMPUTED_VALUE"""),535.0) -> 535 | Q51: =IFERROR(__xludf.DUMMYFUNCTION("""COMPUTED_VALUE"""),0.20833333333575865) -> 0.20833333 | R51: =IFERROR(__xludf.DUMMYFUNCTION("""COMPUTED_VALUE"""),0.34236111110658385) -> 0.34236111 | S51: =IFERROR(__xludf.DUMMYFUNCTION("""COMPUTED_VALUE"""),55.523809523801994) -> 55.52381 | T51: =IFERROR(__xludf.DUMMYFUNCTION("""COMPUTED_VALUE"""),50.94031991280887) -> 50.94032 | U51: =IFERROR(__xludf.DUMMYFUNCTION("""COMPUTED_VALUE"""),816.0) -> 816 | V51: =IFERROR(__xludf.DUMMYFUNCTION("""COMPUTED_VALUE"""),0.5506944444423425) -> 0.55069444 | W51: =iferror(if(U51/(V51*24)=0,"",U51/(V51*24)),"") -> 61.740227 | X51: =IFERROR(__xludf.DUMMYFUNCTION("""COMPUTED_VALUE"""),53.23206471830543) -> 53.232065 | Y51: =IFERROR(__xludf.DUMMYFUNCTION("""COMPUTED_VALUE"""),0.6396119263928568) -> 0.63961193
A52: =IFERROR(__xludf.DUMMYFUNCTION("""COMPUTED_VALUE"""),46059.579424606476) -> 46059.579 | B52: =IFERROR(__xludf.DUMMYFUNCTION("""COMPUTED_VALUE"""),"Brynn Hornig") -> Brynn Hornig | C52: =IF( B52="", "", AND( B52=B51, K52=K51, M52=M51, ABS(D52 - F51) <= TIME(0,25,0) ) ) -> FALSE | D52: =IFERROR(__xludf.DUMMYFUNCTION("""COMPUTED_VALUE"""),0.5208333333357587) -> 0.52083333 | E52: =IFERROR(__xludf.DUMMYFUNCTION("""COMPUTED_VALUE"""),0.0625) -> 0.0625 | F52: =IFERROR(__xludf.DUMMYFUNCTION("""COMPUTED_VALUE"""),0.5833333333357587) -> 0.58333333 | G52: 0.0625 | H52: =IFERROR(__xludf.DUMMYFUNCTION("""COMPUTED_VALUE"""),50.0) -> 50 | I52: 33.333333 | J52: Lunch | K52: =IFERROR(__xludf.DUMMYFUNCTION("""COMPUTED_VALUE"""),46059.0) -> 46059 | L52: =IFS( K52="","", WEEKDAY(K52)=1, "Sunday", WEEKDAY(K52)=2, "Monday", WEEKDAY(K52)=3, "Tuesday", WEEKDAY(K52)=4, "Wednesday", WEEKDAY(K52)=5, "Thursday", WEEKDAY(K52)=6, "Friday", WEEKDAY(K52)=7, "Saturday" ) -> Friday | M52: =IFERROR(__xludf.DUMMYFUNCTION("""COMPUTED_VALUE"""),"BF") -> BF | N52: 1.175752 | O52: =IFERROR(__xludf.DUMMYFUNCTION("""COMPUTED_VALUE"""),"") | P52: =IFERROR(__xludf.DUMMYFUNCTION("""COMPUTED_VALUE"""),"") | Q52: =IFERROR(__xludf.DUMMYFUNCTION("""COMPUTED_VALUE"""),"") | R52: =IFERROR(__xludf.DUMMYFUNCTION("""COMPUTED_VALUE"""),"") | S52: =IFERROR(__xludf.DUMMYFUNCTION("""COMPUTED_VALUE"""),"") | T52: =IFERROR(__xludf.DUMMYFUNCTION("""COMPUTED_VALUE"""),"") | U52: =IFERROR(__xludf.DUMMYFUNCTION("""COMPUTED_VALUE"""),"") | V52: =IFERROR(__xludf.DUMMYFUNCTION("""COMPUTED_VALUE"""),"") | W52: =iferror(if(U52/(V52*24)=0,"",U52/(V52*24)),"") | X52: =IFERROR(__xludf.DUMMYFUNCTION("""COMPUTED_VALUE"""),"") | Y52: =IFERROR(__xludf.DUMMYFUNCTION("""COMPUTED_VALUE"""),"")
A53: =IFERROR(__xludf.DUMMYFUNCTION("""COMPUTED_VALUE"""),46059.62125418981) -> 46059.621 | B53: =IFERROR(__xludf.DUMMYFUNCTION("""COMPUTED_VALUE"""),"Oluwatimilehin Shodipe") -> Oluwatimilehin Shodipe | C53: =IF( B53="", "", AND( B53=B52, K53=K52, M53=M52, ABS(D53 - F52) <= TIME(0,25,0) ) ) -> FALSE | D53: =IFERROR(__xludf.DUMMYFUNCTION("""COMPUTED_VALUE"""),0.47916666666424135) -> 0.47916667 | E53: =IFERROR(__xludf.DUMMYFUNCTION("""COMPUTED_VALUE"""),0.14375000000291038) -> 0.14375 | F53: =IFERROR(__xludf.DUMMYFUNCTION("""COMPUTED_VALUE"""),0.6229166666671517) -> 0.62291667 | G53: 0.14375 | H53: =IFERROR(__xludf.DUMMYFUNCTION("""COMPUTED_VALUE"""),191.0) -> 191 | I53: 55.362319 | J53: Lunch | K53: =IFERROR(__xludf.DUMMYFUNCTION("""COMPUTED_VALUE"""),46059.0) -> 46059 | L53: =IFS( K53="","", WEEKDAY(K53)=1, "Sunday", WEEKDAY(K53)=2, "Monday", WEEKDAY(K53)=3, "Tuesday", WEEKDAY(K53)=4, "Wednesday", WEEKDAY(K53)=5, "Thursday", WEEKDAY(K53)=6, "Friday", WEEKDAY(K53)=7, "Saturday" ) -> Friday | M53: =IFERROR(__xludf.DUMMYFUNCTION("""COMPUTED_VALUE"""),"MF") -> MF | N53: 1.1011352 | O53: =IFERROR(__xludf.DUMMYFUNCTION("""COMPUTED_VALUE"""),"") | P53: =IFERROR(__xludf.DUMMYFUNCTION("""COMPUTED_VALUE"""),"") | Q53: =IFERROR(__xludf.DUMMYFUNCTION("""COMPUTED_VALUE"""),"") | R53: =IFERROR(__xludf.DUMMYFUNCTION("""COMPUTED_VALUE"""),"") | S53: =IFERROR(__xludf.DUMMYFUNCTION("""COMPUTED_VALUE"""),"") | T53: =IFERROR(__xludf.DUMMYFUNCTION("""COMPUTED_VALUE"""),"") | U53: =IFERROR(__xludf.DUMMYFUNCTION("""COMPUTED_VALUE"""),"") | V53: =IFERROR(__xludf.DUMMYFUNCTION("""COMPUTED_VALUE"""),"") | W53: =iferror(if(U53/(V53*24)=0,"",U53/(V53*24)),"") | X53: =IFERROR(__xludf.DUMMYFUNCTION("""COMPUTED_VALUE"""),"") | Y53: =IFERROR(__xludf.DUMMYFUNCTION("""COMPUTED_VALUE"""),"")
A54: =IFERROR(__xludf.DUMMYFUNCTION("""COMPUTED_VALUE"""),46059.78689563657) -> 46059.787 | B54: =IFERROR(__xludf.DUMMYFUNCTION("""COMPUTED_VALUE"""),"Leah Bucci") -> Leah Bucci | C54: =IF( B54="", "", AND( B54=B53, K54=K53, M54=M53, ABS(D54 - F53) <= TIME(0,25,0) ) ) -> FALSE | D54: =IFERROR(__xludf.DUMMYFUNCTION("""COMPUTED_VALUE"""),0.6666666666642413) -> 0.66666667 | E54: =IFERROR(__xludf.DUMMYFUNCTION("""COMPUTED_VALUE"""),0.08333333333575865) -> 0.083333333 | F54: =IFERROR(__xludf.DUMMYFUNCTION("""COMPUTED_VALUE"""),0.75) -> 0.75 | G54: 0.083333333 | H54: =IFERROR(__xludf.DUMMYFUNCTION("""COMPUTED_VALUE"""),124.0) -> 124 | I54: 62 | J54: Dinner | K54: =IFERROR(__xludf.DUMMYFUNCTION("""COMPUTED_VALUE"""),46059.0) -> 46059 | L54: =IFS( K54="","", WEEKDAY(K54)=1, "Sunday", WEEKDAY(K54)=2, "Monday", WEEKDAY(K54)=3, "Tuesday", WEEKDAY(K54)=4, "Wednesday", WEEKDAY(K54)=5, "Thursday", WEEKDAY(K54)=6, "Friday", WEEKDAY(K54)=7, "Saturday" ) -> Friday | M54: =IFERROR(__xludf.DUMMYFUNCTION("""COMPUTED_VALUE"""),"MF") -> MF | N54: 1.2968147 | O54: =IFERROR(__xludf.DUMMYFUNCTION("""COMPUTED_VALUE"""),"") | P54: =IFERROR(__xludf.DUMMYFUNCTION("""COMPUTED_VALUE"""),"") | Q54: =IFERROR(__xludf.DUMMYFUNCTION("""COMPUTED_VALUE"""),"") | R54: =IFERROR(__xludf.DUMMYFUNCTION("""COMPUTED_VALUE"""),"") | S54: =IFERROR(__xludf.DUMMYFUNCTION("""COMPUTED_VALUE"""),"") | T54: =IFERROR(__xludf.DUMMYFUNCTION("""COMPUTED_VALUE"""),"") | U54: =IFERROR(__xludf.DUMMYFUNCTION("""COMPUTED_VALUE"""),"") | V54: =IFERROR(__xludf.DUMMYFUNCTION("""COMPUTED_VALUE"""),"") | W54: =iferror(if(U54/(V54*24)=0,"",U54/(V54*24)),"") | X54: =IFERROR(__xludf.DUMMYFUNCTION("""COMPUTED_VALUE"""),"") | Y54: =IFERROR(__xludf.DUMMYFUNCTION("""COMPUTED_VALUE"""),"")
A55: =IFERROR(__xludf.DUMMYFUNCTION("""COMPUTED_VALUE"""),46059.79432734953) -> 46059.794 | B55: =IFERROR(__xludf.DUMMYFUNCTION("""COMPUTED_VALUE"""),"Orpheus Wilson") -> Orpheus Wilson | C55: =IF( B55="", "", AND( B55=B54, K55=K54, M55=M54, ABS(D55 - F54) <= TIME(0,25,0) ) ) -> FALSE | D55: =IFERROR(__xludf.DUMMYFUNCTION("""COMPUTED_VALUE"""),0.7493055555532919) -> 0.74930556 | E55: =IFERROR(__xludf.DUMMYFUNCTION("""COMPUTED_VALUE"""),0.04652777778392192) -> 0.046527778 | F55: =IFERROR(__xludf.DUMMYFUNCTION("""COMPUTED_VALUE"""),0.7958333333372138) -> 0.79583333 | G55: 0.080555556 | H55: =IFERROR(__xludf.DUMMYFUNCTION("""COMPUTED_VALUE"""),150.0) -> 150 | I55: 129.82759 | J55: Dinner | K55: =IFERROR(__xludf.DUMMYFUNCTION("""COMPUTED_VALUE"""),46059.0) -> 46059 | L55: =IFS( K55="","", WEEKDAY(K55)=1, "Sunday", WEEKDAY(K55)=2, "Monday", WEEKDAY(K55)=3, "Tuesday", WEEKDAY(K55)=4, "Wednesday", WEEKDAY(K55)=5, "Thursday", WEEKDAY(K55)=6, "Friday", WEEKDAY(K55)=7, "Saturday" ) -> Friday | M55: =IFERROR(__xludf.DUMMYFUNCTION("""COMPUTED_VALUE"""),"MF") -> MF | N55: 2.7155213 | O55: =IFERROR(__xludf.DUMMYFUNCTION("""COMPUTED_VALUE"""),"") | P55: =IFERROR(__xludf.DUMMYFUNCTION("""COMPUTED_VALUE"""),"") | Q55: =IFERROR(__xludf.DUMMYFUNCTION("""COMPUTED_VALUE"""),"") | R55: =IFERROR(__xludf.DUMMYFUNCTION("""COMPUTED_VALUE"""),"") | S55: =IFERROR(__xludf.DUMMYFUNCTION("""COMPUTED_VALUE"""),"") | T55: =IFERROR(__xludf.DUMMYFUNCTION("""COMPUTED_VALUE"""),"") | U55: =IFERROR(__xludf.DUMMYFUNCTION("""COMPUTED_VALUE"""),"") | V55: =IFERROR(__xludf.DUMMYFUNCTION("""COMPUTED_VALUE"""),"") | W55: =iferror(if(U55/(V55*24)=0,"",U55/(V55*24)),"") | X55: =IFERROR(__xludf.DUMMYFUNCTION("""COMPUTED_VALUE"""),"") | Y55: =IFERROR(__xludf.DUMMYFUNCTION("""COMPUTED_VALUE"""),"")
A56: =IFERROR(__xludf.DUMMYFUNCTION("""COMPUTED_VALUE"""),46060.02027628472) -> 46060.02 | B56: =IFERROR(__xludf.DUMMYFUNCTION("""COMPUTED_VALUE"""),"Orpheus Wilson") -> Orpheus Wilson | C56: =IF( B56="", "", AND( B56=B55, K56=K55, M56=M55, ABS(D56 - F55) <= TIME(0,25,0) ) ) -> TRUE | D56: =IFERROR(__xludf.DUMMYFUNCTION("""COMPUTED_VALUE"""),0.7937499999970896) -> 0.79375 | E56: =IFERROR(__xludf.DUMMYFUNCTION("""COMPUTED_VALUE"""),0.034027777779556345) -> 0.034027778 | F56: =IFERROR(__xludf.DUMMYFUNCTION("""COMPUTED_VALUE"""),0.827777777776646) -> 0.82777778 | H56: =IFERROR(__xludf.DUMMYFUNCTION("""COMPUTED_VALUE"""),101.0) -> 101 | J56: Dinner | K56: =IFERROR(__xludf.DUMMYFUNCTION("""COMPUTED_VALUE"""),46059.0) -> 46059 | L56: =IFS( K56="","", WEEKDAY(K56)=1, "Sunday", WEEKDAY(K56)=2, "Monday", WEEKDAY(K56)=3, "Tuesday", WEEKDAY(K56)=4, "Wednesday", WEEKDAY(K56)=5, "Thursday", WEEKDAY(K56)=6, "Friday", WEEKDAY(K56)=7, "Saturday" ) -> Friday | M56: =IFERROR(__xludf.DUMMYFUNCTION("""COMPUTED_VALUE"""),"MF") -> MF | O56: =IFERROR(__xludf.DUMMYFUNCTION("""COMPUTED_VALUE"""),566.0) -> 566 | P56: =IFERROR(__xludf.DUMMYFUNCTION("""COMPUTED_VALUE"""),50.0) -> 50 | Q56: =IFERROR(__xludf.DUMMYFUNCTION("""COMPUTED_VALUE"""),0.3076388889021473) -> 0.30763889 | R56: =IFERROR(__xludf.DUMMYFUNCTION("""COMPUTED_VALUE"""),0.0625) -> 0.0625 | S56: =IFERROR(__xludf.DUMMYFUNCTION("""COMPUTED_VALUE"""),82.3966350105941) -> 82.396635 | T56: =IFERROR(__xludf.DUMMYFUNCTION("""COMPUTED_VALUE"""),33.333333333333336) -> 33.333333 | U56: =IFERROR(__xludf.DUMMYFUNCTION("""COMPUTED_VALUE"""),616.0) -> 616 | V56: =IFERROR(__xludf.DUMMYFUNCTION("""COMPUTED_VALUE"""),0.3701388889021473) -> 0.37013889 | W56: =iferror(if(U56/(V56*24)=0,"",U56/(V56*24)),"") -> 69.34334 | X56: =IFERROR(__xludf.DUMMYFUNCTION("""COMPUTED_VALUE"""),70.1308095912789) -> 70.13081 | Y56: =IFERROR(__xludf.DUMMYFUNCTION("""COMPUTED_VALUE"""),1.033432065229924) -> 1.0334321
A57: =IFERROR(__xludf.DUMMYFUNCTION("""COMPUTED_VALUE"""),46062.437844444445) -> 46062.438 | B57: =IFERROR(__xludf.DUMMYFUNCTION("""COMPUTED_VALUE"""),"Sophia Kluck") -> Sophia Kluck | C57: =IF( B57="", "", AND( B57=B56, K57=K56, M57=M56, ABS(D57 - F56) <= TIME(0,25,0) ) ) -> FALSE | D57: =IFERROR(__xludf.DUMMYFUNCTION("""COMPUTED_VALUE"""),0.3694444444408873) -> 0.36944444 | E57: =IFERROR(__xludf.DUMMYFUNCTION("""COMPUTED_VALUE"""),0.06527777777955635) -> 0.065277778 | F57: =IFERROR(__xludf.DUMMYFUNCTION("""COMPUTED_VALUE"""),0.43472222222044365) -> 0.43472222 | G57: 0.065277778 | H57: =IFERROR(__xludf.DUMMYFUNCTION("""COMPUTED_VALUE"""),51.0) -> 51 | I57: 32.553191 | J57: Breakfast | K57: =IFERROR(__xludf.DUMMYFUNCTION("""COMPUTED_VALUE"""),46062.0) -> 46062 | L57: =IFS( K57="","", WEEKDAY(K57)=1, "Sunday", WEEKDAY(K57)=2, "Monday", WEEKDAY(K57)=3, "Tuesday", WEEKDAY(K57)=4, "Wednesday", WEEKDAY(K57)=5, "Thursday", WEEKDAY(K57)=6, "Friday", WEEKDAY(K57)=7, "Saturday" ) -> Monday | M57: =IFERROR(__xludf.DUMMYFUNCTION("""COMPUTED_VALUE"""),"BF") -> BF | N57: 1.1482344 | O57: =IFERROR(__xludf.DUMMYFUNCTION("""COMPUTED_VALUE"""),"") | P57: =IFERROR(__xludf.DUMMYFUNCTION("""COMPUTED_VALUE"""),"") | Q57: =IFERROR(__xludf.DUMMYFUNCTION("""COMPUTED_VALUE"""),"") | R57: =IFERROR(__xludf.DUMMYFUNCTION("""COMPUTED_VALUE"""),"") | S57: =IFERROR(__xludf.DUMMYFUNCTION("""COMPUTED_VALUE"""),"") | T57: =IFERROR(__xludf.DUMMYFUNCTION("""COMPUTED_VALUE"""),"") | U57: =IFERROR(__xludf.DUMMYFUNCTION("""COMPUTED_VALUE"""),"") | V57: =IFERROR(__xludf.DUMMYFUNCTION("""COMPUTED_VALUE"""),"") | W57: =iferror(if(U57/(V57*24)=0,"",U57/(V57*24)),"") | X57: =IFERROR(__xludf.DUMMYFUNCTION("""COMPUTED_VALUE"""),"") | Y57: =IFERROR(__xludf.DUMMYFUNCTION("""COMPUTED_VALUE"""),"")
A58: =IFERROR(__xludf.DUMMYFUNCTION("""COMPUTED_VALUE"""),46062.642289062496) -> 46062.642 | B58: =IFERROR(__xludf.DUMMYFUNCTION("""COMPUTED_VALUE"""),"Brynn Hornig") -> Brynn Hornig | C58: =IF( B58="", "", AND( B58=B57, K58=K57, M58=M57, ABS(D58 - F57) <= TIME(0,25,0) ) ) -> FALSE | D58: =IFERROR(__xludf.DUMMYFUNCTION("""COMPUTED_VALUE"""),0.5208333333357587) -> 0.52083333 | E58: =IFERROR(__xludf.DUMMYFUNCTION("""COMPUTED_VALUE"""),0.125) -> 0.125 | F58: =IFERROR(__xludf.DUMMYFUNCTION("""COMPUTED_VALUE"""),0.6458333333357587) -> 0.64583333 | G58: 0.125 | H58: =IFERROR(__xludf.DUMMYFUNCTION("""COMPUTED_VALUE"""),69.0) -> 69 | I58: 23 | J58: Lunch | K58: =IFERROR(__xludf.DUMMYFUNCTION("""COMPUTED_VALUE"""),46062.0) -> 46062 | L58: =IFS( K58="","", WEEKDAY(K58)=1, "Sunday", WEEKDAY(K58)=2, "Monday", WEEKDAY(K58)=3, "Tuesday", WEEKDAY(K58)=4, "Wednesday", WEEKDAY(K58)=5, "Thursday", WEEKDAY(K58)=6, "Friday", WEEKDAY(K58)=7, "Saturday" ) -> Monday | M58: =IFERROR(__xludf.DUMMYFUNCTION("""COMPUTED_VALUE"""),"BF") -> BF | N58: 0.8112689 | O58: =IFERROR(__xludf.DUMMYFUNCTION("""COMPUTED_VALUE"""),"") | P58: =IFERROR(__xludf.DUMMYFUNCTION("""COMPUTED_VALUE"""),"") | Q58: =IFERROR(__xludf.DUMMYFUNCTION("""COMPUTED_VALUE"""),"") | R58: =IFERROR(__xludf.DUMMYFUNCTION("""COMPUTED_VALUE"""),"") | S58: =IFERROR(__xludf.DUMMYFUNCTION("""COMPUTED_VALUE"""),"") | T58: =IFERROR(__xludf.DUMMYFUNCTION("""COMPUTED_VALUE"""),"") | U58: =IFERROR(__xludf.DUMMYFUNCTION("""COMPUTED_VALUE"""),"") | V58: =IFERROR(__xludf.DUMMYFUNCTION("""COMPUTED_VALUE"""),"") | W58: =iferror(if(U58/(V58*24)=0,"",U58/(V58*24)),"") | X58: =IFERROR(__xludf.DUMMYFUNCTION("""COMPUTED_VALUE"""),"") | Y58: =IFERROR(__xludf.DUMMYFUNCTION("""COMPUTED_VALUE"""),"")
A59: =IFERROR(__xludf.DUMMYFUNCTION("""COMPUTED_VALUE"""),46062.748181724535) -> 46062.748 | B59: =IFERROR(__xludf.DUMMYFUNCTION("""COMPUTED_VALUE"""),"Orpheus Wilson") -> Orpheus Wilson | C59: =IF( B59="", "", AND( B59=B58, K59=K58, M59=M58, ABS(D59 - F58) <= TIME(0,25,0) ) ) -> FALSE | D59: =IFERROR(__xludf.DUMMYFUNCTION("""COMPUTED_VALUE"""),0.6652777777781012) -> 0.66527778 | E59: =IFERROR(__xludf.DUMMYFUNCTION("""COMPUTED_VALUE"""),0.08125000000291038) -> 0.08125 | F59: =IFERROR(__xludf.DUMMYFUNCTION("""COMPUTED_VALUE"""),0.7465277777810115) -> 0.74652778 | G59: 0.08125 | H59: =IFERROR(__xludf.DUMMYFUNCTION("""COMPUTED_VALUE"""),122.0) -> 122 | I59: 62.564103 | J59: Dinner | K59: =IFERROR(__xludf.DUMMYFUNCTION("""COMPUTED_VALUE"""),46062.0) -> 46062 | L59: =IFS( K59="","", WEEKDAY(K59)=1, "Sunday", WEEKDAY(K59)=2, "Monday", WEEKDAY(K59)=3, "Tuesday", WEEKDAY(K59)=4, "Wednesday", WEEKDAY(K59)=5, "Thursday", WEEKDAY(K59)=6, "Friday", WEEKDAY(K59)=7, "Saturday" ) -> Monday | M59: =IFERROR(__xludf.DUMMYFUNCTION("""COMPUTED_VALUE"""),"MF") -> MF | N59: 1.3086136 | O59: =IFERROR(__xludf.DUMMYFUNCTION("""COMPUTED_VALUE"""),"") | P59: =IFERROR(__xludf.DUMMYFUNCTION("""COMPUTED_VALUE"""),"") | Q59: =IFERROR(__xludf.DUMMYFUNCTION("""COMPUTED_VALUE"""),"") | R59: =IFERROR(__xludf.DUMMYFUNCTION("""COMPUTED_VALUE"""),"") | S59: =IFERROR(__xludf.DUMMYFUNCTION("""COMPUTED_VALUE"""),"") | T59: =IFERROR(__xludf.DUMMYFUNCTION("""COMPUTED_VALUE"""),"") | U59: =IFERROR(__xludf.DUMMYFUNCTION("""COMPUTED_VALUE"""),"") | V59: =IFERROR(__xludf.DUMMYFUNCTION("""COMPUTED_VALUE"""),"") | W59: =iferror(if(U59/(V59*24)=0,"",U59/(V59*24)),"") | X59: =IFERROR(__xludf.DUMMYFUNCTION("""COMPUTED_VALUE"""),"") | Y59: =IFERROR(__xludf.DUMMYFUNCTION("""COMPUTED_VALUE"""),"")
A60: =IFERROR(__xludf.DUMMYFUNCTION("""COMPUTED_VALUE"""),46062.8551894213) -> 46062.855 | B60: =IFERROR(__xludf.DUMMYFUNCTION("""COMPUTED_VALUE"""),"Arjya Aich") -> Arjya Aich | C60: =IF( B60="", "", AND( B60=B59, K60=K59, M60=M59, ABS(D60 - F59) <= TIME(0,25,0) ) ) -> FALSE | D60: =IFERROR(__xludf.DUMMYFUNCTION("""COMPUTED_VALUE"""),0.6875) -> 0.6875 | E60: =IFERROR(__xludf.DUMMYFUNCTION("""COMPUTED_VALUE"""),0.16666666666424135) -> 0.16666667 | F60: =IFERROR(__xludf.DUMMYFUNCTION("""COMPUTED_VALUE"""),0.8541666666642413) -> 0.85416667 | G60: 0.16666667 | H60: =IFERROR(__xludf.DUMMYFUNCTION("""COMPUTED_VALUE"""),130.0) -> 130 | I60: 32.5 | J60: Dinner | K60: =IFERROR(__xludf.DUMMYFUNCTION("""COMPUTED_VALUE"""),46062.0) -> 46062 | L60: =IFS( K60="","", WEEKDAY(K60)=1, "Sunday", WEEKDAY(K60)=2, "Monday", WEEKDAY(K60)=3, "Tuesday", WEEKDAY(K60)=4, "Wednesday", WEEKDAY(K60)=5, "Thursday", WEEKDAY(K60)=6, "Friday", WEEKDAY(K60)=7, "Saturday" ) -> Monday | M60: =IFERROR(__xludf.DUMMYFUNCTION("""COMPUTED_VALUE"""),"BF") -> BF | N60: 0.7314578 | O60: =IFERROR(__xludf.DUMMYFUNCTION("""COMPUTED_VALUE"""),"") | P60: =IFERROR(__xludf.DUMMYFUNCTION("""COMPUTED_VALUE"""),"") | Q60: =IFERROR(__xludf.DUMMYFUNCTION("""COMPUTED_VALUE"""),"") | R60: =IFERROR(__xludf.DUMMYFUNCTION("""COMPUTED_VALUE"""),"") | S60: =IFERROR(__xludf.DUMMYFUNCTION("""COMPUTED_VALUE"""),"") | T60: =IFERROR(__xludf.DUMMYFUNCTION("""COMPUTED_VALUE"""),"") | U60: =IFERROR(__xludf.DUMMYFUNCTION("""COMPUTED_VALUE"""),"") | V60: =IFERROR(__xludf.DUMMYFUNCTION("""COMPUTED_VALUE"""),"") | W60: =iferror(if(U60/(V60*24)=0,"",U60/(V60*24)),"") | X60: =IFERROR(__xludf.DUMMYFUNCTION("""COMPUTED_VALUE"""),"") | Y60: =IFERROR(__xludf.DUMMYFUNCTION("""COMPUTED_VALUE"""),"")
A61: =IFERROR(__xludf.DUMMYFUNCTION("""COMPUTED_VALUE"""),46062.86871931713) -> 46062.869 | B61: =IFERROR(__xludf.DUMMYFUNCTION("""COMPUTED_VALUE"""),"Maureen Surgot") -> Maureen Surgot | C61: =IF( B61="", "", AND( B61=B60, K61=K60, M61=M60, ABS(D61 - F60) <= TIME(0,25,0) ) ) -> FALSE | D61: =IFERROR(__xludf.DUMMYFUNCTION("""COMPUTED_VALUE"""),0.75) -> 0.75 | E61: =IFERROR(__xludf.DUMMYFUNCTION("""COMPUTED_VALUE"""),0.125) -> 0.125 | F61: =IFERROR(__xludf.DUMMYFUNCTION("""COMPUTED_VALUE"""),0.875) -> 0.875 | G61: 0.125 | H61: =IFERROR(__xludf.DUMMYFUNCTION("""COMPUTED_VALUE"""),86.0) -> 86 | I61: 28.666667 | J61: Dinner | K61: =IFERROR(__xludf.DUMMYFUNCTION("""COMPUTED_VALUE"""),46062.0) -> 46062 | L61: =IFS( K61="","", WEEKDAY(K61)=1, "Sunday", WEEKDAY(K61)=2, "Monday", WEEKDAY(K61)=3, "Tuesday", WEEKDAY(K61)=4, "Wednesday", WEEKDAY(K61)=5, "Thursday", WEEKDAY(K61)=6, "Friday", WEEKDAY(K61)=7, "Saturday" ) -> Monday | M61: =IFERROR(__xludf.DUMMYFUNCTION("""COMPUTED_VALUE"""),"MF") -> MF | N61: 0.59960248 | O61: =IFERROR(__xludf.DUMMYFUNCTION("""COMPUTED_VALUE"""),"") | P61: =IFERROR(__xludf.DUMMYFUNCTION("""COMPUTED_VALUE"""),"") | Q61: =IFERROR(__xludf.DUMMYFUNCTION("""COMPUTED_VALUE"""),"") | R61: =IFERROR(__xludf.DUMMYFUNCTION("""COMPUTED_VALUE"""),"") | S61: =IFERROR(__xludf.DUMMYFUNCTION("""COMPUTED_VALUE"""),"") | T61: =IFERROR(__xludf.DUMMYFUNCTION("""COMPUTED_VALUE"""),"") | U61: =IFERROR(__xludf.DUMMYFUNCTION("""COMPUTED_VALUE"""),"") | V61: =IFERROR(__xludf.DUMMYFUNCTION("""COMPUTED_VALUE"""),"") | W61: =iferror(if(U61/(V61*24)=0,"",U61/(V61*24)),"") | X61: =IFERROR(__xludf.DUMMYFUNCTION("""COMPUTED_VALUE"""),"") | Y61: =IFERROR(__xludf.DUMMYFUNCTION("""COMPUTED_VALUE"""),"")
A62: =IFERROR(__xludf.DUMMYFUNCTION("""COMPUTED_VALUE"""),46062.987411759255) -> 46062.987 | B62: =IFERROR(__xludf.DUMMYFUNCTION("""COMPUTED_VALUE"""),"Denise Romanszysn") -> Denise Romanszysn | C62: =IF( B62="", "", AND( B62=B61, K62=K61, M62=M61, ABS(D62 - F61) <= TIME(0,25,0) ) ) -> FALSE | D62: =IFERROR(__xludf.DUMMYFUNCTION("""COMPUTED_VALUE"""),0.4437499999985448) -> 0.44375 | E62: =IFERROR(__xludf.DUMMYFUNCTION("""COMPUTED_VALUE"""),0.04236111111094942) -> 0.042361111 | F62: =IFERROR(__xludf.DUMMYFUNCTION("""COMPUTED_VALUE"""),0.48611111110949423) -> 0.48611111 | G62: 0.042361111 | H62: =IFERROR(__xludf.DUMMYFUNCTION("""COMPUTED_VALUE"""),53.0) -> 53 | I62: 52.131148 | J62: Breakfast/Lunch | K62: =IFERROR(__xludf.DUMMYFUNCTION("""COMPUTED_VALUE"""),46062.0) -> 46062 | L62: =IFS( K62="","", WEEKDAY(K62)=1, "Sunday", WEEKDAY(K62)=2, "Monday", WEEKDAY(K62)=3, "Tuesday", WEEKDAY(K62)=4, "Wednesday", WEEKDAY(K62)=5, "Thursday", WEEKDAY(K62)=6, "Friday", WEEKDAY(K62)=7, "Saturday" ) -> Monday | M62: =IFERROR(__xludf.DUMMYFUNCTION("""COMPUTED_VALUE"""),"BF") -> BF | N62: 1.5327978 | O62: =IFERROR(__xludf.DUMMYFUNCTION("""COMPUTED_VALUE"""),"") | P62: =IFERROR(__xludf.DUMMYFUNCTION("""COMPUTED_VALUE"""),"") | Q62: =IFERROR(__xludf.DUMMYFUNCTION("""COMPUTED_VALUE"""),"") | R62: =IFERROR(__xludf.DUMMYFUNCTION("""COMPUTED_VALUE"""),"") | S62: =IFERROR(__xludf.DUMMYFUNCTION("""COMPUTED_VALUE"""),"") | T62: =IFERROR(__xludf.DUMMYFUNCTION("""COMPUTED_VALUE"""),"") | U62: =IFERROR(__xludf.DUMMYFUNCTION("""COMPUTED_VALUE"""),"") | V62: =IFERROR(__xludf.DUMMYFUNCTION("""COMPUTED_VALUE"""),"") | W62: =iferror(if(U62/(V62*24)=0,"",U62/(V62*24)),"") | X62: =IFERROR(__xludf.DUMMYFUNCTION("""COMPUTED_VALUE"""),"") | Y62: =IFERROR(__xludf.DUMMYFUNCTION("""COMPUTED_VALUE"""),"")
A63: =IFERROR(__xludf.DUMMYFUNCTION("""COMPUTED_VALUE"""),46062.98841665509) -> 46062.988 | B63: =IFERROR(__xludf.DUMMYFUNCTION("""COMPUTED_VALUE"""),"Denise Romanszysn") -> Denise Romanszysn | C63: =IF( B63="", "", AND( B63=B62, K63=K62, M63=M62, ABS(D63 - F62) <= TIME(0,25,0) ) ) -> FALSE | D63: =IFERROR(__xludf.DUMMYFUNCTION("""COMPUTED_VALUE"""),0.5479166666627862) -> 0.54791667 | E63: =IFERROR(__xludf.DUMMYFUNCTION("""COMPUTED_VALUE"""),0.0743055555576575) -> 0.074305556 | F63: =IFERROR(__xludf.DUMMYFUNCTION("""COMPUTED_VALUE"""),0.6222222222204437) -> 0.62222222 | G63: 0.074305556 | H63: =IFERROR(__xludf.DUMMYFUNCTION("""COMPUTED_VALUE"""),117.0) -> 117 | I63: 65.607477 | J63: Lunch | K63: =IFERROR(__xludf.DUMMYFUNCTION("""COMPUTED_VALUE"""),46062.0) -> 46062 | L63: =IFS( K63="","", WEEKDAY(K63)=1, "Sunday", WEEKDAY(K63)=2, "Monday", WEEKDAY(K63)=3, "Tuesday", WEEKDAY(K63)=4, "Wednesday", WEEKDAY(K63)=5, "Thursday", WEEKDAY(K63)=6, "Friday", WEEKDAY(K63)=7, "Saturday" ) -> Monday | M63: =IFERROR(__xludf.DUMMYFUNCTION("""COMPUTED_VALUE"""),"MF") -> MF | N63: 1.3049074 | O63: =IFERROR(__xludf.DUMMYFUNCTION("""COMPUTED_VALUE"""),325.0) -> 325 | P63: =IFERROR(__xludf.DUMMYFUNCTION("""COMPUTED_VALUE"""),303.0) -> 303 | Q63: =IFERROR(__xludf.DUMMYFUNCTION("""COMPUTED_VALUE"""),0.2805555555605679) -> 0.28055556 | R63: =IFERROR(__xludf.DUMMYFUNCTION("""COMPUTED_VALUE"""),0.3993055555547471) -> 0.39930556 | S63: =IFERROR(__xludf.DUMMYFUNCTION("""COMPUTED_VALUE"""),52.27941528739543) -> 52.279415 | T63: =IFERROR(__xludf.DUMMYFUNCTION("""COMPUTED_VALUE"""),35.04608475753257) -> 35.046085 | U63: =IFERROR(__xludf.DUMMYFUNCTION("""COMPUTED_VALUE"""),628.0) -> 628 | V63: =IFERROR(__xludf.DUMMYFUNCTION("""COMPUTED_VALUE"""),0.679861111115315) -> 0.67986111 | W63: =iferror(if(U63/(V63*24)=0,"",U63/(V63*24)),"") -> 38.488253 | X63: =IFERROR(__xludf.DUMMYFUNCTION("""COMPUTED_VALUE"""),42.43179784175951) -> 42.431798 | Y63: =IFERROR(__xludf.DUMMYFUNCTION("""COMPUTED_VALUE"""),0.8340718089648462) -> 0.83407181
A64: =IFERROR(__xludf.DUMMYFUNCTION("""COMPUTED_VALUE"""),46063.52036556713) -> 46063.52 | B64: =IFERROR(__xludf.DUMMYFUNCTION("""COMPUTED_VALUE"""),"Kaylie Forgue") -> Kaylie Forgue | C64: =IF( B64="", "", AND( B64=B63, K64=K63, M64=M63, ABS(D64 - F63) <= TIME(0,25,0) ) ) -> FALSE | D64: =IFERROR(__xludf.DUMMYFUNCTION("""COMPUTED_VALUE"""),0.44583333333333336) -> 0.44583333 | E64: =IFERROR(__xludf.DUMMYFUNCTION("""COMPUTED_VALUE"""),0.07361111110900914) -> 0.073611111 | F64: =IFERROR(__xludf.DUMMYFUNCTION("""COMPUTED_VALUE"""),0.5194444444423425) -> 0.51944444 | G64: 0.073611111 | H64: =IFERROR(__xludf.DUMMYFUNCTION("""COMPUTED_VALUE"""),101.0) -> 101 | I64: 57.169811 | J64: Breakfast/Lunch | K64: =IFERROR(__xludf.DUMMYFUNCTION("""COMPUTED_VALUE"""),46063.0) -> 46063 | L64: =IFS( K64="","", WEEKDAY(K64)=1, "Sunday", WEEKDAY(K64)=2, "Monday", WEEKDAY(K64)=3, "Tuesday", WEEKDAY(K64)=4, "Wednesday", WEEKDAY(K64)=5, "Thursday", WEEKDAY(K64)=6, "Friday", WEEKDAY(K64)=7, "Saturday" ) -> Tuesday | M64: =IFERROR(__xludf.DUMMYFUNCTION("""COMPUTED_VALUE"""),"BF") -> BF | N64: 1.8357541 | O64: =IFERROR(__xludf.DUMMYFUNCTION("""COMPUTED_VALUE"""),"") | P64: =IFERROR(__xludf.DUMMYFUNCTION("""COMPUTED_VALUE"""),"") | Q64: =IFERROR(__xludf.DUMMYFUNCTION("""COMPUTED_VALUE"""),"") | R64: =IFERROR(__xludf.DUMMYFUNCTION("""COMPUTED_VALUE"""),"") | S64: =IFERROR(__xludf.DUMMYFUNCTION("""COMPUTED_VALUE"""),"") | T64: =IFERROR(__xludf.DUMMYFUNCTION("""COMPUTED_VALUE"""),"") | U64: =IFERROR(__xludf.DUMMYFUNCTION("""COMPUTED_VALUE"""),"") | V64: =IFERROR(__xludf.DUMMYFUNCTION("""COMPUTED_VALUE"""),"") | W64: =iferror(if(U64/(V64*24)=0,"",U64/(V64*24)),"") | X64: =IFERROR(__xludf.DUMMYFUNCTION("""COMPUTED_VALUE"""),"") | Y64: =IFERROR(__xludf.DUMMYFUNCTION("""COMPUTED_VALUE"""),"")
A65: =IFERROR(__xludf.DUMMYFUNCTION("""COMPUTED_VALUE"""),46063.57693978009) -> 46063.577 | B65: =IFERROR(__xludf.DUMMYFUNCTION("""COMPUTED_VALUE"""),"Kyra Turner") -> Kyra Turner | C65: =IF( B65="", "", AND( B65=B64, K65=K64, M65=M64, ABS(D65 - F64) <= TIME(0,25,0) ) ) -> FALSE | D65: =IFERROR(__xludf.DUMMYFUNCTION("""COMPUTED_VALUE"""),0.48541666666278616) -> 0.48541667 | E65: =IFERROR(__xludf.DUMMYFUNCTION("""COMPUTED_VALUE"""),0.08402777778246673) -> 0.084027778 | F65: =IFERROR(__xludf.DUMMYFUNCTION("""COMPUTED_VALUE"""),0.5694444444452529) -> 0.56944444 | G65: 0.12708333 | H65: =IFERROR(__xludf.DUMMYFUNCTION("""COMPUTED_VALUE"""),126.0) -> 126 | I65: 59.672131 | J65: Lunch | K65: =IFERROR(__xludf.DUMMYFUNCTION("""COMPUTED_VALUE"""),46063.0) -> 46063 | L65: =IFS( K65="","", WEEKDAY(K65)=1, "Sunday", WEEKDAY(K65)=2, "Monday", WEEKDAY(K65)=3, "Tuesday", WEEKDAY(K65)=4, "Wednesday", WEEKDAY(K65)=5, "Thursday", WEEKDAY(K65)=6, "Friday", WEEKDAY(K65)=7, "Saturday" ) -> Tuesday | M65: =IFERROR(__xludf.DUMMYFUNCTION("""COMPUTED_VALUE"""),"MF") -> MF | N65: 1.1868557 | O65: =IFERROR(__xludf.DUMMYFUNCTION("""COMPUTED_VALUE"""),"") | P65: =IFERROR(__xludf.DUMMYFUNCTION("""COMPUTED_VALUE"""),"") | Q65: =IFERROR(__xludf.DUMMYFUNCTION("""COMPUTED_VALUE"""),"") | R65: =IFERROR(__xludf.DUMMYFUNCTION("""COMPUTED_VALUE"""),"") | S65: =IFERROR(__xludf.DUMMYFUNCTION("""COMPUTED_VALUE"""),"") | T65: =IFERROR(__xludf.DUMMYFUNCTION("""COMPUTED_VALUE"""),"") | U65: =IFERROR(__xludf.DUMMYFUNCTION("""COMPUTED_VALUE"""),"") | V65: =IFERROR(__xludf.DUMMYFUNCTION("""COMPUTED_VALUE"""),"") | W65: =iferror(if(U65/(V65*24)=0,"",U65/(V65*24)),"") | X65: =IFERROR(__xludf.DUMMYFUNCTION("""COMPUTED_VALUE"""),"") | Y65: =IFERROR(__xludf.DUMMYFUNCTION("""COMPUTED_VALUE"""),"")
A66: =IFERROR(__xludf.DUMMYFUNCTION("""COMPUTED_VALUE"""),46063.62017760417) -> 46063.62 | B66: =IFERROR(__xludf.DUMMYFUNCTION("""COMPUTED_VALUE"""),"Kyra Turner") -> Kyra Turner | C66: =IF( B66="", "", AND( B66=B65, K66=K65, M66=M65, ABS(D66 - F65) <= TIME(0,25,0) ) ) -> TRUE | D66: =IFERROR(__xludf.DUMMYFUNCTION("""COMPUTED_VALUE"""),0.5763888888888888) -> 0.57638889 | E66: =IFERROR(__xludf.DUMMYFUNCTION("""COMPUTED_VALUE"""),0.04305555555199847) -> 0.043055556 | F66: =IFERROR(__xludf.DUMMYFUNCTION("""COMPUTED_VALUE"""),0.6194444444408873) -> 0.61944444 | H66: =IFERROR(__xludf.DUMMYFUNCTION("""COMPUTED_VALUE"""),56.0) -> 56 | J66: Lunch | K66: =IFERROR(__xludf.DUMMYFUNCTION("""COMPUTED_VALUE"""),46063.0) -> 46063 | L66: =IFS( K66="","", WEEKDAY(K66)=1, "Sunday", WEEKDAY(K66)=2, "Monday", WEEKDAY(K66)=3, "Tuesday", WEEKDAY(K66)=4, "Wednesday", WEEKDAY(K66)=5, "Thursday", WEEKDAY(K66)=6, "Friday", WEEKDAY(K66)=7, "Saturday" ) -> Tuesday | M66: =IFERROR(__xludf.DUMMYFUNCTION("""COMPUTED_VALUE"""),"MF") -> MF | O66: =IFERROR(__xludf.DUMMYFUNCTION("""COMPUTED_VALUE"""),"") | P66: =IFERROR(__xludf.DUMMYFUNCTION("""COMPUTED_VALUE"""),"") | Q66: =IFERROR(__xludf.DUMMYFUNCTION("""COMPUTED_VALUE"""),"") | R66: =IFERROR(__xludf.DUMMYFUNCTION("""COMPUTED_VALUE"""),"") | S66: =IFERROR(__xludf.DUMMYFUNCTION("""COMPUTED_VALUE"""),"") | T66: =IFERROR(__xludf.DUMMYFUNCTION("""COMPUTED_VALUE"""),"") | U66: =IFERROR(__xludf.DUMMYFUNCTION("""COMPUTED_VALUE"""),"") | V66: =IFERROR(__xludf.DUMMYFUNCTION("""COMPUTED_VALUE"""),"") | W66: =iferror(if(U66/(V66*24)=0,"",U66/(V66*24)),"") | X66: =IFERROR(__xludf.DUMMYFUNCTION("""COMPUTED_VALUE"""),"") | Y66: =IFERROR(__xludf.DUMMYFUNCTION("""COMPUTED_VALUE"""),"")
A67: =IFERROR(__xludf.DUMMYFUNCTION("""COMPUTED_VALUE"""),46063.64648833333) -> 46063.646 | B67: =IFERROR(__xludf.DUMMYFUNCTION("""COMPUTED_VALUE"""),"Arjya Aich") -> Arjya Aich | C67: =IF( B67="", "", AND( B67=B66, K67=K66, M67=M66, ABS(D67 - F66) <= TIME(0,25,0) ) ) -> FALSE | D67: =IFERROR(__xludf.DUMMYFUNCTION("""COMPUTED_VALUE"""),0.5138888888905058) -> 0.51388889 | E67: =IFERROR(__xludf.DUMMYFUNCTION("""COMPUTED_VALUE"""),0.13194444444525288) -> 0.13194444 | F67: =IFERROR(__xludf.DUMMYFUNCTION("""COMPUTED_VALUE"""),0.6458333333357587) -> 0.64583333 | G67: 0.13194444 | H67: =IFERROR(__xludf.DUMMYFUNCTION("""COMPUTED_VALUE"""),40.0) -> 40 | I67: 12.631579 | J67: Lunch | K67: =IFERROR(__xludf.DUMMYFUNCTION("""COMPUTED_VALUE"""),46063.0) -> 46063 | L67: =IFS( K67="","", WEEKDAY(K67)=1, "Sunday", WEEKDAY(K67)=2, "Monday", WEEKDAY(K67)=3, "Tuesday", WEEKDAY(K67)=4, "Wednesday", WEEKDAY(K67)=5, "Thursday", WEEKDAY(K67)=6, "Friday", WEEKDAY(K67)=7, "Saturday" ) -> Tuesday | M67: =IFERROR(__xludf.DUMMYFUNCTION("""COMPUTED_VALUE"""),"BF") -> BF | N67: 0.44554814 | O67: =IFERROR(__xludf.DUMMYFUNCTION("""COMPUTED_VALUE"""),"") | P67: =IFERROR(__xludf.DUMMYFUNCTION("""COMPUTED_VALUE"""),"") | Q67: =IFERROR(__xludf.DUMMYFUNCTION("""COMPUTED_VALUE"""),"") | R67: =IFERROR(__xludf.DUMMYFUNCTION("""COMPUTED_VALUE"""),"") | S67: =IFERROR(__xludf.DUMMYFUNCTION("""COMPUTED_VALUE"""),"") | T67: =IFERROR(__xludf.DUMMYFUNCTION("""COMPUTED_VALUE"""),"") | U67: =IFERROR(__xludf.DUMMYFUNCTION("""COMPUTED_VALUE"""),"") | V67: =IFERROR(__xludf.DUMMYFUNCTION("""COMPUTED_VALUE"""),"") | W67: =iferror(if(U67/(V67*24)=0,"",U67/(V67*24)),"") | X67: =IFERROR(__xludf.DUMMYFUNCTION("""COMPUTED_VALUE"""),"") | Y67: =IFERROR(__xludf.DUMMYFUNCTION("""COMPUTED_VALUE"""),"")
A68: =IFERROR(__xludf.DUMMYFUNCTION("""COMPUTED_VALUE"""),46063.86804144676) -> 46063.868 | B68: =IFERROR(__xludf.DUMMYFUNCTION("""COMPUTED_VALUE"""),"Laila Maisuria") -> Laila Maisuria | C68: =IF( B68="", "", AND( B68=B67, K68=K67, M68=M67, ABS(D68 - F67) <= TIME(0,25,0) ) ) -> FALSE | D68: =IFERROR(__xludf.DUMMYFUNCTION("""COMPUTED_VALUE"""),0.7548611111124046) -> 0.75486111 | E68: =IFERROR(__xludf.DUMMYFUNCTION("""COMPUTED_VALUE"""),0.11180555555620231) -> 0.11180556 | F68: =IFERROR(__xludf.DUMMYFUNCTION("""COMPUTED_VALUE"""),0.8666666666686069) -> 0.86666667 | G68: 0.11180556 | H68: =IFERROR(__xludf.DUMMYFUNCTION("""COMPUTED_VALUE"""),123.0) -> 123 | I68: 45.838509 | J68: Dinner | K68: =IFERROR(__xludf.DUMMYFUNCTION("""COMPUTED_VALUE"""),46063.0) -> 46063 | L68: =IFS( K68="","", WEEKDAY(K68)=1, "Sunday", WEEKDAY(K68)=2, "Monday", WEEKDAY(K68)=3, "Tuesday", WEEKDAY(K68)=4, "Wednesday", WEEKDAY(K68)=5, "Thursday", WEEKDAY(K68)=6, "Friday", WEEKDAY(K68)=7, "Saturday" ) -> Tuesday | M68: =IFERROR(__xludf.DUMMYFUNCTION("""COMPUTED_VALUE"""),"MF") -> MF | N68: 0.95877502 | O68: =IFERROR(__xludf.DUMMYFUNCTION("""COMPUTED_VALUE"""),"") | P68: =IFERROR(__xludf.DUMMYFUNCTION("""COMPUTED_VALUE"""),"") | Q68: =IFERROR(__xludf.DUMMYFUNCTION("""COMPUTED_VALUE"""),"") | R68: =IFERROR(__xludf.DUMMYFUNCTION("""COMPUTED_VALUE"""),"") | S68: =IFERROR(__xludf.DUMMYFUNCTION("""COMPUTED_VALUE"""),"") | T68: =IFERROR(__xludf.DUMMYFUNCTION("""COMPUTED_VALUE"""),"") | U68: =IFERROR(__xludf.DUMMYFUNCTION("""COMPUTED_VALUE"""),"") | V68: =IFERROR(__xludf.DUMMYFUNCTION("""COMPUTED_VALUE"""),"") | W68: =iferror(if(U68/(V68*24)=0,"",U68/(V68*24)),"") | X68: =IFERROR(__xludf.DUMMYFUNCTION("""COMPUTED_VALUE"""),"") | Y68: =IFERROR(__xludf.DUMMYFUNCTION("""COMPUTED_VALUE"""),"")
A69: =IFERROR(__xludf.DUMMYFUNCTION("""COMPUTED_VALUE"""),46064.42201444444) -> 46064.422 | B69: =IFERROR(__xludf.DUMMYFUNCTION("""COMPUTED_VALUE"""),"Leah Bucci") -> Leah Bucci | C69: =IF( B69="", "", AND( B69=B68, K69=K68, M69=M68, ABS(D69 - F68) <= TIME(0,25,0) ) ) -> FALSE | D69: =IFERROR(__xludf.DUMMYFUNCTION("""COMPUTED_VALUE"""),0.6875) -> 0.6875 | E69: =IFERROR(__xludf.DUMMYFUNCTION("""COMPUTED_VALUE"""),0.10416666666424135) -> 0.10416667 | F69: =IFERROR(__xludf.DUMMYFUNCTION("""COMPUTED_VALUE"""),0.7916666666642413) -> 0.79166667 | G69: 0.10416667 | H69: =IFERROR(__xludf.DUMMYFUNCTION("""COMPUTED_VALUE"""),117.0) -> 117 | I69: 46.8 | J69: Dinner | K69: =IFERROR(__xludf.DUMMYFUNCTION("""COMPUTED_VALUE"""),46063.0) -> 46063 | L69: =IFS( K69="","", WEEKDAY(K69)=1, "Sunday", WEEKDAY(K69)=2, "Monday", WEEKDAY(K69)=3, "Tuesday", WEEKDAY(K69)=4, "Wednesday", WEEKDAY(K69)=5, "Thursday", WEEKDAY(K69)=6, "Friday", WEEKDAY(K69)=7, "Saturday" ) -> Tuesday | M69: =IFERROR(__xludf.DUMMYFUNCTION("""COMPUTED_VALUE"""),"BF") -> BF | N69: 1.0532992 | O69: =IFERROR(__xludf.DUMMYFUNCTION("""COMPUTED_VALUE"""),305.0) -> 305 | P69: =IFERROR(__xludf.DUMMYFUNCTION("""COMPUTED_VALUE"""),258.0) -> 258 | Q69: =IFERROR(__xludf.DUMMYFUNCTION("""COMPUTED_VALUE"""),0.2388888888906675) -> 0.23888889 | R69: =IFERROR(__xludf.DUMMYFUNCTION("""COMPUTED_VALUE"""),0.3097222222185034) -> 0.30972222 | S69: =IFERROR(__xludf.DUMMYFUNCTION("""COMPUTED_VALUE"""),52.75532023175727) -> 52.75532 | T69: =IFERROR(__xludf.DUMMYFUNCTION("""COMPUTED_VALUE"""),38.867130090255955) -> 38.86713 | U69: =IFERROR(__xludf.DUMMYFUNCTION("""COMPUTED_VALUE"""),563.0) -> 563 | V69: =IFERROR(__xludf.DUMMYFUNCTION("""COMPUTED_VALUE"""),0.5486111111091709) -> 0.54861111 | W69: =iferror(if(U69/(V69*24)=0,"",U69/(V69*24)),"") -> 42.759494 | X69: =IFERROR(__xludf.DUMMYFUNCTION("""COMPUTED_VALUE"""),44.42240614685648) -> 44.422406 | Y69: =IFERROR(__xludf.DUMMYFUNCTION("""COMPUTED_VALUE"""),0.6761074857868024) -> 0.67610749
A70: =IFERROR(__xludf.DUMMYFUNCTION("""COMPUTED_VALUE"""),46064.62069019676) -> 46064.621 | B70: =IFERROR(__xludf.DUMMYFUNCTION("""COMPUTED_VALUE"""),"Evan Morgan") -> Evan Morgan | C70: =IF( B70="", "", AND( B70=B69, K70=K69, M70=M69, ABS(D70 - F69) <= TIME(0,25,0) ) ) -> FALSE | D70: =IFERROR(__xludf.DUMMYFUNCTION("""COMPUTED_VALUE"""),0.5416666666642413) -> 0.54166667 | E70: =IFERROR(__xludf.DUMMYFUNCTION("""COMPUTED_VALUE"""),0.08333333333575865) -> 0.083333333 | F70: =IFERROR(__xludf.DUMMYFUNCTION("""COMPUTED_VALUE"""),0.625) -> 0.625 | G70: 0.083333333 | H70: =IFERROR(__xludf.DUMMYFUNCTION("""COMPUTED_VALUE"""),128.0) -> 128 | I70: 64 | J70: Lunch | K70: =IFERROR(__xludf.DUMMYFUNCTION("""COMPUTED_VALUE"""),46064.0) -> 46064 | L70: =IFS( K70="","", WEEKDAY(K70)=1, "Sunday", WEEKDAY(K70)=2, "Monday", WEEKDAY(K70)=3, "Tuesday", WEEKDAY(K70)=4, "Wednesday", WEEKDAY(K70)=5, "Thursday", WEEKDAY(K70)=6, "Friday", WEEKDAY(K70)=7, "Saturday" ) -> Wednesday | M70: =IFERROR(__xludf.DUMMYFUNCTION("""COMPUTED_VALUE"""),"MF") -> MF | N70: 1.2729354 | O70: =IFERROR(__xludf.DUMMYFUNCTION("""COMPUTED_VALUE"""),"") | P70: =IFERROR(__xludf.DUMMYFUNCTION("""COMPUTED_VALUE"""),"") | Q70: =IFERROR(__xludf.DUMMYFUNCTION("""COMPUTED_VALUE"""),"") | R70: =IFERROR(__xludf.DUMMYFUNCTION("""COMPUTED_VALUE"""),"") | S70: =IFERROR(__xludf.DUMMYFUNCTION("""COMPUTED_VALUE"""),"") | T70: =IFERROR(__xludf.DUMMYFUNCTION("""COMPUTED_VALUE"""),"") | U70: =IFERROR(__xludf.DUMMYFUNCTION("""COMPUTED_VALUE"""),"") | V70: =IFERROR(__xludf.DUMMYFUNCTION("""COMPUTED_VALUE"""),"") | W70: =iferror(if(U70/(V70*24)=0,"",U70/(V70*24)),"") | X70: =IFERROR(__xludf.DUMMYFUNCTION("""COMPUTED_VALUE"""),"") | Y70: =IFERROR(__xludf.DUMMYFUNCTION("""COMPUTED_VALUE"""),"")
A71: =IFERROR(__xludf.DUMMYFUNCTION("""COMPUTED_VALUE"""),46064.739611620374) -> 46064.74 | B71: =IFERROR(__xludf.DUMMYFUNCTION("""COMPUTED_VALUE"""),"Evan Morgan") -> Evan Morgan | C71: =IF( B71="", "", AND( B71=B70, K71=K70, M71=M70, ABS(D71 - F70) <= TIME(0,25,0) ) ) -> FALSE | D71: =IFERROR(__xludf.DUMMYFUNCTION("""COMPUTED_VALUE"""),0.6666666666642413) -> 0.66666667 | E71: =IFERROR(__xludf.DUMMYFUNCTION("""COMPUTED_VALUE"""),0.06597222222626442) -> 0.065972222 | F71: =IFERROR(__xludf.DUMMYFUNCTION("""COMPUTED_VALUE"""),0.7326388888905058) -> 0.73263889 | G71: 0.065972222 | H71: =IFERROR(__xludf.DUMMYFUNCTION("""COMPUTED_VALUE"""),94.0) -> 94 | I71: 59.368421 | J71: Dinner | K71: =IFERROR(__xludf.DUMMYFUNCTION("""COMPUTED_VALUE"""),46064.0) -> 46064 | L71: =IFS( K71="","", WEEKDAY(K71)=1, "Sunday", WEEKDAY(K71)=2, "Monday", WEEKDAY(K71)=3, "Tuesday", WEEKDAY(K71)=4, "Wednesday", WEEKDAY(K71)=5, "Thursday", WEEKDAY(K71)=6, "Friday", WEEKDAY(K71)=7, "Saturday" ) -> Wednesday | M71: =IFERROR(__xludf.DUMMYFUNCTION("""COMPUTED_VALUE"""),"MF") -> MF | N71: 1.2417716 | O71: =IFERROR(__xludf.DUMMYFUNCTION("""COMPUTED_VALUE"""),"") | P71: =IFERROR(__xludf.DUMMYFUNCTION("""COMPUTED_VALUE"""),"") | Q71: =IFERROR(__xludf.DUMMYFUNCTION("""COMPUTED_VALUE"""),"") | R71: =IFERROR(__xludf.DUMMYFUNCTION("""COMPUTED_VALUE"""),"") | S71: =IFERROR(__xludf.DUMMYFUNCTION("""COMPUTED_VALUE"""),"") | T71: =IFERROR(__xludf.DUMMYFUNCTION("""COMPUTED_VALUE"""),"") | U71: =IFERROR(__xludf.DUMMYFUNCTION("""COMPUTED_VALUE"""),"") | V71: =IFERROR(__xludf.DUMMYFUNCTION("""COMPUTED_VALUE"""),"") | W71: =iferror(if(U71/(V71*24)=0,"",U71/(V71*24)),"") | X71: =IFERROR(__xludf.DUMMYFUNCTION("""COMPUTED_VALUE"""),"") | Y71: =IFERROR(__xludf.DUMMYFUNCTION("""COMPUTED_VALUE"""),"")
A72: =IFERROR(__xludf.DUMMYFUNCTION("""COMPUTED_VALUE"""),46064.79300583333) -> 46064.793 | B72: =IFERROR(__xludf.DUMMYFUNCTION("""COMPUTED_VALUE"""),"Brynn Hornig") -> Brynn Hornig | C72: =IF( B72="", "", AND( B72=B71, K72=K71, M72=M71, ABS(D72 - F71) <= TIME(0,25,0) ) ) -> FALSE | D72: =IFERROR(__xludf.DUMMYFUNCTION("""COMPUTED_VALUE"""),0.75) -> 0.75 | E72: =IFERROR(__xludf.DUMMYFUNCTION("""COMPUTED_VALUE"""),0.04166666666424135) -> 0.041666667 | F72: =IFERROR(__xludf.DUMMYFUNCTION("""COMPUTED_VALUE"""),0.7916666666642413) -> 0.79166667 | G72: 0.041666667 | H72: =IFERROR(__xludf.DUMMYFUNCTION("""COMPUTED_VALUE"""),116.0) -> 116 | I72: 116 | J72: Dinner | K72: =IFERROR(__xludf.DUMMYFUNCTION("""COMPUTED_VALUE"""),46064.0) -> 46064 | L72: =IFS( K72="","", WEEKDAY(K72)=1, "Sunday", WEEKDAY(K72)=2, "Monday", WEEKDAY(K72)=3, "Tuesday", WEEKDAY(K72)=4, "Wednesday", WEEKDAY(K72)=5, "Thursday", WEEKDAY(K72)=6, "Friday", WEEKDAY(K72)=7, "Saturday" ) -> Wednesday | M72: =IFERROR(__xludf.DUMMYFUNCTION("""COMPUTED_VALUE"""),"MF") -> MF | N72: 2.4262984 | O72: =IFERROR(__xludf.DUMMYFUNCTION("""COMPUTED_VALUE"""),"") | P72: =IFERROR(__xludf.DUMMYFUNCTION("""COMPUTED_VALUE"""),"") | Q72: =IFERROR(__xludf.DUMMYFUNCTION("""COMPUTED_VALUE"""),"") | R72: =IFERROR(__xludf.DUMMYFUNCTION("""COMPUTED_VALUE"""),"") | S72: =IFERROR(__xludf.DUMMYFUNCTION("""COMPUTED_VALUE"""),"") | T72: =IFERROR(__xludf.DUMMYFUNCTION("""COMPUTED_VALUE"""),"") | U72: =IFERROR(__xludf.DUMMYFUNCTION("""COMPUTED_VALUE"""),"") | V72: =IFERROR(__xludf.DUMMYFUNCTION("""COMPUTED_VALUE"""),"") | W72: =iferror(if(U72/(V72*24)=0,"",U72/(V72*24)),"") | X72: =IFERROR(__xludf.DUMMYFUNCTION("""COMPUTED_VALUE"""),"") | Y72: =IFERROR(__xludf.DUMMYFUNCTION("""COMPUTED_VALUE"""),"")
A73: =IFERROR(__xludf.DUMMYFUNCTION("""COMPUTED_VALUE"""),46064.847970601855) -> 46064.848 | B73: =IFERROR(__xludf.DUMMYFUNCTION("""COMPUTED_VALUE"""),"Maureen Surgot") -> Maureen Surgot | C73: =IF( B73="", "", AND( B73=B72, K73=K72, M73=M72, ABS(D73 - F72) <= TIME(0,25,0) ) ) -> FALSE | D73: =IFERROR(__xludf.DUMMYFUNCTION("""COMPUTED_VALUE"""),0.6875) -> 0.6875 | E73: =IFERROR(__xludf.DUMMYFUNCTION("""COMPUTED_VALUE"""),0.16666666666424135) -> 0.16666667 | F73: =IFERROR(__xludf.DUMMYFUNCTION("""COMPUTED_VALUE"""),0.8541666666642413) -> 0.85416667 | G73: 0.16666667 | H73: =IFERROR(__xludf.DUMMYFUNCTION("""COMPUTED_VALUE"""),149.0) -> 149 | I73: 37.25 | J73: Dinner | K73: =IFERROR(__xludf.DUMMYFUNCTION("""COMPUTED_VALUE"""),46064.0) -> 46064 | L73: =IFS( K73="","", WEEKDAY(K73)=1, "Sunday", WEEKDAY(K73)=2, "Monday", WEEKDAY(K73)=3, "Tuesday", WEEKDAY(K73)=4, "Wednesday", WEEKDAY(K73)=5, "Thursday", WEEKDAY(K73)=6, "Friday", WEEKDAY(K73)=7, "Saturday" ) -> Wednesday | M73: =IFERROR(__xludf.DUMMYFUNCTION("""COMPUTED_VALUE"""),"BF") -> BF | N73: 0.83836317 | O73: =IFERROR(__xludf.DUMMYFUNCTION("""COMPUTED_VALUE"""),"") | P73: =IFERROR(__xludf.DUMMYFUNCTION("""COMPUTED_VALUE"""),"") | Q73: =IFERROR(__xludf.DUMMYFUNCTION("""COMPUTED_VALUE"""),"") | R73: =IFERROR(__xludf.DUMMYFUNCTION("""COMPUTED_VALUE"""),"") | S73: =IFERROR(__xludf.DUMMYFUNCTION("""COMPUTED_VALUE"""),"") | T73: =IFERROR(__xludf.DUMMYFUNCTION("""COMPUTED_VALUE"""),"") | U73: =IFERROR(__xludf.DUMMYFUNCTION("""COMPUTED_VALUE"""),"") | V73: =IFERROR(__xludf.DUMMYFUNCTION("""COMPUTED_VALUE"""),"") | W73: =iferror(if(U73/(V73*24)=0,"",U73/(V73*24)),"") | X73: =IFERROR(__xludf.DUMMYFUNCTION("""COMPUTED_VALUE"""),"") | Y73: =IFERROR(__xludf.DUMMYFUNCTION("""COMPUTED_VALUE"""),"")
A74: =IFERROR(__xludf.DUMMYFUNCTION("""COMPUTED_VALUE"""),46064.853610833336) -> 46064.854 | B74: =IFERROR(__xludf.DUMMYFUNCTION("""COMPUTED_VALUE"""),"Brynn Hornig") -> Brynn Hornig | C74: =IF( B74="", "", AND( B74=B73, K74=K73, M74=M73, ABS(D74 - F73) <= TIME(0,25,0) ) ) -> FALSE | D74: =IFERROR(__xludf.DUMMYFUNCTION("""COMPUTED_VALUE"""),0.7916666666642413) -> 0.79166667 | E74: =IFERROR(__xludf.DUMMYFUNCTION("""COMPUTED_VALUE"""),0.061111111113859806) -> 0.061111111 | F74: =IFERROR(__xludf.DUMMYFUNCTION("""COMPUTED_VALUE"""),0.8527777777781012) -> 0.85277778 | G74: 0.081944444 | H74: =IFERROR(__xludf.DUMMYFUNCTION("""COMPUTED_VALUE"""),140.0) -> 140 | I74: 79.830508 | J74: Dinner | K74: =IFERROR(__xludf.DUMMYFUNCTION("""COMPUTED_VALUE"""),46064.0) -> 46064 | L74: =IFS( K74="","", WEEKDAY(K74)=1, "Sunday", WEEKDAY(K74)=2, "Monday", WEEKDAY(K74)=3, "Tuesday", WEEKDAY(K74)=4, "Wednesday", WEEKDAY(K74)=5, "Thursday", WEEKDAY(K74)=6, "Friday", WEEKDAY(K74)=7, "Saturday" ) -> Wednesday | M74: =IFERROR(__xludf.DUMMYFUNCTION("""COMPUTED_VALUE"""),"MF") -> MF | N74: 1.6697641 | O74: =IFERROR(__xludf.DUMMYFUNCTION("""COMPUTED_VALUE"""),"") | P74: =IFERROR(__xludf.DUMMYFUNCTION("""COMPUTED_VALUE"""),"") | Q74: =IFERROR(__xludf.DUMMYFUNCTION("""COMPUTED_VALUE"""),"") | R74: =IFERROR(__xludf.DUMMYFUNCTION("""COMPUTED_VALUE"""),"") | S74: =IFERROR(__xludf.DUMMYFUNCTION("""COMPUTED_VALUE"""),"") | T74: =IFERROR(__xludf.DUMMYFUNCTION("""COMPUTED_VALUE"""),"") | U74: =IFERROR(__xludf.DUMMYFUNCTION("""COMPUTED_VALUE"""),"") | V74: =IFERROR(__xludf.DUMMYFUNCTION("""COMPUTED_VALUE"""),"") | W74: =iferror(if(U74/(V74*24)=0,"",U74/(V74*24)),"") | X74: =IFERROR(__xludf.DUMMYFUNCTION("""COMPUTED_VALUE"""),"") | Y74: =IFERROR(__xludf.DUMMYFUNCTION("""COMPUTED_VALUE"""),"")
A75: =IFERROR(__xludf.DUMMYFUNCTION("""COMPUTED_VALUE"""),46064.87220533565) -> 46064.872 | B75: =IFERROR(__xludf.DUMMYFUNCTION("""COMPUTED_VALUE"""),"Brynn Hornig") -> Brynn Hornig | C75: =IF( B75="", "", AND( B75=B74, K75=K74, M75=M74, ABS(D75 - F74) <= TIME(0,25,0) ) ) -> TRUE | D75: =IFERROR(__xludf.DUMMYFUNCTION("""COMPUTED_VALUE"""),0.8541666666642413) -> 0.85416667 | E75: =IFERROR(__xludf.DUMMYFUNCTION("""COMPUTED_VALUE"""),0.020833333335758653) -> 0.020833333 | F75: =IFERROR(__xludf.DUMMYFUNCTION("""COMPUTED_VALUE"""),0.875) -> 0.875 | H75: =IFERROR(__xludf.DUMMYFUNCTION("""COMPUTED_VALUE"""),17.0) -> 17 | J75: Dinner | K75: =IFERROR(__xludf.DUMMYFUNCTION("""COMPUTED_VALUE"""),46064.0) -> 46064 | L75: =IFS( K75="","", WEEKDAY(K75)=1, "Sunday", WEEKDAY(K75)=2, "Monday", WEEKDAY(K75)=3, "Tuesday", WEEKDAY(K75)=4, "Wednesday", WEEKDAY(K75)=5, "Thursday", WEEKDAY(K75)=6, "Friday", WEEKDAY(K75)=7, "Saturday" ) -> Wednesday | M75: =IFERROR(__xludf.DUMMYFUNCTION("""COMPUTED_VALUE"""),"MF") -> MF | O75: =IFERROR(__xludf.DUMMYFUNCTION("""COMPUTED_VALUE"""),495.0) -> 495 | P75: =IFERROR(__xludf.DUMMYFUNCTION("""COMPUTED_VALUE"""),149.0) -> 149 | Q75: =IFERROR(__xludf.DUMMYFUNCTION("""COMPUTED_VALUE"""),0.2729166666758829) -> 0.27291667 | R75: =IFERROR(__xludf.DUMMYFUNCTION("""COMPUTED_VALUE"""),0.16666666666424135) -> 0.16666667 | S75: =IFERROR(__xludf.DUMMYFUNCTION("""COMPUTED_VALUE"""),79.79973238085479) -> 79.799732 | T75: =IFERROR(__xludf.DUMMYFUNCTION("""COMPUTED_VALUE"""),37.25000000054206) -> 37.25 | U75: =IFERROR(__xludf.DUMMYFUNCTION("""COMPUTED_VALUE"""),644.0) -> 644 | V75: =IFERROR(__xludf.DUMMYFUNCTION("""COMPUTED_VALUE"""),0.4395833333401242) -> 0.43958333 | W75: =iferror(if(U75/(V75*24)=0,"",U75/(V75*24)),"") -> 61.042654 | X75: =IFERROR(__xludf.DUMMYFUNCTION("""COMPUTED_VALUE"""),71.28978590479225) -> 71.289786 | Y75: =IFERROR(__xludf.DUMMYFUNCTION("""COMPUTED_VALUE"""),1.078635511224661) -> 1.0786355
A76: =IFERROR(__xludf.DUMMYFUNCTION("""COMPUTED_VALUE"""),46065.36223013889) -> 46065.362 | B76: =IFERROR(__xludf.DUMMYFUNCTION("""COMPUTED_VALUE"""),"Evan Morgan") -> Evan Morgan | C76: =IF( B76="", "", AND( B76=B75, K76=K75, M76=M75, ABS(D76 - F75) <= TIME(0,25,0) ) ) -> FALSE | D76: =IFERROR(__xludf.DUMMYFUNCTION("""COMPUTED_VALUE"""),0.29166666666424135) -> 0.29166667 | E76: =IFERROR(__xludf.DUMMYFUNCTION("""COMPUTED_VALUE"""),0.06944444444525288) -> 0.069444444 | F76: =IFERROR(__xludf.DUMMYFUNCTION("""COMPUTED_VALUE"""),0.36111111110949423) -> 0.36111111 | G76: 0.069444444 | H76: =IFERROR(__xludf.DUMMYFUNCTION("""COMPUTED_VALUE"""),17.0) -> 17 | I76: 10.2 | J76: Breakfast | K76: =IFERROR(__xludf.DUMMYFUNCTION("""COMPUTED_VALUE"""),46065.0) -> 46065 | L76: =IFS( K76="","", WEEKDAY(K76)=1, "Sunday", WEEKDAY(K76)=2, "Monday", WEEKDAY(K76)=3, "Tuesday", WEEKDAY(K76)=4, "Wednesday", WEEKDAY(K76)=5, "Thursday", WEEKDAY(K76)=6, "Friday", WEEKDAY(K76)=7, "Saturday" ) -> Thursday | M76: =IFERROR(__xludf.DUMMYFUNCTION("""COMPUTED_VALUE"""),"BF") -> BF | N76: 0.35978012 | O76: =IFERROR(__xludf.DUMMYFUNCTION("""COMPUTED_VALUE"""),"") | P76: =IFERROR(__xludf.DUMMYFUNCTION("""COMPUTED_VALUE"""),"") | Q76: =IFERROR(__xludf.DUMMYFUNCTION("""COMPUTED_VALUE"""),"") | R76: =IFERROR(__xludf.DUMMYFUNCTION("""COMPUTED_VALUE"""),"") | S76: =IFERROR(__xludf.DUMMYFUNCTION("""COMPUTED_VALUE"""),"") | T76: =IFERROR(__xludf.DUMMYFUNCTION("""COMPUTED_VALUE"""),"") | U76: =IFERROR(__xludf.DUMMYFUNCTION("""COMPUTED_VALUE"""),"") | V76: =IFERROR(__xludf.DUMMYFUNCTION("""COMPUTED_VALUE"""),"") | W76: =iferror(if(U76/(V76*24)=0,"",U76/(V76*24)),"") | X76: =IFERROR(__xludf.DUMMYFUNCTION("""COMPUTED_VALUE"""),"") | Y76: =IFERROR(__xludf.DUMMYFUNCTION("""COMPUTED_VALUE"""),"")
A77: =IFERROR(__xludf.DUMMYFUNCTION("""COMPUTED_VALUE"""),46065.45889394676) -> 46065.459 | B77: =IFERROR(__xludf.DUMMYFUNCTION("""COMPUTED_VALUE"""),"Sophia Kluck") -> Sophia Kluck | C77: =IF( B77="", "", AND( B77=B76, K77=K76, M77=M76, ABS(D77 - F76) <= TIME(0,25,0) ) ) -> FALSE | D77: =IFERROR(__xludf.DUMMYFUNCTION("""COMPUTED_VALUE"""),0.36597222222189885) -> 0.36597222 | E77: =IFERROR(__xludf.DUMMYFUNCTION("""COMPUTED_VALUE"""),0.08125000000291038) -> 0.08125 | F77: =IFERROR(__xludf.DUMMYFUNCTION("""COMPUTED_VALUE"""),0.44722222222480923) -> 0.44722222 | G77: 0.10833333 | H77: =IFERROR(__xludf.DUMMYFUNCTION("""COMPUTED_VALUE"""),87.0) -> 87 | I77: 42.692308 | J77: Breakfast | K77: =IFERROR(__xludf.DUMMYFUNCTION("""COMPUTED_VALUE"""),46065.0) -> 46065 | L77: =IFS( K77="","", WEEKDAY(K77)=1, "Sunday", WEEKDAY(K77)=2, "Monday", WEEKDAY(K77)=3, "Tuesday", WEEKDAY(K77)=4, "Wednesday", WEEKDAY(K77)=5, "Thursday", WEEKDAY(K77)=6, "Friday", WEEKDAY(K77)=7, "Saturday" ) -> Thursday | M77: =IFERROR(__xludf.DUMMYFUNCTION("""COMPUTED_VALUE"""),"BF") -> BF | N77: 1.505867 | O77: =IFERROR(__xludf.DUMMYFUNCTION("""COMPUTED_VALUE"""),"") | P77: =IFERROR(__xludf.DUMMYFUNCTION("""COMPUTED_VALUE"""),"") | Q77: =IFERROR(__xludf.DUMMYFUNCTION("""COMPUTED_VALUE"""),"") | R77: =IFERROR(__xludf.DUMMYFUNCTION("""COMPUTED_VALUE"""),"") | S77: =IFERROR(__xludf.DUMMYFUNCTION("""COMPUTED_VALUE"""),"") | T77: =IFERROR(__xludf.DUMMYFUNCTION("""COMPUTED_VALUE"""),"") | U77: =IFERROR(__xludf.DUMMYFUNCTION("""COMPUTED_VALUE"""),"") | V77: =IFERROR(__xludf.DUMMYFUNCTION("""COMPUTED_VALUE"""),"") | W77: =iferror(if(U77/(V77*24)=0,"",U77/(V77*24)),"") | X77: =IFERROR(__xludf.DUMMYFUNCTION("""COMPUTED_VALUE"""),"") | Y77: =IFERROR(__xludf.DUMMYFUNCTION("""COMPUTED_VALUE"""),"")
A78: =IFERROR(__xludf.DUMMYFUNCTION("""COMPUTED_VALUE"""),46065.479420972224) -> 46065.479 | B78: =IFERROR(__xludf.DUMMYFUNCTION("""COMPUTED_VALUE"""),"Sophia Kluck") -> Sophia Kluck | C78: =IF( B78="", "", AND( B78=B77, K78=K77, M78=M77, ABS(D78 - F77) <= TIME(0,25,0) ) ) -> TRUE | D78: =IFERROR(__xludf.DUMMYFUNCTION("""COMPUTED_VALUE"""),0.4493055555576575) -> 0.44930556 | E78: =IFERROR(__xludf.DUMMYFUNCTION("""COMPUTED_VALUE"""),0.027083333327027503) -> 0.027083333 | F78: =IFERROR(__xludf.DUMMYFUNCTION("""COMPUTED_VALUE"""),0.476388888884685) -> 0.47638889 | H78: =IFERROR(__xludf.DUMMYFUNCTION("""COMPUTED_VALUE"""),24.0) -> 24 | J78: Breakfast/Lunch | K78: =IFERROR(__xludf.DUMMYFUNCTION("""COMPUTED_VALUE"""),46065.0) -> 46065 | L78: =IFS( K78="","", WEEKDAY(K78)=1, "Sunday", WEEKDAY(K78)=2, "Monday", WEEKDAY(K78)=3, "Tuesday", WEEKDAY(K78)=4, "Wednesday", WEEKDAY(K78)=5, "Thursday", WEEKDAY(K78)=6, "Friday", WEEKDAY(K78)=7, "Saturday" ) -> Thursday | M78: =IFERROR(__xludf.DUMMYFUNCTION("""COMPUTED_VALUE"""),"BF") -> BF | O78: =IFERROR(__xludf.DUMMYFUNCTION("""COMPUTED_VALUE"""),"") | P78: =IFERROR(__xludf.DUMMYFUNCTION("""COMPUTED_VALUE"""),"") | Q78: =IFERROR(__xludf.DUMMYFUNCTION("""COMPUTED_VALUE"""),"") | R78: =IFERROR(__xludf.DUMMYFUNCTION("""COMPUTED_VALUE"""),"") | S78: =IFERROR(__xludf.DUMMYFUNCTION("""COMPUTED_VALUE"""),"") | T78: =IFERROR(__xludf.DUMMYFUNCTION("""COMPUTED_VALUE"""),"") | U78: =IFERROR(__xludf.DUMMYFUNCTION("""COMPUTED_VALUE"""),"") | V78: =IFERROR(__xludf.DUMMYFUNCTION("""COMPUTED_VALUE"""),"") | W78: =iferror(if(U78/(V78*24)=0,"",U78/(V78*24)),"") | X78: =IFERROR(__xludf.DUMMYFUNCTION("""COMPUTED_VALUE"""),"") | Y78: =IFERROR(__xludf.DUMMYFUNCTION("""COMPUTED_VALUE"""),"")
A79: =IFERROR(__xludf.DUMMYFUNCTION("""COMPUTED_VALUE"""),46065.529068749995) -> 46065.529 | B79: =IFERROR(__xludf.DUMMYFUNCTION("""COMPUTED_VALUE"""),"Emmett Khan") -> Emmett Khan | C79: =IF( B79="", "", AND( B79=B78, K79=K78, M79=M78, ABS(D79 - F78) <= TIME(0,25,0) ) ) -> FALSE | D79: =IFERROR(__xludf.DUMMYFUNCTION("""COMPUTED_VALUE"""),0.47916666666424135) -> 0.47916667 | E79: =IFERROR(__xludf.DUMMYFUNCTION("""COMPUTED_VALUE"""),0.05208333333575865) -> 0.052083333 | F79: =IFERROR(__xludf.DUMMYFUNCTION("""COMPUTED_VALUE"""),0.53125) -> 0.53125 | G79: 0.052083333 | H79: =IFERROR(__xludf.DUMMYFUNCTION("""COMPUTED_VALUE"""),69.0) -> 69 | I79: 55.2 | J79: Lunch | K79: =IFERROR(__xludf.DUMMYFUNCTION("""COMPUTED_VALUE"""),46065.0) -> 46065 | L79: =IFS( K79="","", WEEKDAY(K79)=1, "Sunday", WEEKDAY(K79)=2, "Monday", WEEKDAY(K79)=3, "Tuesday", WEEKDAY(K79)=4, "Wednesday", WEEKDAY(K79)=5, "Thursday", WEEKDAY(K79)=6, "Friday", WEEKDAY(K79)=7, "Saturday" ) -> Thursday | M79: =IFERROR(__xludf.DUMMYFUNCTION("""COMPUTED_VALUE"""),"MF") -> MF | N79: 1.0979067 | O79: =IFERROR(__xludf.DUMMYFUNCTION("""COMPUTED_VALUE"""),"") | P79: =IFERROR(__xludf.DUMMYFUNCTION("""COMPUTED_VALUE"""),"") | Q79: =IFERROR(__xludf.DUMMYFUNCTION("""COMPUTED_VALUE"""),"") | R79: =IFERROR(__xludf.DUMMYFUNCTION("""COMPUTED_VALUE"""),"") | S79: =IFERROR(__xludf.DUMMYFUNCTION("""COMPUTED_VALUE"""),"") | T79: =IFERROR(__xludf.DUMMYFUNCTION("""COMPUTED_VALUE"""),"") | U79: =IFERROR(__xludf.DUMMYFUNCTION("""COMPUTED_VALUE"""),"") | V79: =IFERROR(__xludf.DUMMYFUNCTION("""COMPUTED_VALUE"""),"") | W79: =iferror(if(U79/(V79*24)=0,"",U79/(V79*24)),"") | X79: =IFERROR(__xludf.DUMMYFUNCTION("""COMPUTED_VALUE"""),"") | Y79: =IFERROR(__xludf.DUMMYFUNCTION("""COMPUTED_VALUE"""),"")
A80: =IFERROR(__xludf.DUMMYFUNCTION("""COMPUTED_VALUE"""),46065.5833193287) -> 46065.583 | B80: =IFERROR(__xludf.DUMMYFUNCTION("""COMPUTED_VALUE"""),"Kyra Turner") -> Kyra Turner | C80: =IF( B80="", "", AND( B80=B79, K80=K79, M80=M79, ABS(D80 - F79) <= TIME(0,25,0) ) ) -> FALSE | D80: =IFERROR(__xludf.DUMMYFUNCTION("""COMPUTED_VALUE"""),0.5027777777795563) -> 0.50277778 | E80: =IFERROR(__xludf.DUMMYFUNCTION("""COMPUTED_VALUE"""),0.07986111110949423) -> 0.079861111 | F80: =IFERROR(__xludf.DUMMYFUNCTION("""COMPUTED_VALUE"""),0.5826388888890506) -> 0.58263889 | G80: 0.1375 | H80: =IFERROR(__xludf.DUMMYFUNCTION("""COMPUTED_VALUE"""),104.0) -> 104 | I80: 50 | J80: Lunch | K80: =IFERROR(__xludf.DUMMYFUNCTION("""COMPUTED_VALUE"""),46065.0) -> 46065 | L80: =IFS( K80="","", WEEKDAY(K80)=1, "Sunday", WEEKDAY(K80)=2, "Monday", WEEKDAY(K80)=3, "Tuesday", WEEKDAY(K80)=4, "Wednesday", WEEKDAY(K80)=5, "Thursday", WEEKDAY(K80)=6, "Friday", WEEKDAY(K80)=7, "Saturday" ) -> Thursday | M80: =IFERROR(__xludf.DUMMYFUNCTION("""COMPUTED_VALUE"""),"BF") -> BF | N80: 1.763628 | O80: =IFERROR(__xludf.DUMMYFUNCTION("""COMPUTED_VALUE"""),"") | P80: =IFERROR(__xludf.DUMMYFUNCTION("""COMPUTED_VALUE"""),"") | Q80: =IFERROR(__xludf.DUMMYFUNCTION("""COMPUTED_VALUE"""),"") | R80: =IFERROR(__xludf.DUMMYFUNCTION("""COMPUTED_VALUE"""),"") | S80: =IFERROR(__xludf.DUMMYFUNCTION("""COMPUTED_VALUE"""),"") | T80: =IFERROR(__xludf.DUMMYFUNCTION("""COMPUTED_VALUE"""),"") | U80: =IFERROR(__xludf.DUMMYFUNCTION("""COMPUTED_VALUE"""),"") | V80: =IFERROR(__xludf.DUMMYFUNCTION("""COMPUTED_VALUE"""),"") | W80: =iferror(if(U80/(V80*24)=0,"",U80/(V80*24)),"") | X80: =IFERROR(__xludf.DUMMYFUNCTION("""COMPUTED_VALUE"""),"") | Y80: =IFERROR(__xludf.DUMMYFUNCTION("""COMPUTED_VALUE"""),"")
A81: =IFERROR(__xludf.DUMMYFUNCTION("""COMPUTED_VALUE"""),46065.64349488426) -> 46065.643 | B81: =IFERROR(__xludf.DUMMYFUNCTION("""COMPUTED_VALUE"""),"Kyra Turner") -> Kyra Turner | C81: =IF( B81="", "", AND( B81=B80, K81=K80, M81=M80, ABS(D81 - F80) <= TIME(0,25,0) ) ) -> TRUE | D81: =IFERROR(__xludf.DUMMYFUNCTION("""COMPUTED_VALUE"""),0.5847222222218988) -> 0.58472222 | E81: =IFERROR(__xludf.DUMMYFUNCTION("""COMPUTED_VALUE"""),0.057638888887595385) -> 0.057638889 | F81: =IFERROR(__xludf.DUMMYFUNCTION("""COMPUTED_VALUE"""),0.6423611111094942) -> 0.64236111 | H81: =IFERROR(__xludf.DUMMYFUNCTION("""COMPUTED_VALUE"""),61.0) -> 61 | J81: Lunch | K81: =IFERROR(__xludf.DUMMYFUNCTION("""COMPUTED_VALUE"""),46065.0) -> 46065 | L81: =IFS( K81="","", WEEKDAY(K81)=1, "Sunday", WEEKDAY(K81)=2, "Monday", WEEKDAY(K81)=3, "Tuesday", WEEKDAY(K81)=4, "Wednesday", WEEKDAY(K81)=5, "Thursday", WEEKDAY(K81)=6, "Friday", WEEKDAY(K81)=7, "Saturday" ) -> Thursday | M81: =IFERROR(__xludf.DUMMYFUNCTION("""COMPUTED_VALUE"""),"BF") -> BF | O81: =IFERROR(__xludf.DUMMYFUNCTION("""COMPUTED_VALUE"""),"") | P81: =IFERROR(__xludf.DUMMYFUNCTION("""COMPUTED_VALUE"""),"") | Q81: =IFERROR(__xludf.DUMMYFUNCTION("""COMPUTED_VALUE"""),"") | R81: =IFERROR(__xludf.DUMMYFUNCTION("""COMPUTED_VALUE"""),"") | S81: =IFERROR(__xludf.DUMMYFUNCTION("""COMPUTED_VALUE"""),"") | T81: =IFERROR(__xludf.DUMMYFUNCTION("""COMPUTED_VALUE"""),"") | U81: =IFERROR(__xludf.DUMMYFUNCTION("""COMPUTED_VALUE"""),"") | V81: =IFERROR(__xludf.DUMMYFUNCTION("""COMPUTED_VALUE"""),"") | W81: =iferror(if(U81/(V81*24)=0,"",U81/(V81*24)),"") | X81: =IFERROR(__xludf.DUMMYFUNCTION("""COMPUTED_VALUE"""),"") | Y81: =IFERROR(__xludf.DUMMYFUNCTION("""COMPUTED_VALUE"""),"")
A82: =IFERROR(__xludf.DUMMYFUNCTION("""COMPUTED_VALUE"""),46065.777530879626) -> 46065.778 | B82: =IFERROR(__xludf.DUMMYFUNCTION("""COMPUTED_VALUE"""),"Emmett Khan") -> Emmett Khan | C82: =IF( B82="", "", AND( B82=B81, K82=K81, M82=M81, ABS(D82 - F81) <= TIME(0,25,0) ) ) -> FALSE | D82: =IFERROR(__xludf.DUMMYFUNCTION("""COMPUTED_VALUE"""),0.7083333333357587) -> 0.70833333 | E82: =IFERROR(__xludf.DUMMYFUNCTION("""COMPUTED_VALUE"""),0.07291666666424135) -> 0.072916667 | F82: =IFERROR(__xludf.DUMMYFUNCTION("""COMPUTED_VALUE"""),0.78125) -> 0.78125 | G82: 0.072916667 | H82: =IFERROR(__xludf.DUMMYFUNCTION("""COMPUTED_VALUE"""),115.0) -> 115 | I82: 65.714286 | J82: Dinner | K82: =IFERROR(__xludf.DUMMYFUNCTION("""COMPUTED_VALUE"""),46065.0) -> 46065 | L82: =IFS( K82="","", WEEKDAY(K82)=1, "Sunday", WEEKDAY(K82)=2, "Monday", WEEKDAY(K82)=3, "Tuesday", WEEKDAY(K82)=4, "Wednesday", WEEKDAY(K82)=5, "Thursday", WEEKDAY(K82)=6, "Friday", WEEKDAY(K82)=7, "Saturday" ) -> Thursday | M82: =IFERROR(__xludf.DUMMYFUNCTION("""COMPUTED_VALUE"""),"MF") -> MF | N82: 1.374504 | O82: =IFERROR(__xludf.DUMMYFUNCTION("""COMPUTED_VALUE"""),"") | P82: =IFERROR(__xludf.DUMMYFUNCTION("""COMPUTED_VALUE"""),"") | Q82: =IFERROR(__xludf.DUMMYFUNCTION("""COMPUTED_VALUE"""),"") | R82: =IFERROR(__xludf.DUMMYFUNCTION("""COMPUTED_VALUE"""),"") | S82: =IFERROR(__xludf.DUMMYFUNCTION("""COMPUTED_VALUE"""),"") | T82: =IFERROR(__xludf.DUMMYFUNCTION("""COMPUTED_VALUE"""),"") | U82: =IFERROR(__xludf.DUMMYFUNCTION("""COMPUTED_VALUE"""),"") | V82: =IFERROR(__xludf.DUMMYFUNCTION("""COMPUTED_VALUE"""),"") | W82: =iferror(if(U82/(V82*24)=0,"",U82/(V82*24)),"") | X82: =IFERROR(__xludf.DUMMYFUNCTION("""COMPUTED_VALUE"""),"") | Y82: =IFERROR(__xludf.DUMMYFUNCTION("""COMPUTED_VALUE"""),"")
A83: =IFERROR(__xludf.DUMMYFUNCTION("""COMPUTED_VALUE"""),46065.85007502315) -> 46065.85 | B83: =IFERROR(__xludf.DUMMYFUNCTION("""COMPUTED_VALUE"""),"Leah Bucci") -> Leah Bucci | C83: =IF( B83="", "", AND( B83=B82, K83=K82, M83=M82, ABS(D83 - F82) <= TIME(0,25,0) ) ) -> FALSE | D83: =IFERROR(__xludf.DUMMYFUNCTION("""COMPUTED_VALUE"""),0.6875) -> 0.6875 | E83: =IFERROR(__xludf.DUMMYFUNCTION("""COMPUTED_VALUE"""),0.08333333333575865) -> 0.083333333 | F83: =IFERROR(__xludf.DUMMYFUNCTION("""COMPUTED_VALUE"""),0.7708333333357587) -> 0.77083333 | G83: 0.15972222 | H83: =IFERROR(__xludf.DUMMYFUNCTION("""COMPUTED_VALUE"""),64.0) -> 64 | I83: 44.347826 | J83: Dinner | K83: =IFERROR(__xludf.DUMMYFUNCTION("""COMPUTED_VALUE"""),46065.0) -> 46065 | L83: =IFS( K83="","", WEEKDAY(K83)=1, "Sunday", WEEKDAY(K83)=2, "Monday", WEEKDAY(K83)=3, "Tuesday", WEEKDAY(K83)=4, "Wednesday", WEEKDAY(K83)=5, "Thursday", WEEKDAY(K83)=6, "Friday", WEEKDAY(K83)=7, "Saturday" ) -> Thursday | M83: =IFERROR(__xludf.DUMMYFUNCTION("""COMPUTED_VALUE"""),"BF") -> BF | N83: 0.99810964 | O83: =IFERROR(__xludf.DUMMYFUNCTION("""COMPUTED_VALUE"""),"") | P83: =IFERROR(__xludf.DUMMYFUNCTION("""COMPUTED_VALUE"""),"") | Q83: =IFERROR(__xludf.DUMMYFUNCTION("""COMPUTED_VALUE"""),"") | R83: =IFERROR(__xludf.DUMMYFUNCTION("""COMPUTED_VALUE"""),"") | S83: =IFERROR(__xludf.DUMMYFUNCTION("""COMPUTED_VALUE"""),"") | T83: =IFERROR(__xludf.DUMMYFUNCTION("""COMPUTED_VALUE"""),"") | U83: =IFERROR(__xludf.DUMMYFUNCTION("""COMPUTED_VALUE"""),"") | V83: =IFERROR(__xludf.DUMMYFUNCTION("""COMPUTED_VALUE"""),"") | W83: =iferror(if(U83/(V83*24)=0,"",U83/(V83*24)),"") | X83: =IFERROR(__xludf.DUMMYFUNCTION("""COMPUTED_VALUE"""),"") | Y83: =IFERROR(__xludf.DUMMYFUNCTION("""COMPUTED_VALUE"""),"")
A84: =IFERROR(__xludf.DUMMYFUNCTION("""COMPUTED_VALUE"""),46065.850830462965) -> 46065.851 | B84: =IFERROR(__xludf.DUMMYFUNCTION("""COMPUTED_VALUE"""),"Leah Bucci") -> Leah Bucci | C84: =IF( B84="", "", AND( B84=B83, K84=K83, M84=M83, ABS(D84 - F83) <= TIME(0,25,0) ) ) -> TRUE | D84: =IFERROR(__xludf.DUMMYFUNCTION("""COMPUTED_VALUE"""),0.7708333333357587) -> 0.77083333 | E84: =IFERROR(__xludf.DUMMYFUNCTION("""COMPUTED_VALUE"""),0.07638888888322981) -> 0.076388889 | F84: =IFERROR(__xludf.DUMMYFUNCTION("""COMPUTED_VALUE"""),0.8472222222189885) -> 0.84722222 | H84: =IFERROR(__xludf.DUMMYFUNCTION("""COMPUTED_VALUE"""),106.0) -> 106 | J84: Dinner | K84: =IFERROR(__xludf.DUMMYFUNCTION("""COMPUTED_VALUE"""),46065.0) -> 46065 | L84: =IFS( K84="","", WEEKDAY(K84)=1, "Sunday", WEEKDAY(K84)=2, "Monday", WEEKDAY(K84)=3, "Tuesday", WEEKDAY(K84)=4, "Wednesday", WEEKDAY(K84)=5, "Thursday", WEEKDAY(K84)=6, "Friday", WEEKDAY(K84)=7, "Saturday" ) -> Thursday | M84: =IFERROR(__xludf.DUMMYFUNCTION("""COMPUTED_VALUE"""),"BF") -> BF | O84: =IFERROR(__xludf.DUMMYFUNCTION("""COMPUTED_VALUE"""),184.0) -> 184 | P84: =IFERROR(__xludf.DUMMYFUNCTION("""COMPUTED_VALUE"""),463.0) -> 463 | Q84: =IFERROR(__xludf.DUMMYFUNCTION("""COMPUTED_VALUE"""),0.125) -> 0.125 | R84: =IFERROR(__xludf.DUMMYFUNCTION("""COMPUTED_VALUE"""),0.47499999999126885) -> 0.475 | S84: =IFERROR(__xludf.DUMMYFUNCTION("""COMPUTED_VALUE"""),60.45714285695051) -> 60.457143 | T84: =IFERROR(__xludf.DUMMYFUNCTION("""COMPUTED_VALUE"""),36.81003344560994) -> 36.810033 | U84: =IFERROR(__xludf.DUMMYFUNCTION("""COMPUTED_VALUE"""),647.0) -> 647 | V84: =IFERROR(__xludf.DUMMYFUNCTION("""COMPUTED_VALUE"""),0.5999999999912689) -> 0.6 | W84: =iferror(if(U84/(V84*24)=0,"",U84/(V84*24)),"") -> 44.930556 | X84: =IFERROR(__xludf.DUMMYFUNCTION("""COMPUTED_VALUE"""),44.69240324939013) -> 44.692403 | Y84: =IFERROR(__xludf.DUMMYFUNCTION("""COMPUTED_VALUE"""),0.6277203832551241) -> 0.62772038
A85: =IFERROR(__xludf.DUMMYFUNCTION("""COMPUTED_VALUE"""),46066.580171932874) -> 46066.58 | B85: =IFERROR(__xludf.DUMMYFUNCTION("""COMPUTED_VALUE"""),"Brynn Hornig") -> Brynn Hornig | C85: =IF( B85="", "", AND( B85=B84, K85=K84, M85=M84, ABS(D85 - F84) <= TIME(0,25,0) ) ) -> FALSE | D85: =IFERROR(__xludf.DUMMYFUNCTION("""COMPUTED_VALUE"""),0.5208333333357587) -> 0.52083333 | E85: =IFERROR(__xludf.DUMMYFUNCTION("""COMPUTED_VALUE"""),0.0625) -> 0.0625 | F85: =IFERROR(__xludf.DUMMYFUNCTION("""COMPUTED_VALUE"""),0.5833333333357587) -> 0.58333333 | G85: 0.0625 | H85: =IFERROR(__xludf.DUMMYFUNCTION("""COMPUTED_VALUE"""),30.0) -> 30 | I85: 20 | J85: Lunch | K85: =IFERROR(__xludf.DUMMYFUNCTION("""COMPUTED_VALUE"""),46066.0) -> 46066 | L85: =IFS( K85="","", WEEKDAY(K85)=1, "Sunday", WEEKDAY(K85)=2, "Monday", WEEKDAY(K85)=3, "Tuesday", WEEKDAY(K85)=4, "Wednesday", WEEKDAY(K85)=5, "Thursday", WEEKDAY(K85)=6, "Friday", WEEKDAY(K85)=7, "Saturday" ) -> Friday | M85: =IFERROR(__xludf.DUMMYFUNCTION("""COMPUTED_VALUE"""),"BF") -> BF | N85: 0.70545121 | O85: =IFERROR(__xludf.DUMMYFUNCTION("""COMPUTED_VALUE"""),"") | P85: =IFERROR(__xludf.DUMMYFUNCTION("""COMPUTED_VALUE"""),"") | Q85: =IFERROR(__xludf.DUMMYFUNCTION("""COMPUTED_VALUE"""),"") | R85: =IFERROR(__xludf.DUMMYFUNCTION("""COMPUTED_VALUE"""),"") | S85: =IFERROR(__xludf.DUMMYFUNCTION("""COMPUTED_VALUE"""),"") | T85: =IFERROR(__xludf.DUMMYFUNCTION("""COMPUTED_VALUE"""),"") | U85: =IFERROR(__xludf.DUMMYFUNCTION("""COMPUTED_VALUE"""),"") | V85: =IFERROR(__xludf.DUMMYFUNCTION("""COMPUTED_VALUE"""),"") | W85: =iferror(if(U85/(V85*24)=0,"",U85/(V85*24)),"") | X85: =IFERROR(__xludf.DUMMYFUNCTION("""COMPUTED_VALUE"""),"") | Y85: =IFERROR(__xludf.DUMMYFUNCTION("""COMPUTED_VALUE"""),"")
A86: =IFERROR(__xludf.DUMMYFUNCTION("""COMPUTED_VALUE"""),46066.75173322917) -> 46066.752 | B86: =IFERROR(__xludf.DUMMYFUNCTION("""COMPUTED_VALUE"""),"Leah Bucci") -> Leah Bucci | C86: =IF( B86="", "", AND( B86=B85, K86=K85, M86=M85, ABS(D86 - F85) <= TIME(0,25,0) ) ) -> FALSE | D86: =IFERROR(__xludf.DUMMYFUNCTION("""COMPUTED_VALUE"""),0.6666666666642413) -> 0.66666667 | E86: =IFERROR(__xludf.DUMMYFUNCTION("""COMPUTED_VALUE"""),0.08333333333575865) -> 0.083333333 | F86: =IFERROR(__xludf.DUMMYFUNCTION("""COMPUTED_VALUE"""),0.75) -> 0.75 | G86: 0.083333333 | H86: =IFERROR(__xludf.DUMMYFUNCTION("""COMPUTED_VALUE"""),89.0) -> 89 | I86: 44.5 | J86: Dinner | K86: =IFERROR(__xludf.DUMMYFUNCTION("""COMPUTED_VALUE"""),46066.0) -> 46066 | L86: =IFS( K86="","", WEEKDAY(K86)=1, "Sunday", WEEKDAY(K86)=2, "Monday", WEEKDAY(K86)=3, "Tuesday", WEEKDAY(K86)=4, "Wednesday", WEEKDAY(K86)=5, "Thursday", WEEKDAY(K86)=6, "Friday", WEEKDAY(K86)=7, "Saturday" ) -> Friday | M86: =IFERROR(__xludf.DUMMYFUNCTION("""COMPUTED_VALUE"""),"MF") -> MF | N86: 0.93077827 | O86: =IFERROR(__xludf.DUMMYFUNCTION("""COMPUTED_VALUE"""),89.0) -> 89 | P86: =IFERROR(__xludf.DUMMYFUNCTION("""COMPUTED_VALUE"""),30.0) -> 30 | Q86: =IFERROR(__xludf.DUMMYFUNCTION("""COMPUTED_VALUE"""),0.08333333333575865) -> 0.083333333 | R86: =IFERROR(__xludf.DUMMYFUNCTION("""COMPUTED_VALUE"""),0.0625) -> 0.0625 | S86: =IFERROR(__xludf.DUMMYFUNCTION("""COMPUTED_VALUE"""),44.49999999870488) -> 44.5 | T86: =IFERROR(__xludf.DUMMYFUNCTION("""COMPUTED_VALUE"""),20.0) -> 20 | U86: =IFERROR(__xludf.DUMMYFUNCTION("""COMPUTED_VALUE"""),119.0) -> 119 | V86: =IFERROR(__xludf.DUMMYFUNCTION("""COMPUTED_VALUE"""),0.14583333333575865) -> 0.14583333 | W86: =iferror(if(U86/(V86*24)=0,"",U86/(V86*24)),"") -> 34 | X86: =IFERROR(__xludf.DUMMYFUNCTION("""COMPUTED_VALUE"""),32.24999999935244) -> 32.25 | Y86: =IFERROR(__xludf.DUMMYFUNCTION("""COMPUTED_VALUE"""),0.5936567446884161) -> 0.59365674
A87: =IFERROR(__xludf.DUMMYFUNCTION("""COMPUTED_VALUE"""),46070.55385986112) -> 46070.554 | B87: =IFERROR(__xludf.DUMMYFUNCTION("""COMPUTED_VALUE"""),"Kaylie Forgue") -> Kaylie Forgue | C87: =IF( B87="", "", AND( B87=B86, K87=K86, M87=M86, ABS(D87 - F86) <= TIME(0,25,0) ) ) -> FALSE | D87: =IFERROR(__xludf.DUMMYFUNCTION("""COMPUTED_VALUE"""),0.44722222222480923) -> 0.44722222 | E87: =IFERROR(__xludf.DUMMYFUNCTION("""COMPUTED_VALUE"""),0.07222222221753327) -> 0.072222222 | F87: =IFERROR(__xludf.DUMMYFUNCTION("""COMPUTED_VALUE"""),0.5194444444423425) -> 0.51944444 | G87: 0.072222222 | H87: =IFERROR(__xludf.DUMMYFUNCTION("""COMPUTED_VALUE"""),146.0) -> 146 | I87: 84.230769 | J87: Breakfast/Lunch | K87: =IFERROR(__xludf.DUMMYFUNCTION("""COMPUTED_VALUE"""),46070.0) -> 46070 | L87: =IFS( K87="","", WEEKDAY(K87)=1, "Sunday", WEEKDAY(K87)=2, "Monday", WEEKDAY(K87)=3, "Tuesday", WEEKDAY(K87)=4, "Wednesday", WEEKDAY(K87)=5, "Thursday", WEEKDAY(K87)=6, "Friday", WEEKDAY(K87)=7, "Saturday" ) -> Tuesday | M87: =IFERROR(__xludf.DUMMYFUNCTION("""COMPUTED_VALUE"""),"BF") -> BF | N87: 2.7276857 | O87: =IFERROR(__xludf.DUMMYFUNCTION("""COMPUTED_VALUE"""),"") | P87: =IFERROR(__xludf.DUMMYFUNCTION("""COMPUTED_VALUE"""),"") | Q87: =IFERROR(__xludf.DUMMYFUNCTION("""COMPUTED_VALUE"""),"") | R87: =IFERROR(__xludf.DUMMYFUNCTION("""COMPUTED_VALUE"""),"") | S87: =IFERROR(__xludf.DUMMYFUNCTION("""COMPUTED_VALUE"""),"") | T87: =IFERROR(__xludf.DUMMYFUNCTION("""COMPUTED_VALUE"""),"") | U87: =IFERROR(__xludf.DUMMYFUNCTION("""COMPUTED_VALUE"""),"") | V87: =IFERROR(__xludf.DUMMYFUNCTION("""COMPUTED_VALUE"""),"") | W87: =iferror(if(U87/(V87*24)=0,"",U87/(V87*24)),"") | X87: =IFERROR(__xludf.DUMMYFUNCTION("""COMPUTED_VALUE"""),"") | Y87: =IFERROR(__xludf.DUMMYFUNCTION("""COMPUTED_VALUE"""),"")
A88: =IFERROR(__xludf.DUMMYFUNCTION("""COMPUTED_VALUE"""),46070.55487229167) -> 46070.555 | B88: =IFERROR(__xludf.DUMMYFUNCTION("""COMPUTED_VALUE"""),"Kyra Turner") -> Kyra Turner | C88: =IF( B88="", "", AND( B88=B87, K88=K87, M88=M87, ABS(D88 - F87) <= TIME(0,25,0) ) ) -> FALSE | D88: =IFERROR(__xludf.DUMMYFUNCTION("""COMPUTED_VALUE"""),0.48333333333721384) -> 0.48333333 | E88: =IFERROR(__xludf.DUMMYFUNCTION("""COMPUTED_VALUE"""),0.06944444443797693) -> 0.069444444 | F88: =IFERROR(__xludf.DUMMYFUNCTION("""COMPUTED_VALUE"""),0.5527777777751908) -> 0.55277778 | G88: 0.10347222 | H88: =IFERROR(__xludf.DUMMYFUNCTION("""COMPUTED_VALUE"""),146.0) -> 146 | I88: 84.563758 | J88: Lunch | K88: =IFERROR(__xludf.DUMMYFUNCTION("""COMPUTED_VALUE"""),46070.0) -> 46070 | L88: =IFS( K88="","", WEEKDAY(K88)=1, "Sunday", WEEKDAY(K88)=2, "Monday", WEEKDAY(K88)=3, "Tuesday", WEEKDAY(K88)=4, "Wednesday", WEEKDAY(K88)=5, "Thursday", WEEKDAY(K88)=6, "Friday", WEEKDAY(K88)=7, "Saturday" ) -> Tuesday | M88: =IFERROR(__xludf.DUMMYFUNCTION("""COMPUTED_VALUE"""),"MF") -> MF | N88: 1.6819406 | O88: =IFERROR(__xludf.DUMMYFUNCTION("""COMPUTED_VALUE"""),"") | P88: =IFERROR(__xludf.DUMMYFUNCTION("""COMPUTED_VALUE"""),"") | Q88: =IFERROR(__xludf.DUMMYFUNCTION("""COMPUTED_VALUE"""),"") | R88: =IFERROR(__xludf.DUMMYFUNCTION("""COMPUTED_VALUE"""),"") | S88: =IFERROR(__xludf.DUMMYFUNCTION("""COMPUTED_VALUE"""),"") | T88: =IFERROR(__xludf.DUMMYFUNCTION("""COMPUTED_VALUE"""),"") | U88: =IFERROR(__xludf.DUMMYFUNCTION("""COMPUTED_VALUE"""),"") | V88: =IFERROR(__xludf.DUMMYFUNCTION("""COMPUTED_VALUE"""),"") | W88: =iferror(if(U88/(V88*24)=0,"",U88/(V88*24)),"") | X88: =IFERROR(__xludf.DUMMYFUNCTION("""COMPUTED_VALUE"""),"") | Y88: =IFERROR(__xludf.DUMMYFUNCTION("""COMPUTED_VALUE"""),"")
A89: =IFERROR(__xludf.DUMMYFUNCTION("""COMPUTED_VALUE"""),46070.59340195602) -> 46070.593 | B89: =IFERROR(__xludf.DUMMYFUNCTION("""COMPUTED_VALUE"""),"Kyra Turner") -> Kyra Turner | C89: =IF( B89="", "", AND( B89=B88, K89=K88, M89=M88, ABS(D89 - F88) <= TIME(0,25,0) ) ) -> TRUE | D89: =IFERROR(__xludf.DUMMYFUNCTION("""COMPUTED_VALUE"""),0.5590277777810115) -> 0.55902778 | E89: =IFERROR(__xludf.DUMMYFUNCTION("""COMPUTED_VALUE"""),0.03402777777228039) -> 0.034027778 | F89: =IFERROR(__xludf.DUMMYFUNCTION("""COMPUTED_VALUE"""),0.5930555555532919) -> 0.59305556 | H89: =IFERROR(__xludf.DUMMYFUNCTION("""COMPUTED_VALUE"""),64.0) -> 64 | J89: Lunch | K89: =IFERROR(__xludf.DUMMYFUNCTION("""COMPUTED_VALUE"""),46070.0) -> 46070 | L89: =IFS( K89="","", WEEKDAY(K89)=1, "Sunday", WEEKDAY(K89)=2, "Monday", WEEKDAY(K89)=3, "Tuesday", WEEKDAY(K89)=4, "Wednesday", WEEKDAY(K89)=5, "Thursday", WEEKDAY(K89)=6, "Friday", WEEKDAY(K89)=7, "Saturday" ) -> Tuesday | M89: =IFERROR(__xludf.DUMMYFUNCTION("""COMPUTED_VALUE"""),"MF") -> MF | O89: =IFERROR(__xludf.DUMMYFUNCTION("""COMPUTED_VALUE"""),"") | P89: =IFERROR(__xludf.DUMMYFUNCTION("""COMPUTED_VALUE"""),"") | Q89: =IFERROR(__xludf.DUMMYFUNCTION("""COMPUTED_VALUE"""),"") | R89: =IFERROR(__xludf.DUMMYFUNCTION("""COMPUTED_VALUE"""),"") | S89: =IFERROR(__xludf.DUMMYFUNCTION("""COMPUTED_VALUE"""),"") | T89: =IFERROR(__xludf.DUMMYFUNCTION("""COMPUTED_VALUE"""),"") | U89: =IFERROR(__xludf.DUMMYFUNCTION("""COMPUTED_VALUE"""),"") | V89: =IFERROR(__xludf.DUMMYFUNCTION("""COMPUTED_VALUE"""),"") | W89: =iferror(if(U89/(V89*24)=0,"",U89/(V89*24)),"") | X89: =IFERROR(__xludf.DUMMYFUNCTION("""COMPUTED_VALUE"""),"") | Y89: =IFERROR(__xludf.DUMMYFUNCTION("""COMPUTED_VALUE"""),"")
A90: =IFERROR(__xludf.DUMMYFUNCTION("""COMPUTED_VALUE"""),46070.82210877315) -> 46070.822 | B90: =IFERROR(__xludf.DUMMYFUNCTION("""COMPUTED_VALUE"""),"Leah Bucci") -> Leah Bucci | C90: =IF( B90="", "", AND( B90=B89, K90=K89, M90=M89, ABS(D90 - F89) <= TIME(0,25,0) ) ) -> FALSE | D90: =IFERROR(__xludf.DUMMYFUNCTION("""COMPUTED_VALUE"""),0.6875) -> 0.6875 | E90: =IFERROR(__xludf.DUMMYFUNCTION("""COMPUTED_VALUE"""),0.07291666666424135) -> 0.072916667 | F90: =IFERROR(__xludf.DUMMYFUNCTION("""COMPUTED_VALUE"""),0.7604166666642413) -> 0.76041667 | G90: 0.15625 | H90: =IFERROR(__xludf.DUMMYFUNCTION("""COMPUTED_VALUE"""),188.0) -> 188 | I90: 84 | J90: Dinner | K90: =IFERROR(__xludf.DUMMYFUNCTION("""COMPUTED_VALUE"""),46070.0) -> 46070 | L90: =IFS( K90="","", WEEKDAY(K90)=1, "Sunday", WEEKDAY(K90)=2, "Monday", WEEKDAY(K90)=3, "Tuesday", WEEKDAY(K90)=4, "Wednesday", WEEKDAY(K90)=5, "Thursday", WEEKDAY(K90)=6, "Friday", WEEKDAY(K90)=7, "Saturday" ) -> Tuesday | M90: =IFERROR(__xludf.DUMMYFUNCTION("""COMPUTED_VALUE"""),"BF") -> BF | N90: 1.8905371 | O90: =IFERROR(__xludf.DUMMYFUNCTION("""COMPUTED_VALUE"""),"") | P90: =IFERROR(__xludf.DUMMYFUNCTION("""COMPUTED_VALUE"""),"") | Q90: =IFERROR(__xludf.DUMMYFUNCTION("""COMPUTED_VALUE"""),"") | R90: =IFERROR(__xludf.DUMMYFUNCTION("""COMPUTED_VALUE"""),"") | S90: =IFERROR(__xludf.DUMMYFUNCTION("""COMPUTED_VALUE"""),"") | T90: =IFERROR(__xludf.DUMMYFUNCTION("""COMPUTED_VALUE"""),"") | U90: =IFERROR(__xludf.DUMMYFUNCTION("""COMPUTED_VALUE"""),"") | V90: =IFERROR(__xludf.DUMMYFUNCTION("""COMPUTED_VALUE"""),"") | W90: =iferror(if(U90/(V90*24)=0,"",U90/(V90*24)),"") | X90: =IFERROR(__xludf.DUMMYFUNCTION("""COMPUTED_VALUE"""),"") | Y90: =IFERROR(__xludf.DUMMYFUNCTION("""COMPUTED_VALUE"""),"")
A91: =IFERROR(__xludf.DUMMYFUNCTION("""COMPUTED_VALUE"""),46070.85394734953) -> 46070.854 | B91: =IFERROR(__xludf.DUMMYFUNCTION("""COMPUTED_VALUE"""),"Leah Bucci") -> Leah Bucci | C91: =IF( B91="", "", AND( B91=B90, K91=K90, M91=M90, ABS(D91 - F90) <= TIME(0,25,0) ) ) -> TRUE | D91: =IFERROR(__xludf.DUMMYFUNCTION("""COMPUTED_VALUE"""),0.7708333333357587) -> 0.77083333 | E91: =IFERROR(__xludf.DUMMYFUNCTION("""COMPUTED_VALUE"""),0.0833333333284827) -> 0.083333333 | F91: =IFERROR(__xludf.DUMMYFUNCTION("""COMPUTED_VALUE"""),0.8541666666642413) -> 0.85416667 | H91: =IFERROR(__xludf.DUMMYFUNCTION("""COMPUTED_VALUE"""),127.0) -> 127 | J91: Dinner | K91: =IFERROR(__xludf.DUMMYFUNCTION("""COMPUTED_VALUE"""),46070.0) -> 46070 | L91: =IFS( K91="","", WEEKDAY(K91)=1, "Sunday", WEEKDAY(K91)=2, "Monday", WEEKDAY(K91)=3, "Tuesday", WEEKDAY(K91)=4, "Wednesday", WEEKDAY(K91)=5, "Thursday", WEEKDAY(K91)=6, "Friday", WEEKDAY(K91)=7, "Saturday" ) -> Tuesday | M91: =IFERROR(__xludf.DUMMYFUNCTION("""COMPUTED_VALUE"""),"BF") -> BF | O91: =IFERROR(__xludf.DUMMYFUNCTION("""COMPUTED_VALUE"""),"") | P91: =IFERROR(__xludf.DUMMYFUNCTION("""COMPUTED_VALUE"""),"") | Q91: =IFERROR(__xludf.DUMMYFUNCTION("""COMPUTED_VALUE"""),"") | R91: =IFERROR(__xludf.DUMMYFUNCTION("""COMPUTED_VALUE"""),"") | S91: =IFERROR(__xludf.DUMMYFUNCTION("""COMPUTED_VALUE"""),"") | T91: =IFERROR(__xludf.DUMMYFUNCTION("""COMPUTED_VALUE"""),"") | U91: =IFERROR(__xludf.DUMMYFUNCTION("""COMPUTED_VALUE"""),"") | V91: =IFERROR(__xludf.DUMMYFUNCTION("""COMPUTED_VALUE"""),"") | W91: =iferror(if(U91/(V91*24)=0,"",U91/(V91*24)),"") | X91: =IFERROR(__xludf.DUMMYFUNCTION("""COMPUTED_VALUE"""),"") | Y91: =IFERROR(__xludf.DUMMYFUNCTION("""COMPUTED_VALUE"""),"")
A92: =IFERROR(__xludf.DUMMYFUNCTION("""COMPUTED_VALUE"""),46070.86607668981) -> 46070.866 | B92: =IFERROR(__xludf.DUMMYFUNCTION("""COMPUTED_VALUE"""),"Sophia Kluck") -> Sophia Kluck | C92: =IF( B92="", "", AND( B92=B91, K92=K91, M92=M91, ABS(D92 - F91) <= TIME(0,25,0) ) ) -> FALSE | D92: =IFERROR(__xludf.DUMMYFUNCTION("""COMPUTED_VALUE"""),0.7513888888934162) -> 0.75138889 | E92: =IFERROR(__xludf.DUMMYFUNCTION("""COMPUTED_VALUE"""),0.1131944444423425) -> 0.11319444 | F92: =IFERROR(__xludf.DUMMYFUNCTION("""COMPUTED_VALUE"""),0.8645833333357587) -> 0.86458333 | G92: 0.11319444 | H92: =IFERROR(__xludf.DUMMYFUNCTION("""COMPUTED_VALUE"""),117.0) -> 117 | I92: 43.067485 | J92: Dinner | K92: =IFERROR(__xludf.DUMMYFUNCTION("""COMPUTED_VALUE"""),46070.0) -> 46070 | L92: =IFS( K92="","", WEEKDAY(K92)=1, "Sunday", WEEKDAY(K92)=2, "Monday", WEEKDAY(K92)=3, "Tuesday", WEEKDAY(K92)=4, "Wednesday", WEEKDAY(K92)=5, "Thursday", WEEKDAY(K92)=6, "Friday", WEEKDAY(K92)=7, "Saturday" ) -> Tuesday | M92: =IFERROR(__xludf.DUMMYFUNCTION("""COMPUTED_VALUE"""),"MF") -> MF | N92: 0.90081525 | O92: =IFERROR(__xludf.DUMMYFUNCTION("""COMPUTED_VALUE"""),327.0) -> 327 | P92: =IFERROR(__xludf.DUMMYFUNCTION("""COMPUTED_VALUE"""),461.0) -> 461 | Q92: =IFERROR(__xludf.DUMMYFUNCTION("""COMPUTED_VALUE"""),0.21666666665259982) -> 0.21666667 | R92: =IFERROR(__xludf.DUMMYFUNCTION("""COMPUTED_VALUE"""),0.22847222221025731) -> 0.22847222 | S92: =IFERROR(__xludf.DUMMYFUNCTION("""COMPUTED_VALUE"""),63.81562153120831) -> 63.815622 | T92: =IFERROR(__xludf.DUMMYFUNCTION("""COMPUTED_VALUE"""),84.11538462007468) -> 84.115385 | U92: =IFERROR(__xludf.DUMMYFUNCTION("""COMPUTED_VALUE"""),788.0) -> 788 | V92: =IFERROR(__xludf.DUMMYFUNCTION("""COMPUTED_VALUE"""),0.44513888886285713) -> 0.44513889 | W92: =iferror(if(U92/(V92*24)=0,"",U92/(V92*24)),"") -> 73.75975 | X92: =IFERROR(__xludf.DUMMYFUNCTION("""COMPUTED_VALUE"""),73.96550307564151) -> 73.965503 | Y92: =IFERROR(__xludf.DUMMYFUNCTION("""COMPUTED_VALUE"""),0.8959187482198633) -> 0.89591875
A93: =IFERROR(__xludf.DUMMYFUNCTION("""COMPUTED_VALUE"""),46071.41592960648) -> 46071.416 | B93: =IFERROR(__xludf.DUMMYFUNCTION("""COMPUTED_VALUE"""),"Kaylie Forgue") -> Kaylie Forgue | C93: =IF( B93="", "", AND( B93=B92, K93=K92, M93=M92, ABS(D93 - F92) <= TIME(0,25,0) ) ) -> FALSE | D93: =IFERROR(__xludf.DUMMYFUNCTION("""COMPUTED_VALUE"""),0.3125) -> 0.3125 | E93: =IFERROR(__xludf.DUMMYFUNCTION("""COMPUTED_VALUE"""),0.09027777778101154) -> 0.090277778 | F93: =IFERROR(__xludf.DUMMYFUNCTION("""COMPUTED_VALUE"""),0.40277777778101154) -> 0.40277778 | G93: 0.090277778 | H93: =IFERROR(__xludf.DUMMYFUNCTION("""COMPUTED_VALUE"""),47.0) -> 47 | I93: 21.692308 | J93: Breakfast | K93: =IFERROR(__xludf.DUMMYFUNCTION("""COMPUTED_VALUE"""),46071.0) -> 46071 | L93: =IFS( K93="","", WEEKDAY(K93)=1, "Sunday", WEEKDAY(K93)=2, "Monday", WEEKDAY(K93)=3, "Tuesday", WEEKDAY(K93)=4, "Wednesday", WEEKDAY(K93)=5, "Thursday", WEEKDAY(K93)=6, "Friday", WEEKDAY(K93)=7, "Saturday" ) -> Wednesday | M93: =IFERROR(__xludf.DUMMYFUNCTION("""COMPUTED_VALUE"""),"BF") -> BF | N93: 0.76514324 | O93: =IFERROR(__xludf.DUMMYFUNCTION("""COMPUTED_VALUE"""),"") | P93: =IFERROR(__xludf.DUMMYFUNCTION("""COMPUTED_VALUE"""),"") | Q93: =IFERROR(__xludf.DUMMYFUNCTION("""COMPUTED_VALUE"""),"") | R93: =IFERROR(__xludf.DUMMYFUNCTION("""COMPUTED_VALUE"""),"") | S93: =IFERROR(__xludf.DUMMYFUNCTION("""COMPUTED_VALUE"""),"") | T93: =IFERROR(__xludf.DUMMYFUNCTION("""COMPUTED_VALUE"""),"") | U93: =IFERROR(__xludf.DUMMYFUNCTION("""COMPUTED_VALUE"""),"") | V93: =IFERROR(__xludf.DUMMYFUNCTION("""COMPUTED_VALUE"""),"") | W93: =iferror(if(U93/(V93*24)=0,"",U93/(V93*24)),"") | X93: =IFERROR(__xludf.DUMMYFUNCTION("""COMPUTED_VALUE"""),"") | Y93: =IFERROR(__xludf.DUMMYFUNCTION("""COMPUTED_VALUE"""),"")
A94: =IFERROR(__xludf.DUMMYFUNCTION("""COMPUTED_VALUE"""),46071.57600097222) -> 46071.576 | B94: =IFERROR(__xludf.DUMMYFUNCTION("""COMPUTED_VALUE"""),"Oluwatimilehin Shodipe") -> Oluwatimilehin Shodipe | C94: =IF( B94="", "", AND( B94=B93, K94=K93, M94=M93, ABS(D94 - F93) <= TIME(0,25,0) ) ) -> FALSE | D94: =IFERROR(__xludf.DUMMYFUNCTION("""COMPUTED_VALUE"""),0.5) -> 0.5 | E94: =IFERROR(__xludf.DUMMYFUNCTION("""COMPUTED_VALUE"""),0.07638888889050577) -> 0.076388889 | F94: =IFERROR(__xludf.DUMMYFUNCTION("""COMPUTED_VALUE"""),0.5763888888905058) -> 0.57638889 | G94: 0.076388889 | H94: =IFERROR(__xludf.DUMMYFUNCTION("""COMPUTED_VALUE"""),94.0) -> 94 | I94: 51.272727 | J94: Lunch | K94: =IFERROR(__xludf.DUMMYFUNCTION("""COMPUTED_VALUE"""),46071.0) -> 46071 | L94: =IFS( K94="","", WEEKDAY(K94)=1, "Sunday", WEEKDAY(K94)=2, "Monday", WEEKDAY(K94)=3, "Tuesday", WEEKDAY(K94)=4, "Wednesday", WEEKDAY(K94)=5, "Thursday", WEEKDAY(K94)=6, "Friday", WEEKDAY(K94)=7, "Saturday" ) -> Wednesday | M94: =IFERROR(__xludf.DUMMYFUNCTION("""COMPUTED_VALUE"""),"BF") -> BF | N94: 1.8085204 | O94: =IFERROR(__xludf.DUMMYFUNCTION("""COMPUTED_VALUE"""),"") | P94: =IFERROR(__xludf.DUMMYFUNCTION("""COMPUTED_VALUE"""),"") | Q94: =IFERROR(__xludf.DUMMYFUNCTION("""COMPUTED_VALUE"""),"") | R94: =IFERROR(__xludf.DUMMYFUNCTION("""COMPUTED_VALUE"""),"") | S94: =IFERROR(__xludf.DUMMYFUNCTION("""COMPUTED_VALUE"""),"") | T94: =IFERROR(__xludf.DUMMYFUNCTION("""COMPUTED_VALUE"""),"") | U94: =IFERROR(__xludf.DUMMYFUNCTION("""COMPUTED_VALUE"""),"") | V94: =IFERROR(__xludf.DUMMYFUNCTION("""COMPUTED_VALUE"""),"") | W94: =iferror(if(U94/(V94*24)=0,"",U94/(V94*24)),"") | X94: =IFERROR(__xludf.DUMMYFUNCTION("""COMPUTED_VALUE"""),"") | Y94: =IFERROR(__xludf.DUMMYFUNCTION("""COMPUTED_VALUE"""),"")
A95: =IFERROR(__xludf.DUMMYFUNCTION("""COMPUTED_VALUE"""),46071.62035236111) -> 46071.62 | B95: =IFERROR(__xludf.DUMMYFUNCTION("""COMPUTED_VALUE"""),"Evan Morgan") -> Evan Morgan | C95: =IF( B95="", "", AND( B95=B94, K95=K94, M95=M94, ABS(D95 - F94) <= TIME(0,25,0) ) ) -> FALSE | D95: =IFERROR(__xludf.DUMMYFUNCTION("""COMPUTED_VALUE"""),0.5416666666642413) -> 0.54166667 | E95: =IFERROR(__xludf.DUMMYFUNCTION("""COMPUTED_VALUE"""),0.07638888889050577) -> 0.076388889 | F95: =IFERROR(__xludf.DUMMYFUNCTION("""COMPUTED_VALUE"""),0.6180555555547471) -> 0.61805556 | G95: 0.076388889 | H95: =IFERROR(__xludf.DUMMYFUNCTION("""COMPUTED_VALUE"""),99.0) -> 99 | I95: 54 | J95: Lunch | K95: =IFERROR(__xludf.DUMMYFUNCTION("""COMPUTED_VALUE"""),46071.0) -> 46071 | L95: =IFS( K95="","", WEEKDAY(K95)=1, "Sunday", WEEKDAY(K95)=2, "Monday", WEEKDAY(K95)=3, "Tuesday", WEEKDAY(K95)=4, "Wednesday", WEEKDAY(K95)=5, "Thursday", WEEKDAY(K95)=6, "Friday", WEEKDAY(K95)=7, "Saturday" ) -> Wednesday | M95: =IFERROR(__xludf.DUMMYFUNCTION("""COMPUTED_VALUE"""),"MF") -> MF | N95: 1.0740392 | O95: =IFERROR(__xludf.DUMMYFUNCTION("""COMPUTED_VALUE"""),"") | P95: =IFERROR(__xludf.DUMMYFUNCTION("""COMPUTED_VALUE"""),"") | Q95: =IFERROR(__xludf.DUMMYFUNCTION("""COMPUTED_VALUE"""),"") | R95: =IFERROR(__xludf.DUMMYFUNCTION("""COMPUTED_VALUE"""),"") | S95: =IFERROR(__xludf.DUMMYFUNCTION("""COMPUTED_VALUE"""),"") | T95: =IFERROR(__xludf.DUMMYFUNCTION("""COMPUTED_VALUE"""),"") | U95: =IFERROR(__xludf.DUMMYFUNCTION("""COMPUTED_VALUE"""),"") | V95: =IFERROR(__xludf.DUMMYFUNCTION("""COMPUTED_VALUE"""),"") | W95: =iferror(if(U95/(V95*24)=0,"",U95/(V95*24)),"") | X95: =IFERROR(__xludf.DUMMYFUNCTION("""COMPUTED_VALUE"""),"") | Y95: =IFERROR(__xludf.DUMMYFUNCTION("""COMPUTED_VALUE"""),"")
A96: =IFERROR(__xludf.DUMMYFUNCTION("""COMPUTED_VALUE"""),46071.69685313657) -> 46071.697 | B96: =IFERROR(__xludf.DUMMYFUNCTION("""COMPUTED_VALUE"""),"Evan Morgan") -> Evan Morgan | C96: =IF( B96="", "", AND( B96=B95, K96=K95, M96=M95, ABS(D96 - F95) <= TIME(0,25,0) ) ) -> FALSE | D96: =IFERROR(__xludf.DUMMYFUNCTION("""COMPUTED_VALUE"""),0.6666666666642413) -> 0.66666667 | E96: =IFERROR(__xludf.DUMMYFUNCTION("""COMPUTED_VALUE"""),0.027777777781011537) -> 0.027777778 | F96: =IFERROR(__xludf.DUMMYFUNCTION("""COMPUTED_VALUE"""),0.6944444444452529) -> 0.69444444 | G96: 0.027777778 | H96: =IFERROR(__xludf.DUMMYFUNCTION("""COMPUTED_VALUE"""),35.0) -> 35 | I96: 52.5 | J96: Dinner | K96: =IFERROR(__xludf.DUMMYFUNCTION("""COMPUTED_VALUE"""),46071.0) -> 46071 | L96: =IFS( K96="","", WEEKDAY(K96)=1, "Sunday", WEEKDAY(K96)=2, "Monday", WEEKDAY(K96)=3, "Tuesday", WEEKDAY(K96)=4, "Wednesday", WEEKDAY(K96)=5, "Thursday", WEEKDAY(K96)=6, "Friday", WEEKDAY(K96)=7, "Saturday" ) -> Wednesday | M96: =IFERROR(__xludf.DUMMYFUNCTION("""COMPUTED_VALUE"""),"MF") -> MF | N96: 1.0981092 | O96: =IFERROR(__xludf.DUMMYFUNCTION("""COMPUTED_VALUE"""),"") | P96: =IFERROR(__xludf.DUMMYFUNCTION("""COMPUTED_VALUE"""),"") | Q96: =IFERROR(__xludf.DUMMYFUNCTION("""COMPUTED_VALUE"""),"") | R96: =IFERROR(__xludf.DUMMYFUNCTION("""COMPUTED_VALUE"""),"") | S96: =IFERROR(__xludf.DUMMYFUNCTION("""COMPUTED_VALUE"""),"") | T96: =IFERROR(__xludf.DUMMYFUNCTION("""COMPUTED_VALUE"""),"") | U96: =IFERROR(__xludf.DUMMYFUNCTION("""COMPUTED_VALUE"""),"") | V96: =IFERROR(__xludf.DUMMYFUNCTION("""COMPUTED_VALUE"""),"") | W96: =iferror(if(U96/(V96*24)=0,"",U96/(V96*24)),"") | X96: =IFERROR(__xludf.DUMMYFUNCTION("""COMPUTED_VALUE"""),"") | Y96: =IFERROR(__xludf.DUMMYFUNCTION("""COMPUTED_VALUE"""),"")
A97: =IFERROR(__xludf.DUMMYFUNCTION("""COMPUTED_VALUE"""),46071.84832153935) -> 46071.848 | B97: =IFERROR(__xludf.DUMMYFUNCTION("""COMPUTED_VALUE"""),"Maureen Surgot") -> Maureen Surgot | C97: =IF( B97="", "", AND( B97=B96, K97=K96, M97=M96, ABS(D97 - F96) <= TIME(0,25,0) ) ) -> FALSE | D97: =IFERROR(__xludf.DUMMYFUNCTION("""COMPUTED_VALUE"""),0.6875) -> 0.6875 | E97: =IFERROR(__xludf.DUMMYFUNCTION("""COMPUTED_VALUE"""),0.16666666666424135) -> 0.16666667 | F97: =IFERROR(__xludf.DUMMYFUNCTION("""COMPUTED_VALUE"""),0.8541666666642413) -> 0.85416667 | G97: 0.16666667 | H97: =IFERROR(__xludf.DUMMYFUNCTION("""COMPUTED_VALUE"""),109.0) -> 109 | I97: 27.25 | J97: Dinner | K97: =IFERROR(__xludf.DUMMYFUNCTION("""COMPUTED_VALUE"""),46071.0) -> 46071 | L97: =IFS( K97="","", WEEKDAY(K97)=1, "Sunday", WEEKDAY(K97)=2, "Monday", WEEKDAY(K97)=3, "Tuesday", WEEKDAY(K97)=4, "Wednesday", WEEKDAY(K97)=5, "Thursday", WEEKDAY(K97)=6, "Friday", WEEKDAY(K97)=7, "Saturday" ) -> Wednesday | M97: =IFERROR(__xludf.DUMMYFUNCTION("""COMPUTED_VALUE"""),"BF") -> BF | N97: 0.61329923 | O97: =IFERROR(__xludf.DUMMYFUNCTION("""COMPUTED_VALUE"""),"") | P97: =IFERROR(__xludf.DUMMYFUNCTION("""COMPUTED_VALUE"""),"") | Q97: =IFERROR(__xludf.DUMMYFUNCTION("""COMPUTED_VALUE"""),"") | R97: =IFERROR(__xludf.DUMMYFUNCTION("""COMPUTED_VALUE"""),"") | S97: =IFERROR(__xludf.DUMMYFUNCTION("""COMPUTED_VALUE"""),"") | T97: =IFERROR(__xludf.DUMMYFUNCTION("""COMPUTED_VALUE"""),"") | U97: =IFERROR(__xludf.DUMMYFUNCTION("""COMPUTED_VALUE"""),"") | V97: =IFERROR(__xludf.DUMMYFUNCTION("""COMPUTED_VALUE"""),"") | W97: =iferror(if(U97/(V97*24)=0,"",U97/(V97*24)),"") | X97: =IFERROR(__xludf.DUMMYFUNCTION("""COMPUTED_VALUE"""),"") | Y97: =IFERROR(__xludf.DUMMYFUNCTION("""COMPUTED_VALUE"""),"")
A98: =IFERROR(__xludf.DUMMYFUNCTION("""COMPUTED_VALUE"""),46071.86939287037) -> 46071.869 | B98: =IFERROR(__xludf.DUMMYFUNCTION("""COMPUTED_VALUE"""),"Brynn Hornig") -> Brynn Hornig | C98: =IF( B98="", "", AND( B98=B97, K98=K97, M98=M97, ABS(D98 - F97) <= TIME(0,25,0) ) ) -> FALSE | D98: =IFERROR(__xludf.DUMMYFUNCTION("""COMPUTED_VALUE"""),0.75) -> 0.75 | E98: =IFERROR(__xludf.DUMMYFUNCTION("""COMPUTED_VALUE"""),0.125) -> 0.125 | F98: =IFERROR(__xludf.DUMMYFUNCTION("""COMPUTED_VALUE"""),0.875) -> 0.875 | G98: 0.125 | H98: =IFERROR(__xludf.DUMMYFUNCTION("""COMPUTED_VALUE"""),209.0) -> 209 | I98: 69.666667 | J98: Dinner | K98: =IFERROR(__xludf.DUMMYFUNCTION("""COMPUTED_VALUE"""),46071.0) -> 46071 | L98: =IFS( K98="","", WEEKDAY(K98)=1, "Sunday", WEEKDAY(K98)=2, "Monday", WEEKDAY(K98)=3, "Tuesday", WEEKDAY(K98)=4, "Wednesday", WEEKDAY(K98)=5, "Thursday", WEEKDAY(K98)=6, "Friday", WEEKDAY(K98)=7, "Saturday" ) -> Wednesday | M98: =IFERROR(__xludf.DUMMYFUNCTION("""COMPUTED_VALUE"""),"MF") -> MF | N98: 1.4571735 | O98: =IFERROR(__xludf.DUMMYFUNCTION("""COMPUTED_VALUE"""),343.0) -> 343 | P98: =IFERROR(__xludf.DUMMYFUNCTION("""COMPUTED_VALUE"""),250.0) -> 250 | Q98: =IFERROR(__xludf.DUMMYFUNCTION("""COMPUTED_VALUE"""),0.2291666666715173) -> 0.22916667 | R98: =IFERROR(__xludf.DUMMYFUNCTION("""COMPUTED_VALUE"""),0.33333333333575865) -> 0.33333333 | S98: =IFERROR(__xludf.DUMMYFUNCTION("""COMPUTED_VALUE"""),58.72222221980396) -> 58.722222 | T98: =IFERROR(__xludf.DUMMYFUNCTION("""COMPUTED_VALUE"""),33.40501165452307) -> 33.405012 | U98: =IFERROR(__xludf.DUMMYFUNCTION("""COMPUTED_VALUE"""),593.0) -> 593 | V98: =IFERROR(__xludf.DUMMYFUNCTION("""COMPUTED_VALUE"""),0.562500000007276) -> 0.5625 | W98: =iferror(if(U98/(V98*24)=0,"",U98/(V98*24)),"") -> 43.925926 | X98: =IFERROR(__xludf.DUMMYFUNCTION("""COMPUTED_VALUE"""),46.063616937163516) -> 46.063617 | Y98: =IFERROR(__xludf.DUMMYFUNCTION("""COMPUTED_VALUE"""),0.9000771454964142) -> 0.90007715
