Workbook

Sheet Impact Calculations
A2: Methods:
A4: Functional unit: 1 short ton of mixed food waste Sector: Foodservice Food mix: ReFED standard mix Boundary: End-of-life only (no prevention) Time horizon: 100-year GWP (AR6) Destinations modeled: - Composting - Anaerobic digestion - Landfill (baseline only) | F4: Magic numbers
F5: the magic # | G5: =1 / 2000 * (G8 - (G6*G9 + G7*G10)) -> 0.000317765 | H5: metric tons of emissions impact
F6: Compost EF | G6: 1.13437 | H6: CO₂e / metric ton
F7: AD EF | G7: 1.17477 | H7: metric tons of CO₂e
F8: Landfill EF | G8: 1.7901 | H8: metric tons of CO₂e
F9: compost fraction | G9: 0.5 | H9: /1
F10: AD fraction | G10: 0.5 | H10: /1
A18: ReFED - Impact Calculator

Sheet Master of Masters
C1: YoY Composting Data
K2: Tab List:
K3: Master Spring 2024
K4: Master Fall 2024
A5: descriptions | B5: Mainfare Total Data | E5: Butterfield Total Data | H5: Total Data | K5: Master Spring 2025
A6: The total lbs collected | B6: Total lbs | C6: {=SUM( MAP( $K$3:$K1000, LAMBDA(s, IF( s="", 0, INDIRECT("'" & s & "'!C" & ROW()) ) ) ) )} -> 64036 | E6: Total lbs | F6: {=SUM( MAP( $K$3:$K1000, LAMBDA(s, IF( s="", 0, INDIRECT("'" & s & "'!F" & ROW()) ) ) ) )} -> 64026 | H6: Total lbs | I6: {=SUM( MAP( $K$3:$K1000, LAMBDA(s, IF( s="", 0, INDIRECT("'" & s & "'!I" & ROW()) ) ) ) )} -> 135172.86 | K6: Master Fall 2025
A7: The average of the total lbs collected each day | B7: avg lb p/wrkday | C7: =IFERROR(__xludf.DUMMYFUNCTION("LET( vals, MAP( $K$3:$K1000, LAMBDA(s, IF(s="""", """", INDIRECT(""'"" & s & ""'!C"" & ROW()) ) ) ), nums, FILTER(vals, ISNUMBER(vals)), IF(COUNTA(nums)=0, """", SUM(nums)/COUNTA(nums)) )"),244.1981358040307) -> 244.19814 | E7: avg lb p/wrkday | F7: =IFERROR(__xludf.DUMMYFUNCTION("LET( vals, MAP( $K$3:$K1000, LAMBDA(s, IF(s="""", """", INDIRECT(""'"" & s & ""'!F"" & ROW()) ) ) ), nums, FILTER(vals, ISNUMBER(vals)), IF(COUNTA(nums)=0, """", SUM(nums)/COUNTA(nums)) )"),257.38734452250844) -> 257.38734 | H7: avg lb p/wrkday | I7: =IFERROR(__xludf.DUMMYFUNCTION("LET( vals, MAP( $K$3:$K1000, LAMBDA(s, IF(s="""", """", INDIRECT(""'"" & s & ""'!I"" & ROW()) ) ) ), nums, FILTER(vals, ISNUMBER(vals)), IF(COUNTA(nums)=0, """", SUM(nums)/COUNTA(nums)) )"),426.06165298507466) -> 426.06165 | K7: Master Spring 2026
A8: The total lbs collected over the total hours worked | B8: Total lbs/hr | C8: {=SUM( MAP( $K$3:$K1000, LAMBDA(s, IF( s="", 0, INDIRECT("'" & s & "'!C" & ROW()) ) ) ) )} -> 112.41058 | E8: Total lbs/hr | F8: {=SUM( MAP( $K$3:$K1000, LAMBDA(s, IF( s="", 0, INDIRECT("'" & s & "'!F" & ROW()) ) ) ) )} -> 84.274844 | H8: Total lbs/hr | I8: {=SUM( MAP( $K$3:$K1000, LAMBDA(s, IF( s="", 0, INDIRECT("'" & s & "'!I" & ROW()) ) ) ) )} -> 96.944684
A9: The average of the hourly rate of each ambassador | B9: avg ambassador lb p/hr | C9: =IFERROR(__xludf.DUMMYFUNCTION("LET( vals, MAP( $K$3:$K1000, LAMBDA(s, IF(s="""", """", INDIRECT(""'"" & s & ""'!C"" & ROW()) ) ) ), nums, FILTER(vals, ISNUMBER(vals)), IF(COUNTA(nums)=0, """", SUM(nums)/COUNTA(nums)) )"),57.663306695244074) -> 57.663307 | E9: avg ambassador lb p/hr | F9: =IFERROR(__xludf.DUMMYFUNCTION("LET( vals, MAP( $K$3:$K1000, LAMBDA(s, IF(s="""", """", INDIRECT(""'"" & s & ""'!F"" & ROW()) ) ) ), nums, FILTER(vals, ISNUMBER(vals)), IF(COUNTA(nums)=0, """", SUM(nums)/COUNTA(nums)) )"),43.94825664995053) -> 43.948257 | H9: avg ambassador lb p/hr | I9: =IFERROR(__xludf.DUMMYFUNCTION("LET( vals, MAP( $K$3:$K1000, LAMBDA(s, IF(s="""", """", INDIRECT(""'"" & s & ""'!I"" & ROW()) ) ) ), nums, FILTER(vals, ISNUMBER(vals)), IF(COUNTA(nums)=0, """", SUM(nums)/COUNTA(nums)) )"),51.1387679836608) -> 51.138768
A10: The total hours worked | B10: Total hours | C10: {=SUM( MAP( $K$3:$K1000, LAMBDA(s, IF( s="", 0, INDIRECT("'" & s & "'!C" & ROW()) ) ) ) )} -> 564.19667 | E10: Total hours | F10: {=SUM( MAP( $K$3:$K1000, LAMBDA(s, IF( s="", 0, INDIRECT("'" & s & "'!F" & ROW()) ) ) ) )} -> 675.84667 | H10: Total hours | I10: {=SUM( MAP( $K$3:$K1000, LAMBDA(s, IF( s="", 0, INDIRECT("'" & s & "'!I" & ROW()) ) ) ) )} -> 1240.0533
A11: The average of all of the hours worked each day | B11: avg hrs/day | C11: =IFERROR(__xludf.DUMMYFUNCTION("LET( vals, MAP( $K$3:$K1000, LAMBDA(s, IF(s="""", """", INDIRECT(""'"" & s & ""'!C"" & ROW()) ) ) ), nums, FILTER(vals, ISNUMBER(vals)), IF(COUNTA(nums)=0, """", SUM(nums)/COUNTA(nums)) )"),0.20402475469940068) -> 0.20402475 | E11: avg hrs/day | F11: =IFERROR(__xludf.DUMMYFUNCTION("LET( vals, MAP( $K$3:$K1000, LAMBDA(s, IF(s="""", """", INDIRECT(""'"" & s & ""'!F"" & ROW()) ) ) ), nums, FILTER(vals, ISNUMBER(vals)), IF(COUNTA(nums)=0, """", SUM(nums)/COUNTA(nums)) )"),0.2568896053787011) -> 0.25688961 | H11: avg hrs/day | I11: =IFERROR(__xludf.DUMMYFUNCTION("LET( vals, MAP( $K$3:$K1000, LAMBDA(s, IF(s="""", """", INDIRECT(""'"" & s & ""'!I"" & ROW()) ) ) ), nums, FILTER(vals, ISNUMBER(vals)), IF(COUNTA(nums)=0, """", SUM(nums)/COUNTA(nums)) )"),0.43644848673321524) -> 0.43644849
A12: The number of lbs of CO2 not emitted due to diversion | B12: Impact [lbs of Co2e] | C12: =(C6*'Impact Calculations'!G5)*2000 -> 40696.799 | E12: Impact [lbs of Co2e] | F12: =(F6*'Impact Calculations'!G5)*2000 -> 40690.444 | H12: Impact [lbs of Co2e] | I12: =(I6*'Impact Calculations'!G5)*2000 -> 85906.408
H15: Total Data
H16: # of shifts worked | I16: {=SUM( MAP( $K$3:$K1000, LAMBDA(s, IF( s="", 0, IFERROR( INDIRECT("'" & s & "'!D" & ROW(D37)), 0 ) ) ) ) )} -> 1089
H17: avg lb/shift | I17: =I6/I16 -> 124.12567

Sheet Master Graphs
A1: Color Key
A2: Text | B2: Eco | C2: Mainfare & Butterfield | D2: Mainfare | E2: Butterfield
A3: Background | B3: Eco | C3: Mainfare & Butterfield | D3: Mainfare | E3: Butterfield | F3: Aggregate/General | G3: Period | L3: NOTE: | M3: interactive chart | N3: [under development]
A4: Bar Color | B4: S24 | C4: F24 | D4: S25 | E4: F25 | F4: S26 | G4: Mainfare & Butterfield | H4: Mainfare | I4: Butterfield | J4: Trend

Sheet YoY Data Sheet Tables
A1: =IFERROR(__xludf.DUMMYFUNCTION("IMPORTRANGE(""https://docs.google.com/spreadsheets/d/1CwrjPhJINZWO4jEU_saNz0V1dzS-UwSgU5fMaUfZ7VY/edit?gid=303306520#gid=303306520"", ""'YoY Viz Data'!A1:R225"")"),"Bulk Tab →") -> Bulk Tab → | B1: =IFERROR(__xludf.DUMMYFUNCTION("""COMPUTED_VALUE"""),"S24") -> S24 | C1: =IFERROR(__xludf.DUMMYFUNCTION("""COMPUTED_VALUE"""),"F24") -> F24 | D1: =IFERROR(__xludf.DUMMYFUNCTION("""COMPUTED_VALUE"""),"S25") -> S25 | E1: =IFERROR(__xludf.DUMMYFUNCTION("""COMPUTED_VALUE"""),"F25") -> F25 | F1: =IFERROR(__xludf.DUMMYFUNCTION("""COMPUTED_VALUE"""),"S26") -> S26
A2: =IFERROR(__xludf.DUMMYFUNCTION("""COMPUTED_VALUE"""),"Sem Start Date →") -> Sem Start Date → | B2: =IFERROR(__xludf.DUMMYFUNCTION("""COMPUTED_VALUE"""),45313.0) -> 45313 | C2: =IFERROR(__xludf.DUMMYFUNCTION("""COMPUTED_VALUE"""),45544.0) -> 45544 | D2: =IFERROR(__xludf.DUMMYFUNCTION("""COMPUTED_VALUE"""),45677.0) -> 45677 | E2: =IFERROR(__xludf.DUMMYFUNCTION("""COMPUTED_VALUE"""),45908.0) -> 45908 | F2: =IFERROR(__xludf.DUMMYFUNCTION("""COMPUTED_VALUE"""),46041.0) -> 46041
A4: =IFERROR(__xludf.DUMMYFUNCTION("""COMPUTED_VALUE"""),"T8 · lbs by Period per Semester → stacked bar chart") -> T8 · lbs by Period per Semester → stacked bar chart
A5: =IFERROR(__xludf.DUMMYFUNCTION("""COMPUTED_VALUE"""),"Period") -> Period | B5: =IFERROR(__xludf.DUMMYFUNCTION("""COMPUTED_VALUE"""),"S24") -> S24 | C5: =IFERROR(__xludf.DUMMYFUNCTION("""COMPUTED_VALUE"""),"F24") -> F24 | D5: =IFERROR(__xludf.DUMMYFUNCTION("""COMPUTED_VALUE"""),"S25") -> S25 | E5: =IFERROR(__xludf.DUMMYFUNCTION("""COMPUTED_VALUE"""),"F25") -> F25 | F5: =IFERROR(__xludf.DUMMYFUNCTION("""COMPUTED_VALUE"""),"S26*") -> S26*
A6: =IFERROR(__xludf.DUMMYFUNCTION("""COMPUTED_VALUE"""),"Breakfast") -> Breakfast | B6: =IFERROR(__xludf.DUMMYFUNCTION("""COMPUTED_VALUE"""),727.1800000000001) -> 727.18 | C6: =IFERROR(__xludf.DUMMYFUNCTION("""COMPUTED_VALUE"""),2685.0) -> 2685 | D6: =IFERROR(__xludf.DUMMYFUNCTION("""COMPUTED_VALUE"""),4199.0) -> 4199 | E6: =IFERROR(__xludf.DUMMYFUNCTION("""COMPUTED_VALUE"""),1851.0) -> 1851 | F6: =IFERROR(__xludf.DUMMYFUNCTION("""COMPUTED_VALUE"""),2634.0) -> 2634
A7: =IFERROR(__xludf.DUMMYFUNCTION("""COMPUTED_VALUE"""),"Lunch") -> Lunch | B7: =IFERROR(__xludf.DUMMYFUNCTION("""COMPUTED_VALUE"""),3747.78) -> 3747.78 | C7: =IFERROR(__xludf.DUMMYFUNCTION("""COMPUTED_VALUE"""),12163.0) -> 12163 | D7: =IFERROR(__xludf.DUMMYFUNCTION("""COMPUTED_VALUE"""),13311.0) -> 13311 | E7: =IFERROR(__xludf.DUMMYFUNCTION("""COMPUTED_VALUE"""),14184.5) -> 14184.5 | F7: =IFERROR(__xludf.DUMMYFUNCTION("""COMPUTED_VALUE"""),9821.0) -> 9821
A8: =IFERROR(__xludf.DUMMYFUNCTION("""COMPUTED_VALUE"""),"Dinner") -> Dinner | B8: =IFERROR(__xludf.DUMMYFUNCTION("""COMPUTED_VALUE"""),2431.9) -> 2431.9 | C8: =IFERROR(__xludf.DUMMYFUNCTION("""COMPUTED_VALUE"""),10619.0) -> 10619 | D8: =IFERROR(__xludf.DUMMYFUNCTION("""COMPUTED_VALUE"""),13563.0) -> 13563 | E8: =IFERROR(__xludf.DUMMYFUNCTION("""COMPUTED_VALUE"""),15726.5) -> 15726.5 | F8: =IFERROR(__xludf.DUMMYFUNCTION("""COMPUTED_VALUE"""),13964.0) -> 13964
A9: =IFERROR(__xludf.DUMMYFUNCTION("""COMPUTED_VALUE"""),"Breakfast/Lunch") -> Breakfast/Lunch | B9: =IFERROR(__xludf.DUMMYFUNCTION("""COMPUTED_VALUE"""),0.0) -> 0 | C9: =IFERROR(__xludf.DUMMYFUNCTION("""COMPUTED_VALUE"""),919.0) -> 919 | D9: =IFERROR(__xludf.DUMMYFUNCTION("""COMPUTED_VALUE"""),0.0) -> 0 | E9: =IFERROR(__xludf.DUMMYFUNCTION("""COMPUTED_VALUE"""),1675.0) -> 1675 | F9: =IFERROR(__xludf.DUMMYFUNCTION("""COMPUTED_VALUE"""),2141.0) -> 2141
A10: =IFERROR(__xludf.DUMMYFUNCTION("""COMPUTED_VALUE"""),"Total") -> Total | B10: =IFERROR(__xludf.DUMMYFUNCTION("""COMPUTED_VALUE"""),6906.860000000001) -> 6906.86 | C10: =IFERROR(__xludf.DUMMYFUNCTION("""COMPUTED_VALUE"""),26386.0) -> 26386 | D10: =IFERROR(__xludf.DUMMYFUNCTION("""COMPUTED_VALUE"""),31073.0) -> 31073 | E10: =IFERROR(__xludf.DUMMYFUNCTION("""COMPUTED_VALUE"""),33437.0) -> 33437 | F10: =IFERROR(__xludf.DUMMYFUNCTION("""COMPUTED_VALUE"""),28560.0) -> 28560
A11: =IFERROR(__xludf.DUMMYFUNCTION("""COMPUTED_VALUE"""),"† S24: period approximated from timestamp hour (B: 6–11am, L: 11am–4pm, D: 4–10pm). Dining Hall unavailable for S24.") -> † S24: period approximated from timestamp hour (B: 6–11am, L: 11am–4pm, D: 4–10pm). Dining Hall unavailable for S24.
A13: =IFERROR(__xludf.DUMMYFUNCTION("""COMPUTED_VALUE"""),"T9 · lbs by Period × Hall per Semester → grouped bar / heatmap") -> T9 · lbs by Period × Hall per Semester → grouped bar / heatmap
A14: =IFERROR(__xludf.DUMMYFUNCTION("""COMPUTED_VALUE"""),"Period") -> Period | B14: =IFERROR(__xludf.DUMMYFUNCTION("""COMPUTED_VALUE"""),"Hall") -> Hall | C14: =IFERROR(__xludf.DUMMYFUNCTION("""COMPUTED_VALUE"""),"S24") -> S24 | D14: =IFERROR(__xludf.DUMMYFUNCTION("""COMPUTED_VALUE"""),"F24") -> F24 | E14: =IFERROR(__xludf.DUMMYFUNCTION("""COMPUTED_VALUE"""),"S25") -> S25 | F14: =IFERROR(__xludf.DUMMYFUNCTION("""COMPUTED_VALUE"""),"F25") -> F25 | G14: =IFERROR(__xludf.DUMMYFUNCTION("""COMPUTED_VALUE"""),"S26*") -> S26*
A15: =IFERROR(__xludf.DUMMYFUNCTION("""COMPUTED_VALUE"""),"Dinner") -> Dinner | B15: =IFERROR(__xludf.DUMMYFUNCTION("""COMPUTED_VALUE"""),"MF") -> MF | C15: =IFERROR(__xludf.DUMMYFUNCTION("""COMPUTED_VALUE"""),0.0) -> 0 | D15: =IFERROR(__xludf.DUMMYFUNCTION("""COMPUTED_VALUE"""),5145.0) -> 5145 | E15: =IFERROR(__xludf.DUMMYFUNCTION("""COMPUTED_VALUE"""),7476.0) -> 7476 | F15: =IFERROR(__xludf.DUMMYFUNCTION("""COMPUTED_VALUE"""),8260.0) -> 8260 | G15: =IFERROR(__xludf.DUMMYFUNCTION("""COMPUTED_VALUE"""),8696.0) -> 8696
A16: =IFERROR(__xludf.DUMMYFUNCTION("""COMPUTED_VALUE"""),"Dinner") -> Dinner | B16: =IFERROR(__xludf.DUMMYFUNCTION("""COMPUTED_VALUE"""),"BF") -> BF | C16: =IFERROR(__xludf.DUMMYFUNCTION("""COMPUTED_VALUE"""),0.0) -> 0 | D16: =IFERROR(__xludf.DUMMYFUNCTION("""COMPUTED_VALUE"""),5474.0) -> 5474 | E16: =IFERROR(__xludf.DUMMYFUNCTION("""COMPUTED_VALUE"""),6087.0) -> 6087 | F16: =IFERROR(__xludf.DUMMYFUNCTION("""COMPUTED_VALUE"""),7466.5) -> 7466.5 | G16: =IFERROR(__xludf.DUMMYFUNCTION("""COMPUTED_VALUE"""),5268.0) -> 5268
A17: =IFERROR(__xludf.DUMMYFUNCTION("""COMPUTED_VALUE"""),"Lunch") -> Lunch | B17: =IFERROR(__xludf.DUMMYFUNCTION("""COMPUTED_VALUE"""),"MF") -> MF | C17: =IFERROR(__xludf.DUMMYFUNCTION("""COMPUTED_VALUE"""),0.0) -> 0 | D17: =IFERROR(__xludf.DUMMYFUNCTION("""COMPUTED_VALUE"""),6636.0) -> 6636 | E17: =IFERROR(__xludf.DUMMYFUNCTION("""COMPUTED_VALUE"""),6793.0) -> 6793 | F17: =IFERROR(__xludf.DUMMYFUNCTION("""COMPUTED_VALUE"""),9189.0) -> 9189 | G17: =IFERROR(__xludf.DUMMYFUNCTION("""COMPUTED_VALUE"""),6214.0) -> 6214
A18: =IFERROR(__xludf.DUMMYFUNCTION("""COMPUTED_VALUE"""),"Lunch") -> Lunch | B18: =IFERROR(__xludf.DUMMYFUNCTION("""COMPUTED_VALUE"""),"BF") -> BF | C18: =IFERROR(__xludf.DUMMYFUNCTION("""COMPUTED_VALUE"""),0.0) -> 0 | D18: =IFERROR(__xludf.DUMMYFUNCTION("""COMPUTED_VALUE"""),5527.0) -> 5527 | E18: =IFERROR(__xludf.DUMMYFUNCTION("""COMPUTED_VALUE"""),6518.0) -> 6518 | F18: =IFERROR(__xludf.DUMMYFUNCTION("""COMPUTED_VALUE"""),4995.5) -> 4995.5 | G18: =IFERROR(__xludf.DUMMYFUNCTION("""COMPUTED_VALUE"""),3607.0) -> 3607
A19: =IFERROR(__xludf.DUMMYFUNCTION("""COMPUTED_VALUE"""),"Breakfast") -> Breakfast | B19: =IFERROR(__xludf.DUMMYFUNCTION("""COMPUTED_VALUE"""),"BF") -> BF | C19: =IFERROR(__xludf.DUMMYFUNCTION("""COMPUTED_VALUE"""),0.0) -> 0 | D19: =IFERROR(__xludf.DUMMYFUNCTION("""COMPUTED_VALUE"""),2685.0) -> 2685 | E19: =IFERROR(__xludf.DUMMYFUNCTION("""COMPUTED_VALUE"""),4199.0) -> 4199 | F19: =IFERROR(__xludf.DUMMYFUNCTION("""COMPUTED_VALUE"""),1851.0) -> 1851 | G19: =IFERROR(__xludf.DUMMYFUNCTION("""COMPUTED_VALUE"""),2616.0) -> 2616
A20: =IFERROR(__xludf.DUMMYFUNCTION("""COMPUTED_VALUE"""),"Breakfast/Lunch") -> Breakfast/Lunch | B20: =IFERROR(__xludf.DUMMYFUNCTION("""COMPUTED_VALUE"""),"BF") -> BF | C20: =IFERROR(__xludf.DUMMYFUNCTION("""COMPUTED_VALUE"""),0.0) -> 0 | D20: =IFERROR(__xludf.DUMMYFUNCTION("""COMPUTED_VALUE"""),919.0) -> 919 | E20: =IFERROR(__xludf.DUMMYFUNCTION("""COMPUTED_VALUE"""),0.0) -> 0 | F20: =IFERROR(__xludf.DUMMYFUNCTION("""COMPUTED_VALUE"""),1675.0) -> 1675 | G20: =IFERROR(__xludf.DUMMYFUNCTION("""COMPUTED_VALUE"""),2141.0) -> 2141
A21: =IFERROR(__xludf.DUMMYFUNCTION("""COMPUTED_VALUE"""),"† S24: Dining Hall not collected — all S24 values are 0. Rows with < 50 lbs total pruned.") -> † S24: Dining Hall not collected — all S24 values are 0. Rows with < 50 lbs total pruned.
A23: =IFERROR(__xludf.DUMMYFUNCTION("""COMPUTED_VALUE"""),"T10 · Weekly lbs within Semester → multi-line overlay chart") -> T10 · Weekly lbs within Semester → multi-line overlay chart
A24: =IFERROR(__xludf.DUMMYFUNCTION("""COMPUTED_VALUE"""),"Week") -> Week | B24: =IFERROR(__xludf.DUMMYFUNCTION("""COMPUTED_VALUE"""),"Average") -> Average | C24: =IFERROR(__xludf.DUMMYFUNCTION("""COMPUTED_VALUE"""),"S24") -> S24 | D24: =IFERROR(__xludf.DUMMYFUNCTION("""COMPUTED_VALUE"""),"S24 date") -> S24 date | E24: =IFERROR(__xludf.DUMMYFUNCTION("""COMPUTED_VALUE"""),"S24 notes") -> S24 notes | F24: =IFERROR(__xludf.DUMMYFUNCTION("""COMPUTED_VALUE"""),"F24") -> F24 | G24: =IFERROR(__xludf.DUMMYFUNCTION("""COMPUTED_VALUE"""),"F24 date") -> F24 date | H24: =IFERROR(__xludf.DUMMYFUNCTION("""COMPUTED_VALUE"""),"F24 notes") -> F24 notes | I24: =IFERROR(__xludf.DUMMYFUNCTION("""COMPUTED_VALUE"""),"S25") -> S25 | J24: =IFERROR(__xludf.DUMMYFUNCTION("""COMPUTED_VALUE"""),"S25 date") -> S25 date | K24: =IFERROR(__xludf.DUMMYFUNCTION("""COMPUTED_VALUE"""),"S25 notes") -> S25 notes | L24: =IFERROR(__xludf.DUMMYFUNCTION("""COMPUTED_VALUE"""),"F25") -> F25 | M24: =IFERROR(__xludf.DUMMYFUNCTION("""COMPUTED_VALUE"""),"F25 date") -> F25 date | N24: =IFERROR(__xludf.DUMMYFUNCTION("""COMPUTED_VALUE"""),"F25 notes") -> F25 notes | O24: =IFERROR(__xludf.DUMMYFUNCTION("""COMPUTED_VALUE"""),"S26*") -> S26* | P24: =IFERROR(__xludf.DUMMYFUNCTION("""COMPUTED_VALUE"""),"S26* date") -> S26* date | Q24: =IFERROR(__xludf.DUMMYFUNCTION("""COMPUTED_VALUE"""),"S26* notes") -> S26* notes
A25: =IFERROR(__xludf.DUMMYFUNCTION("""COMPUTED_VALUE"""),1.0) -> 1 | B25: =IFERROR(__xludf.DUMMYFUNCTION("""COMPUTED_VALUE"""),1201.6666666666667) -> 1201.6667 | C25: =IFERROR(__xludf.DUMMYFUNCTION("""COMPUTED_VALUE"""),"") | D25: =IFERROR(__xludf.DUMMYFUNCTION("""COMPUTED_VALUE"""),"S24 · Jan 22, 2024") -> S24 · Jan 22, 2024 | F25: =IFERROR(__xludf.DUMMYFUNCTION("""COMPUTED_VALUE"""),1079.0) -> 1079 | G25: =IFERROR(__xludf.DUMMYFUNCTION("""COMPUTED_VALUE"""),"F24 · Sep 9, 2024") -> F24 · Sep 9, 2024 | I25: =IFERROR(__xludf.DUMMYFUNCTION("""COMPUTED_VALUE"""),"") | J25: =IFERROR(__xludf.DUMMYFUNCTION("""COMPUTED_VALUE"""),"S25 · Jan 20, 2025") -> S25 · Jan 20, 2025 | L25: =IFERROR(__xludf.DUMMYFUNCTION("""COMPUTED_VALUE"""),2036.0) -> 2036 | M25: =IFERROR(__xludf.DUMMYFUNCTION("""COMPUTED_VALUE"""),"F25 · Sep 8, 2025") -> F25 · Sep 8, 2025 | O25: =IFERROR(__xludf.DUMMYFUNCTION("""COMPUTED_VALUE"""),490.0) -> 490 | P25: =IFERROR(__xludf.DUMMYFUNCTION("""COMPUTED_VALUE"""),"S26* · Jan 19, 2026") -> S26* · Jan 19, 2026
A26: =IFERROR(__xludf.DUMMYFUNCTION("""COMPUTED_VALUE"""),2.0) -> 2 | B26: =IFERROR(__xludf.DUMMYFUNCTION("""COMPUTED_VALUE"""),1950.25) -> 1950.25 | C26: =IFERROR(__xludf.DUMMYFUNCTION("""COMPUTED_VALUE"""),"") | D26: =IFERROR(__xludf.DUMMYFUNCTION("""COMPUTED_VALUE"""),"S24 · Jan 29, 2024") -> S24 · Jan 29, 2024 | F26: =IFERROR(__xludf.DUMMYFUNCTION("""COMPUTED_VALUE"""),1634.0) -> 1634 | G26: =IFERROR(__xludf.DUMMYFUNCTION("""COMPUTED_VALUE"""),"F24 · Sep 16, 2024") -> F24 · Sep 16, 2024 | I26: =IFERROR(__xludf.DUMMYFUNCTION("""COMPUTED_VALUE"""),2292.0) -> 2292 | J26: =IFERROR(__xludf.DUMMYFUNCTION("""COMPUTED_VALUE"""),"S25 · Jan 27, 2025") -> S25 · Jan 27, 2025 | L26: =IFERROR(__xludf.DUMMYFUNCTION("""COMPUTED_VALUE"""),2521.0) -> 2521 | M26: =IFERROR(__xludf.DUMMYFUNCTION("""COMPUTED_VALUE"""),"F25 · Sep 15, 2025") -> F25 · Sep 15, 2025 | O26: =IFERROR(__xludf.DUMMYFUNCTION("""COMPUTED_VALUE"""),1354.0) -> 1354 | P26: =IFERROR(__xludf.DUMMYFUNCTION("""COMPUTED_VALUE"""),"S26* · Jan 26, 2026") -> S26* · Jan 26, 2026
A27: =IFERROR(__xludf.DUMMYFUNCTION("""COMPUTED_VALUE"""),3.0) -> 3 | B27: =IFERROR(__xludf.DUMMYFUNCTION("""COMPUTED_VALUE"""),2583.5) -> 2583.5 | C27: =IFERROR(__xludf.DUMMYFUNCTION("""COMPUTED_VALUE"""),"") | D27: =IFERROR(__xludf.DUMMYFUNCTION("""COMPUTED_VALUE"""),"S24 · Feb 5, 2024") -> S24 · Feb 5, 2024 | F27: =IFERROR(__xludf.DUMMYFUNCTION("""COMPUTED_VALUE"""),1502.0) -> 1502 | G27: =IFERROR(__xludf.DUMMYFUNCTION("""COMPUTED_VALUE"""),"F24 · Sep 23, 2024") -> F24 · Sep 23, 2024 | I27: =IFERROR(__xludf.DUMMYFUNCTION("""COMPUTED_VALUE"""),2581.0) -> 2581 | J27: =IFERROR(__xludf.DUMMYFUNCTION("""COMPUTED_VALUE"""),"S25 · Feb 3, 2025") -> S25 · Feb 3, 2025 | L27: =IFERROR(__xludf.DUMMYFUNCTION("""COMPUTED_VALUE"""),2807.0) -> 2807 | M27: =IFERROR(__xludf.DUMMYFUNCTION("""COMPUTED_VALUE"""),"F25 · Sep 22, 2025") -> F25 · Sep 22, 2025 | O27: =IFERROR(__xludf.DUMMYFUNCTION("""COMPUTED_VALUE"""),3444.0) -> 3444 | P27: =IFERROR(__xludf.DUMMYFUNCTION("""COMPUTED_VALUE"""),"S26* · Feb 2, 2026") -> S26* · Feb 2, 2026
A28: =IFERROR(__xludf.DUMMYFUNCTION("""COMPUTED_VALUE"""),4.0) -> 4 | B28: =IFERROR(__xludf.DUMMYFUNCTION("""COMPUTED_VALUE"""),2654.0) -> 2654 | C28: =IFERROR(__xludf.DUMMYFUNCTION("""COMPUTED_VALUE"""),"") | D28: =IFERROR(__xludf.DUMMYFUNCTION("""COMPUTED_VALUE"""),"S24 · Feb 12, 2024") -> S24 · Feb 12, 2024 | F28: =IFERROR(__xludf.DUMMYFUNCTION("""COMPUTED_VALUE"""),2521.0) -> 2521 | G28: =IFERROR(__xludf.DUMMYFUNCTION("""COMPUTED_VALUE"""),"F24 · Sep 30, 2024") -> F24 · Sep 30, 2024 | I28: =IFERROR(__xludf.DUMMYFUNCTION("""COMPUTED_VALUE"""),2857.0) -> 2857 | J28: =IFERROR(__xludf.DUMMYFUNCTION("""COMPUTED_VALUE"""),"S25 · Feb 10, 2025") -> S25 · Feb 10, 2025 | L28: =IFERROR(__xludf.DUMMYFUNCTION("""COMPUTED_VALUE"""),2637.0) -> 2637 | M28: =IFERROR(__xludf.DUMMYFUNCTION("""COMPUTED_VALUE"""),"F25 · Sep 29, 2025") -> F25 · Sep 29, 2025 | O28: =IFERROR(__xludf.DUMMYFUNCTION("""COMPUTED_VALUE"""),2601.0) -> 2601 | P28: =IFERROR(__xludf.DUMMYFUNCTION("""COMPUTED_VALUE"""),"S26* · Feb 9, 2026") -> S26* · Feb 9, 2026
A29: =IFERROR(__xludf.DUMMYFUNCTION("""COMPUTED_VALUE"""),5.0) -> 5 | B29: =IFERROR(__xludf.DUMMYFUNCTION("""COMPUTED_VALUE"""),2372.0) -> 2372 | C29: =IFERROR(__xludf.DUMMYFUNCTION("""COMPUTED_VALUE"""),"") | D29: =IFERROR(__xludf.DUMMYFUNCTION("""COMPUTED_VALUE"""),"S24 · Feb 19, 2024") -> S24 · Feb 19, 2024 | F29: =IFERROR(__xludf.DUMMYFUNCTION("""COMPUTED_VALUE"""),2246.0) -> 2246 | G29: =IFERROR(__xludf.DUMMYFUNCTION("""COMPUTED_VALUE"""),"F24 · Oct 7, 2024") -> F24 · Oct 7, 2024 | I29: =IFERROR(__xludf.DUMMYFUNCTION("""COMPUTED_VALUE"""),2372.0) -> 2372 | J29: =IFERROR(__xludf.DUMMYFUNCTION("""COMPUTED_VALUE"""),"S25 · Feb 17, 2025") -> S25 · Feb 17, 2025 | L29: =IFERROR(__xludf.DUMMYFUNCTION("""COMPUTED_VALUE"""),2198.0) -> 2198 | M29: =IFERROR(__xludf.DUMMYFUNCTION("""COMPUTED_VALUE"""),"F25 · Oct 6, 2025") -> F25 · Oct 6, 2025 | O29: =IFERROR(__xludf.DUMMYFUNCTION("""COMPUTED_VALUE"""),2672.0) -> 2672 | P29: =IFERROR(__xludf.DUMMYFUNCTION("""COMPUTED_VALUE"""),"S26* · Feb 16, 2026") -> S26* · Feb 16, 2026
A30: =IFERROR(__xludf.DUMMYFUNCTION("""COMPUTED_VALUE"""),6.0) -> 6 | B30: =IFERROR(__xludf.DUMMYFUNCTION("""COMPUTED_VALUE"""),1751.0) -> 1751 | C30: =IFERROR(__xludf.DUMMYFUNCTION("""COMPUTED_VALUE"""),"") | D30: =IFERROR(__xludf.DUMMYFUNCTION("""COMPUTED_VALUE"""),"S24 · Feb 26, 2024") -> S24 · Feb 26, 2024 | F30: =IFERROR(__xludf.DUMMYFUNCTION("""COMPUTED_VALUE"""),1921.0) -> 1921 | G30: =IFERROR(__xludf.DUMMYFUNCTION("""COMPUTED_VALUE"""),"F24 · Oct 14, 2024") -> F24 · Oct 14, 2024 | H30: =IFERROR(__xludf.DUMMYFUNCTION("""COMPUTED_VALUE"""),"Columbus Day") -> Columbus Day | I30: =IFERROR(__xludf.DUMMYFUNCTION("""COMPUTED_VALUE"""),2607.0) -> 2607 | J30: =IFERROR(__xludf.DUMMYFUNCTION("""COMPUTED_VALUE"""),"S25 · Feb 24, 2025") -> S25 · Feb 24, 2025 | L30: =IFERROR(__xludf.DUMMYFUNCTION("""COMPUTED_VALUE"""),1860.0) -> 1860 | M30: =IFERROR(__xludf.DUMMYFUNCTION("""COMPUTED_VALUE"""),"F25 · Oct 13, 2025") -> F25 · Oct 13, 2025 | N30: =IFERROR(__xludf.DUMMYFUNCTION("""COMPUTED_VALUE"""),"Columbus Day") -> Columbus Day | O30: =IFERROR(__xludf.DUMMYFUNCTION("""COMPUTED_VALUE"""),616.0) -> 616 | P30: =IFERROR(__xludf.DUMMYFUNCTION("""COMPUTED_VALUE"""),"S26* · Feb 23, 2026") -> S26* · Feb 23, 2026 | Q30: =IFERROR(__xludf.DUMMYFUNCTION("""COMPUTED_VALUE"""),"3 snow days") -> 3 snow days
A31: =IFERROR(__xludf.DUMMYFUNCTION("""COMPUTED_VALUE"""),7.0) -> 7 | B31: =IFERROR(__xludf.DUMMYFUNCTION("""COMPUTED_VALUE"""),2558.75) -> 2558.75 | C31: =IFERROR(__xludf.DUMMYFUNCTION("""COMPUTED_VALUE"""),"") | D31: =IFERROR(__xludf.DUMMYFUNCTION("""COMPUTED_VALUE"""),"S24 · Mar 4, 2024") -> S24 · Mar 4, 2024 | F31: =IFERROR(__xludf.DUMMYFUNCTION("""COMPUTED_VALUE"""),2697.0) -> 2697 | G31: =IFERROR(__xludf.DUMMYFUNCTION("""COMPUTED_VALUE"""),"F24 · Oct 21, 2024") -> F24 · Oct 21, 2024 | I31: =IFERROR(__xludf.DUMMYFUNCTION("""COMPUTED_VALUE"""),2059.0) -> 2059 | J31: =IFERROR(__xludf.DUMMYFUNCTION("""COMPUTED_VALUE"""),"S25 · Mar 3, 2025") -> S25 · Mar 3, 2025 | L31: =IFERROR(__xludf.DUMMYFUNCTION("""COMPUTED_VALUE"""),2852.0) -> 2852 | M31: =IFERROR(__xludf.DUMMYFUNCTION("""COMPUTED_VALUE"""),"F25 · Oct 20, 2025") -> F25 · Oct 20, 2025 | O31: =IFERROR(__xludf.DUMMYFUNCTION("""COMPUTED_VALUE"""),2627.0) -> 2627 | P31: =IFERROR(__xludf.DUMMYFUNCTION("""COMPUTED_VALUE"""),"S26* · Mar 2, 2026") -> S26* · Mar 2, 2026
A32: =IFERROR(__xludf.DUMMYFUNCTION("""COMPUTED_VALUE"""),8.0) -> 8 | B32: =IFERROR(__xludf.DUMMYFUNCTION("""COMPUTED_VALUE"""),2717.0) -> 2717 | C32: =IFERROR(__xludf.DUMMYFUNCTION("""COMPUTED_VALUE"""),"") | D32: =IFERROR(__xludf.DUMMYFUNCTION("""COMPUTED_VALUE"""),"S24 · Mar 11, 2024") -> S24 · Mar 11, 2024 | F32: =IFERROR(__xludf.DUMMYFUNCTION("""COMPUTED_VALUE"""),2343.0) -> 2343 | G32: =IFERROR(__xludf.DUMMYFUNCTION("""COMPUTED_VALUE"""),"F24 · Oct 28, 2024") -> F24 · Oct 28, 2024 | I32: =IFERROR(__xludf.DUMMYFUNCTION("""COMPUTED_VALUE"""),"") | J32: =IFERROR(__xludf.DUMMYFUNCTION("""COMPUTED_VALUE"""),"S25 · Mar 10, 2025") -> S25 · Mar 10, 2025 | K32: =IFERROR(__xludf.DUMMYFUNCTION("""COMPUTED_VALUE"""),"spring break") -> spring break | L32: =IFERROR(__xludf.DUMMYFUNCTION("""COMPUTED_VALUE"""),3078.0) -> 3078 | M32: =IFERROR(__xludf.DUMMYFUNCTION("""COMPUTED_VALUE"""),"F25 · Oct 27, 2025") -> F25 · Oct 27, 2025 | O32: =IFERROR(__xludf.DUMMYFUNCTION("""COMPUTED_VALUE"""),2730.0) -> 2730 | P32: =IFERROR(__xludf.DUMMYFUNCTION("""COMPUTED_VALUE"""),"S26* · Mar 9, 2026") -> S26* · Mar 9, 2026
A33: =IFERROR(__xludf.DUMMYFUNCTION("""COMPUTED_VALUE"""),9.0) -> 9 | B33: =IFERROR(__xludf.DUMMYFUNCTION("""COMPUTED_VALUE"""),2023.115) -> 2023.115 | C33: =IFERROR(__xludf.DUMMYFUNCTION("""COMPUTED_VALUE"""),744.46) -> 744.46 | D33: =IFERROR(__xludf.DUMMYFUNCTION("""COMPUTED_VALUE"""),"S24 · Mar 18, 2024") -> S24 · Mar 18, 2024 | F33: =IFERROR(__xludf.DUMMYFUNCTION("""COMPUTED_VALUE"""),2007.0) -> 2007 | G33: =IFERROR(__xludf.DUMMYFUNCTION("""COMPUTED_VALUE"""),"F24 · Oct 29, 2024") -> F24 · Oct 29, 2024 | I33: =IFERROR(__xludf.DUMMYFUNCTION("""COMPUTED_VALUE"""),2401.0) -> 2401 | J33: =IFERROR(__xludf.DUMMYFUNCTION("""COMPUTED_VALUE"""),"S25 · Mar 17, 2025") -> S25 · Mar 17, 2025 | L33: =IFERROR(__xludf.DUMMYFUNCTION("""COMPUTED_VALUE"""),2940.0) -> 2940 | M33: =IFERROR(__xludf.DUMMYFUNCTION("""COMPUTED_VALUE"""),"F25 · Oct 28, 2025") -> F25 · Oct 28, 2025 | O33: =IFERROR(__xludf.DUMMYFUNCTION("""COMPUTED_VALUE"""),"") | P33: =IFERROR(__xludf.DUMMYFUNCTION("""COMPUTED_VALUE"""),"S26* · Mar 16, 2026") -> S26* · Mar 16, 2026 | Q33: =IFERROR(__xludf.DUMMYFUNCTION("""COMPUTED_VALUE"""),"spring break") -> spring break
A34: =IFERROR(__xludf.DUMMYFUNCTION("""COMPUTED_VALUE"""),10.0) -> 10 | B34: =IFERROR(__xludf.DUMMYFUNCTION("""COMPUTED_VALUE"""),2111.02) -> 2111.02 | C34: =IFERROR(__xludf.DUMMYFUNCTION("""COMPUTED_VALUE"""),1473.1) -> 1473.1 | D34: =IFERROR(__xludf.DUMMYFUNCTION("""COMPUTED_VALUE"""),"S24 · Mar 25, 2024") -> S24 · Mar 25, 2024 | F34: =IFERROR(__xludf.DUMMYFUNCTION("""COMPUTED_VALUE"""),1977.0) -> 1977 | G34: =IFERROR(__xludf.DUMMYFUNCTION("""COMPUTED_VALUE"""),"F24 · Nov 4, 2024") -> F24 · Nov 4, 2024 | I34: =IFERROR(__xludf.DUMMYFUNCTION("""COMPUTED_VALUE"""),2181.0) -> 2181 | J34: =IFERROR(__xludf.DUMMYFUNCTION("""COMPUTED_VALUE"""),"S25 · Mar 24, 2025") -> S25 · Mar 24, 2025 | L34: =IFERROR(__xludf.DUMMYFUNCTION("""COMPUTED_VALUE"""),2468.0) -> 2468 | M34: =IFERROR(__xludf.DUMMYFUNCTION("""COMPUTED_VALUE"""),"F25 · Nov 3, 2025") -> F25 · Nov 3, 2025 | O34: =IFERROR(__xludf.DUMMYFUNCTION("""COMPUTED_VALUE"""),2456.0) -> 2456 | P34: =IFERROR(__xludf.DUMMYFUNCTION("""COMPUTED_VALUE"""),"S26* · Mar 23, 2026") -> S26* · Mar 23, 2026
A35: =IFERROR(__xludf.DUMMYFUNCTION("""COMPUTED_VALUE"""),11.0) -> 11 | B35: =IFERROR(__xludf.DUMMYFUNCTION("""COMPUTED_VALUE"""),2227.6) -> 2227.6 | C35: =IFERROR(__xludf.DUMMYFUNCTION("""COMPUTED_VALUE"""),877.0) -> 877 | D35: =IFERROR(__xludf.DUMMYFUNCTION("""COMPUTED_VALUE"""),"S24 · Apr 1, 2024") -> S24 · Apr 1, 2024 | F35: =IFERROR(__xludf.DUMMYFUNCTION("""COMPUTED_VALUE"""),2065.0) -> 2065 | G35: =IFERROR(__xludf.DUMMYFUNCTION("""COMPUTED_VALUE"""),"F24 · Nov 11, 2024") -> F24 · Nov 11, 2024 | I35: =IFERROR(__xludf.DUMMYFUNCTION("""COMPUTED_VALUE"""),2134.0) -> 2134 | J35: =IFERROR(__xludf.DUMMYFUNCTION("""COMPUTED_VALUE"""),"S25 · Mar 31, 2025") -> S25 · Mar 31, 2025 | L35: =IFERROR(__xludf.DUMMYFUNCTION("""COMPUTED_VALUE"""),3196.0) -> 3196 | M35: =IFERROR(__xludf.DUMMYFUNCTION("""COMPUTED_VALUE"""),"F25 · Nov 10, 2025") -> F25 · Nov 10, 2025 | O35: =IFERROR(__xludf.DUMMYFUNCTION("""COMPUTED_VALUE"""),2866.0) -> 2866 | P35: =IFERROR(__xludf.DUMMYFUNCTION("""COMPUTED_VALUE"""),"S26* · Mar 30, 2026") -> S26* · Mar 30, 2026
A36: =IFERROR(__xludf.DUMMYFUNCTION("""COMPUTED_VALUE"""),12.0) -> 12 | B36: =IFERROR(__xludf.DUMMYFUNCTION("""COMPUTED_VALUE"""),1567.8799999999999) -> 1567.88 | C36: =IFERROR(__xludf.DUMMYFUNCTION("""COMPUTED_VALUE"""),1328.4) -> 1328.4 | D36: =IFERROR(__xludf.DUMMYFUNCTION("""COMPUTED_VALUE"""),"S24 · Apr 8, 2024") -> S24 · Apr 8, 2024 | F36: =IFERROR(__xludf.DUMMYFUNCTION("""COMPUTED_VALUE"""),322.0) -> 322 | G36: =IFERROR(__xludf.DUMMYFUNCTION("""COMPUTED_VALUE"""),"F24 · Nov 18, 2024") -> F24 · Nov 18, 2024 | H36: =IFERROR(__xludf.DUMMYFUNCTION("""COMPUTED_VALUE"""),"Thanksgiving") -> Thanksgiving | I36: =IFERROR(__xludf.DUMMYFUNCTION("""COMPUTED_VALUE"""),2389.0) -> 2389 | J36: =IFERROR(__xludf.DUMMYFUNCTION("""COMPUTED_VALUE"""),"S25 · Apr 7, 2025") -> S25 · Apr 7, 2025 | L36: =IFERROR(__xludf.DUMMYFUNCTION("""COMPUTED_VALUE"""),674.0) -> 674 | M36: =IFERROR(__xludf.DUMMYFUNCTION("""COMPUTED_VALUE"""),"F25 · Nov 17, 2025") -> F25 · Nov 17, 2025 | N36: =IFERROR(__xludf.DUMMYFUNCTION("""COMPUTED_VALUE"""),"Thanksgiving") -> Thanksgiving | O36: =IFERROR(__xludf.DUMMYFUNCTION("""COMPUTED_VALUE"""),3126.0) -> 3126 | P36: =IFERROR(__xludf.DUMMYFUNCTION("""COMPUTED_VALUE"""),"S26* · Apr 6, 2026") -> S26* · Apr 6, 2026
A37: =IFERROR(__xludf.DUMMYFUNCTION("""COMPUTED_VALUE"""),13.0) -> 13 | B37: =IFERROR(__xludf.DUMMYFUNCTION("""COMPUTED_VALUE"""),2323.58) -> 2323.58 | C37: =IFERROR(__xludf.DUMMYFUNCTION("""COMPUTED_VALUE"""),1418.9) -> 1418.9 | D37: =IFERROR(__xludf.DUMMYFUNCTION("""COMPUTED_VALUE"""),"S24 · Apr 15, 2024") -> S24 · Apr 15, 2024 | F37: =IFERROR(__xludf.DUMMYFUNCTION("""COMPUTED_VALUE"""),2408.0) -> 2408 | G37: =IFERROR(__xludf.DUMMYFUNCTION("""COMPUTED_VALUE"""),"F24 · Nov 25, 2024") -> F24 · Nov 25, 2024 | I37: =IFERROR(__xludf.DUMMYFUNCTION("""COMPUTED_VALUE"""),2647.0) -> 2647 | J37: =IFERROR(__xludf.DUMMYFUNCTION("""COMPUTED_VALUE"""),"S25 · Apr 14, 2025") -> S25 · Apr 14, 2025 | L37: =IFERROR(__xludf.DUMMYFUNCTION("""COMPUTED_VALUE"""),2701.0) -> 2701 | M37: =IFERROR(__xludf.DUMMYFUNCTION("""COMPUTED_VALUE"""),"F25 · Nov 24, 2025") -> F25 · Nov 24, 2025 | O37: =IFERROR(__xludf.DUMMYFUNCTION("""COMPUTED_VALUE"""),2443.0) -> 2443 | P37: =IFERROR(__xludf.DUMMYFUNCTION("""COMPUTED_VALUE"""),"S26* · Apr 13, 2026") -> S26* · Apr 13, 2026
A38: =IFERROR(__xludf.DUMMYFUNCTION("""COMPUTED_VALUE"""),14.0) -> 14 | B38: =IFERROR(__xludf.DUMMYFUNCTION("""COMPUTED_VALUE"""),1599.4) -> 1599.4 | C38: =IFERROR(__xludf.DUMMYFUNCTION("""COMPUTED_VALUE"""),1116.0) -> 1116 | D38: =IFERROR(__xludf.DUMMYFUNCTION("""COMPUTED_VALUE"""),"S24 · Apr 22, 2024") -> S24 · Apr 22, 2024 | F38: =IFERROR(__xludf.DUMMYFUNCTION("""COMPUTED_VALUE"""),1577.0) -> 1577 | G38: =IFERROR(__xludf.DUMMYFUNCTION("""COMPUTED_VALUE"""),"F24 · Dec 2, 2024") -> F24 · Dec 2, 2024 | I38: =IFERROR(__xludf.DUMMYFUNCTION("""COMPUTED_VALUE"""),2700.0) -> 2700 | J38: =IFERROR(__xludf.DUMMYFUNCTION("""COMPUTED_VALUE"""),"S25 · Apr 21, 2025") -> S25 · Apr 21, 2025 | L38: =IFERROR(__xludf.DUMMYFUNCTION("""COMPUTED_VALUE"""),1469.0) -> 1469 | M38: =IFERROR(__xludf.DUMMYFUNCTION("""COMPUTED_VALUE"""),"F25 · Dec 1, 2025") -> F25 · Dec 1, 2025 | O38: =IFERROR(__xludf.DUMMYFUNCTION("""COMPUTED_VALUE"""),1135.0) -> 1135 | P38: =IFERROR(__xludf.DUMMYFUNCTION("""COMPUTED_VALUE"""),"S26* · Apr 20, 2026") -> S26* · Apr 20, 2026
A39: =IFERROR(__xludf.DUMMYFUNCTION("""COMPUTED_VALUE"""),"† Tooltip date cols (italic headers) show the actual calendar date per semester per week. In chart editor: select each ""[sem] date"" column → Column role → Tooltip.") -> † Tooltip date cols (italic headers) show the actual calendar date per semester per week. In chart editor: select each "[sem] date" column → Column role → Tooltip.
A41: =IFERROR(__xludf.DUMMYFUNCTION("""COMPUTED_VALUE"""),"T11 · Program Progress → color-coded scatter by semester") -> T11 · Program Progress → color-coded scatter by semester
B42: =IFERROR(__xludf.DUMMYFUNCTION("""COMPUTED_VALUE"""),"lifetime lbs ──▶") -> lifetime lbs ──▶ | G42: =IFERROR(__xludf.DUMMYFUNCTION("""COMPUTED_VALUE"""),"lbs this week ──▶") -> lbs this week ──▶
A43: =IFERROR(__xludf.DUMMYFUNCTION("""COMPUTED_VALUE"""),"Week") -> Week | B43: =IFERROR(__xludf.DUMMYFUNCTION("""COMPUTED_VALUE"""),"S24") -> S24 | C43: =IFERROR(__xludf.DUMMYFUNCTION("""COMPUTED_VALUE"""),"F24") -> F24 | D43: =IFERROR(__xludf.DUMMYFUNCTION("""COMPUTED_VALUE"""),"S25") -> S25 | E43: =IFERROR(__xludf.DUMMYFUNCTION("""COMPUTED_VALUE"""),"F25") -> F25 | F43: =IFERROR(__xludf.DUMMYFUNCTION("""COMPUTED_VALUE"""),"S26*") -> S26* | G43: =IFERROR(__xludf.DUMMYFUNCTION("""COMPUTED_VALUE"""),"S24") -> S24 | H43: =IFERROR(__xludf.DUMMYFUNCTION("""COMPUTED_VALUE"""),"F24") -> F24 | I43: =IFERROR(__xludf.DUMMYFUNCTION("""COMPUTED_VALUE"""),"S25") -> S25 | J43: =IFERROR(__xludf.DUMMYFUNCTION("""COMPUTED_VALUE"""),"F25") -> F25 | K43: =IFERROR(__xludf.DUMMYFUNCTION("""COMPUTED_VALUE"""),"S26*") -> S26*
A44: =IFERROR(__xludf.DUMMYFUNCTION("""COMPUTED_VALUE"""),45313.0) -> 45313 | B44: =IFERROR(__xludf.DUMMYFUNCTION("""COMPUTED_VALUE"""),"") | G44: =IFERROR(__xludf.DUMMYFUNCTION("""COMPUTED_VALUE"""),"")
A45: =IFERROR(__xludf.DUMMYFUNCTION("""COMPUTED_VALUE"""),45320.0) -> 45320 | B45: =IFERROR(__xludf.DUMMYFUNCTION("""COMPUTED_VALUE"""),"") | G45: =IFERROR(__xludf.DUMMYFUNCTION("""COMPUTED_VALUE"""),"")
A46: =IFERROR(__xludf.DUMMYFUNCTION("""COMPUTED_VALUE"""),45327.0) -> 45327 | B46: =IFERROR(__xludf.DUMMYFUNCTION("""COMPUTED_VALUE"""),"") | G46: =IFERROR(__xludf.DUMMYFUNCTION("""COMPUTED_VALUE"""),"")
A47: =IFERROR(__xludf.DUMMYFUNCTION("""COMPUTED_VALUE"""),45334.0) -> 45334 | B47: =IFERROR(__xludf.DUMMYFUNCTION("""COMPUTED_VALUE"""),"") | G47: =IFERROR(__xludf.DUMMYFUNCTION("""COMPUTED_VALUE"""),"")
A48: =IFERROR(__xludf.DUMMYFUNCTION("""COMPUTED_VALUE"""),45341.0) -> 45341 | B48: =IFERROR(__xludf.DUMMYFUNCTION("""COMPUTED_VALUE"""),"") | G48: =IFERROR(__xludf.DUMMYFUNCTION("""COMPUTED_VALUE"""),"")
A49: =IFERROR(__xludf.DUMMYFUNCTION("""COMPUTED_VALUE"""),45348.0) -> 45348 | B49: =IFERROR(__xludf.DUMMYFUNCTION("""COMPUTED_VALUE"""),"") | G49: =IFERROR(__xludf.DUMMYFUNCTION("""COMPUTED_VALUE"""),"")
A50: =IFERROR(__xludf.DUMMYFUNCTION("""COMPUTED_VALUE"""),45355.0) -> 45355 | B50: =IFERROR(__xludf.DUMMYFUNCTION("""COMPUTED_VALUE"""),"") | G50: =IFERROR(__xludf.DUMMYFUNCTION("""COMPUTED_VALUE"""),"")
A51: =IFERROR(__xludf.DUMMYFUNCTION("""COMPUTED_VALUE"""),45362.0) -> 45362 | B51: =IFERROR(__xludf.DUMMYFUNCTION("""COMPUTED_VALUE"""),"") | G51: =IFERROR(__xludf.DUMMYFUNCTION("""COMPUTED_VALUE"""),"")
A52: =IFERROR(__xludf.DUMMYFUNCTION("""COMPUTED_VALUE"""),45369.0) -> 45369 | B52: =IFERROR(__xludf.DUMMYFUNCTION("""COMPUTED_VALUE"""),744.46) -> 744.46 | G52: =IFERROR(__xludf.DUMMYFUNCTION("""COMPUTED_VALUE"""),744.46) -> 744.46
A53: =IFERROR(__xludf.DUMMYFUNCTION("""COMPUTED_VALUE"""),45376.0) -> 45376 | B53: =IFERROR(__xludf.DUMMYFUNCTION("""COMPUTED_VALUE"""),2217.5600000000004) -> 2217.56 | G53: =IFERROR(__xludf.DUMMYFUNCTION("""COMPUTED_VALUE"""),1473.1) -> 1473.1
A54: =IFERROR(__xludf.DUMMYFUNCTION("""COMPUTED_VALUE"""),45383.0) -> 45383 | B54: =IFERROR(__xludf.DUMMYFUNCTION("""COMPUTED_VALUE"""),3094.5600000000004) -> 3094.56 | G54: =IFERROR(__xludf.DUMMYFUNCTION("""COMPUTED_VALUE"""),877.0) -> 877
A55: =IFERROR(__xludf.DUMMYFUNCTION("""COMPUTED_VALUE"""),45390.0) -> 45390 | B55: =IFERROR(__xludf.DUMMYFUNCTION("""COMPUTED_VALUE"""),4422.960000000001) -> 4422.96 | G55: =IFERROR(__xludf.DUMMYFUNCTION("""COMPUTED_VALUE"""),1328.4) -> 1328.4
A56: =IFERROR(__xludf.DUMMYFUNCTION("""COMPUTED_VALUE"""),45397.0) -> 45397 | B56: =IFERROR(__xludf.DUMMYFUNCTION("""COMPUTED_VALUE"""),5841.860000000001) -> 5841.86 | G56: =IFERROR(__xludf.DUMMYFUNCTION("""COMPUTED_VALUE"""),1418.9) -> 1418.9
A57: =IFERROR(__xludf.DUMMYFUNCTION("""COMPUTED_VALUE"""),45404.0) -> 45404 | B57: =IFERROR(__xludf.DUMMYFUNCTION("""COMPUTED_VALUE"""),6957.860000000001) -> 6957.86 | G57: =IFERROR(__xludf.DUMMYFUNCTION("""COMPUTED_VALUE"""),1116.0) -> 1116
A58: =IFERROR(__xludf.DUMMYFUNCTION("""COMPUTED_VALUE"""),45544.0) -> 45544 | C58: =IFERROR(__xludf.DUMMYFUNCTION("""COMPUTED_VALUE"""),8189.860000000001) -> 8189.86 | H58: =IFERROR(__xludf.DUMMYFUNCTION("""COMPUTED_VALUE"""),1079.0) -> 1079
A59: =IFERROR(__xludf.DUMMYFUNCTION("""COMPUTED_VALUE"""),45551.0) -> 45551 | C59: =IFERROR(__xludf.DUMMYFUNCTION("""COMPUTED_VALUE"""),9823.86) -> 9823.86 | H59: =IFERROR(__xludf.DUMMYFUNCTION("""COMPUTED_VALUE"""),1634.0) -> 1634
A60: =IFERROR(__xludf.DUMMYFUNCTION("""COMPUTED_VALUE"""),45558.0) -> 45558 | C60: =IFERROR(__xludf.DUMMYFUNCTION("""COMPUTED_VALUE"""),11325.86) -> 11325.86 | H60: =IFERROR(__xludf.DUMMYFUNCTION("""COMPUTED_VALUE"""),1502.0) -> 1502
A61: =IFERROR(__xludf.DUMMYFUNCTION("""COMPUTED_VALUE"""),45565.0) -> 45565 | C61: =IFERROR(__xludf.DUMMYFUNCTION("""COMPUTED_VALUE"""),13846.86) -> 13846.86 | H61: =IFERROR(__xludf.DUMMYFUNCTION("""COMPUTED_VALUE"""),2521.0) -> 2521
A62: =IFERROR(__xludf.DUMMYFUNCTION("""COMPUTED_VALUE"""),45572.0) -> 45572 | C62: =IFERROR(__xludf.DUMMYFUNCTION("""COMPUTED_VALUE"""),16092.86) -> 16092.86 | H62: =IFERROR(__xludf.DUMMYFUNCTION("""COMPUTED_VALUE"""),2246.0) -> 2246
A63: =IFERROR(__xludf.DUMMYFUNCTION("""COMPUTED_VALUE"""),45579.0) -> 45579 | C63: =IFERROR(__xludf.DUMMYFUNCTION("""COMPUTED_VALUE"""),18013.86) -> 18013.86 | H63: =IFERROR(__xludf.DUMMYFUNCTION("""COMPUTED_VALUE"""),1921.0) -> 1921
A64: =IFERROR(__xludf.DUMMYFUNCTION("""COMPUTED_VALUE"""),45586.0) -> 45586 | C64: =IFERROR(__xludf.DUMMYFUNCTION("""COMPUTED_VALUE"""),20710.86) -> 20710.86 | H64: =IFERROR(__xludf.DUMMYFUNCTION("""COMPUTED_VALUE"""),2697.0) -> 2697
A65: =IFERROR(__xludf.DUMMYFUNCTION("""COMPUTED_VALUE"""),45593.0) -> 45593 | C65: =IFERROR(__xludf.DUMMYFUNCTION("""COMPUTED_VALUE"""),23053.86) -> 23053.86 | H65: =IFERROR(__xludf.DUMMYFUNCTION("""COMPUTED_VALUE"""),2343.0) -> 2343
A66: =IFERROR(__xludf.DUMMYFUNCTION("""COMPUTED_VALUE"""),45594.0) -> 45594 | C66: =IFERROR(__xludf.DUMMYFUNCTION("""COMPUTED_VALUE"""),25060.86) -> 25060.86 | H66: =IFERROR(__xludf.DUMMYFUNCTION("""COMPUTED_VALUE"""),2007.0) -> 2007
A67: =IFERROR(__xludf.DUMMYFUNCTION("""COMPUTED_VALUE"""),45600.0) -> 45600 | C67: =IFERROR(__xludf.DUMMYFUNCTION("""COMPUTED_VALUE"""),27037.86) -> 27037.86 | H67: =IFERROR(__xludf.DUMMYFUNCTION("""COMPUTED_VALUE"""),1977.0) -> 1977
A68: =IFERROR(__xludf.DUMMYFUNCTION("""COMPUTED_VALUE"""),45607.0) -> 45607 | C68: =IFERROR(__xludf.DUMMYFUNCTION("""COMPUTED_VALUE"""),29102.86) -> 29102.86 | H68: =IFERROR(__xludf.DUMMYFUNCTION("""COMPUTED_VALUE"""),2065.0) -> 2065
A69: =IFERROR(__xludf.DUMMYFUNCTION("""COMPUTED_VALUE"""),45614.0) -> 45614 | C69: =IFERROR(__xludf.DUMMYFUNCTION("""COMPUTED_VALUE"""),29424.86) -> 29424.86 | H69: =IFERROR(__xludf.DUMMYFUNCTION("""COMPUTED_VALUE"""),322.0) -> 322
A70: =IFERROR(__xludf.DUMMYFUNCTION("""COMPUTED_VALUE"""),45621.0) -> 45621 | C70: =IFERROR(__xludf.DUMMYFUNCTION("""COMPUTED_VALUE"""),31832.86) -> 31832.86 | H70: =IFERROR(__xludf.DUMMYFUNCTION("""COMPUTED_VALUE"""),2408.0) -> 2408
A71: =IFERROR(__xludf.DUMMYFUNCTION("""COMPUTED_VALUE"""),45628.0) -> 45628 | C71: =IFERROR(__xludf.DUMMYFUNCTION("""COMPUTED_VALUE"""),33409.86) -> 33409.86 | H71: =IFERROR(__xludf.DUMMYFUNCTION("""COMPUTED_VALUE"""),1577.0) -> 1577
A72: =IFERROR(__xludf.DUMMYFUNCTION("""COMPUTED_VALUE"""),45677.0) -> 45677 | D72: =IFERROR(__xludf.DUMMYFUNCTION("""COMPUTED_VALUE"""),33496.86) -> 33496.86 | I72: =IFERROR(__xludf.DUMMYFUNCTION("""COMPUTED_VALUE"""),"")
A73: =IFERROR(__xludf.DUMMYFUNCTION("""COMPUTED_VALUE"""),45684.0) -> 45684 | D73: =IFERROR(__xludf.DUMMYFUNCTION("""COMPUTED_VALUE"""),35788.86) -> 35788.86 | I73: =IFERROR(__xludf.DUMMYFUNCTION("""COMPUTED_VALUE"""),2292.0) -> 2292
A74: =IFERROR(__xludf.DUMMYFUNCTION("""COMPUTED_VALUE"""),45691.0) -> 45691 | D74: =IFERROR(__xludf.DUMMYFUNCTION("""COMPUTED_VALUE"""),38369.86) -> 38369.86 | I74: =IFERROR(__xludf.DUMMYFUNCTION("""COMPUTED_VALUE"""),2581.0) -> 2581
A75: =IFERROR(__xludf.DUMMYFUNCTION("""COMPUTED_VALUE"""),45698.0) -> 45698 | D75: =IFERROR(__xludf.DUMMYFUNCTION("""COMPUTED_VALUE"""),41226.86) -> 41226.86 | I75: =IFERROR(__xludf.DUMMYFUNCTION("""COMPUTED_VALUE"""),2857.0) -> 2857
A76: =IFERROR(__xludf.DUMMYFUNCTION("""COMPUTED_VALUE"""),45705.0) -> 45705 | D76: =IFERROR(__xludf.DUMMYFUNCTION("""COMPUTED_VALUE"""),43598.86) -> 43598.86 | I76: =IFERROR(__xludf.DUMMYFUNCTION("""COMPUTED_VALUE"""),2372.0) -> 2372
A77: =IFERROR(__xludf.DUMMYFUNCTION("""COMPUTED_VALUE"""),45712.0) -> 45712 | D77: =IFERROR(__xludf.DUMMYFUNCTION("""COMPUTED_VALUE"""),46205.86) -> 46205.86 | I77: =IFERROR(__xludf.DUMMYFUNCTION("""COMPUTED_VALUE"""),2607.0) -> 2607
A78: =IFERROR(__xludf.DUMMYFUNCTION("""COMPUTED_VALUE"""),45719.0) -> 45719 | D78: =IFERROR(__xludf.DUMMYFUNCTION("""COMPUTED_VALUE"""),48264.86) -> 48264.86 | I78: =IFERROR(__xludf.DUMMYFUNCTION("""COMPUTED_VALUE"""),2059.0) -> 2059
A79: =IFERROR(__xludf.DUMMYFUNCTION("""COMPUTED_VALUE"""),45726.0) -> 45726 | D79: =IFERROR(__xludf.DUMMYFUNCTION("""COMPUTED_VALUE"""),48264.86) -> 48264.86 | I79: =IFERROR(__xludf.DUMMYFUNCTION("""COMPUTED_VALUE"""),"")
A80: =IFERROR(__xludf.DUMMYFUNCTION("""COMPUTED_VALUE"""),45733.0) -> 45733 | D80: =IFERROR(__xludf.DUMMYFUNCTION("""COMPUTED_VALUE"""),50665.86) -> 50665.86 | I80: =IFERROR(__xludf.DUMMYFUNCTION("""COMPUTED_VALUE"""),2401.0) -> 2401
A81: =IFERROR(__xludf.DUMMYFUNCTION("""COMPUTED_VALUE"""),45740.0) -> 45740 | D81: =IFERROR(__xludf.DUMMYFUNCTION("""COMPUTED_VALUE"""),52846.86) -> 52846.86 | I81: =IFERROR(__xludf.DUMMYFUNCTION("""COMPUTED_VALUE"""),2181.0) -> 2181
A82: =IFERROR(__xludf.DUMMYFUNCTION("""COMPUTED_VALUE"""),45747.0) -> 45747 | D82: =IFERROR(__xludf.DUMMYFUNCTION("""COMPUTED_VALUE"""),54980.86) -> 54980.86 | I82: =IFERROR(__xludf.DUMMYFUNCTION("""COMPUTED_VALUE"""),2134.0) -> 2134
A83: =IFERROR(__xludf.DUMMYFUNCTION("""COMPUTED_VALUE"""),45754.0) -> 45754 | D83: =IFERROR(__xludf.DUMMYFUNCTION("""COMPUTED_VALUE"""),57369.86) -> 57369.86 | I83: =IFERROR(__xludf.DUMMYFUNCTION("""COMPUTED_VALUE"""),2389.0) -> 2389
A84: =IFERROR(__xludf.DUMMYFUNCTION("""COMPUTED_VALUE"""),45761.0) -> 45761 | D84: =IFERROR(__xludf.DUMMYFUNCTION("""COMPUTED_VALUE"""),60016.86) -> 60016.86 | I84: =IFERROR(__xludf.DUMMYFUNCTION("""COMPUTED_VALUE"""),2647.0) -> 2647
A85: =IFERROR(__xludf.DUMMYFUNCTION("""COMPUTED_VALUE"""),45768.0) -> 45768 | D85: =IFERROR(__xludf.DUMMYFUNCTION("""COMPUTED_VALUE"""),62716.86) -> 62716.86 | I85: =IFERROR(__xludf.DUMMYFUNCTION("""COMPUTED_VALUE"""),2700.0) -> 2700
A86: =IFERROR(__xludf.DUMMYFUNCTION("""COMPUTED_VALUE"""),45908.0) -> 45908 | E86: =IFERROR(__xludf.DUMMYFUNCTION("""COMPUTED_VALUE"""),66605.86) -> 66605.86 | J86: =IFERROR(__xludf.DUMMYFUNCTION("""COMPUTED_VALUE"""),2036.0) -> 2036
A87: =IFERROR(__xludf.DUMMYFUNCTION("""COMPUTED_VALUE"""),45915.0) -> 45915 | E87: =IFERROR(__xludf.DUMMYFUNCTION("""COMPUTED_VALUE"""),69126.86) -> 69126.86 | J87: =IFERROR(__xludf.DUMMYFUNCTION("""COMPUTED_VALUE"""),2521.0) -> 2521
A88: =IFERROR(__xludf.DUMMYFUNCTION("""COMPUTED_VALUE"""),45922.0) -> 45922 | E88: =IFERROR(__xludf.DUMMYFUNCTION("""COMPUTED_VALUE"""),71933.86) -> 71933.86 | J88: =IFERROR(__xludf.DUMMYFUNCTION("""COMPUTED_VALUE"""),2807.0) -> 2807
A89: =IFERROR(__xludf.DUMMYFUNCTION("""COMPUTED_VALUE"""),45929.0) -> 45929 | E89: =IFERROR(__xludf.DUMMYFUNCTION("""COMPUTED_VALUE"""),74570.86) -> 74570.86 | J89: =IFERROR(__xludf.DUMMYFUNCTION("""COMPUTED_VALUE"""),2637.0) -> 2637
A90: =IFERROR(__xludf.DUMMYFUNCTION("""COMPUTED_VALUE"""),45936.0) -> 45936 | E90: =IFERROR(__xludf.DUMMYFUNCTION("""COMPUTED_VALUE"""),76768.86) -> 76768.86 | J90: =IFERROR(__xludf.DUMMYFUNCTION("""COMPUTED_VALUE"""),2198.0) -> 2198
A91: =IFERROR(__xludf.DUMMYFUNCTION("""COMPUTED_VALUE"""),45943.0) -> 45943 | E91: =IFERROR(__xludf.DUMMYFUNCTION("""COMPUTED_VALUE"""),78628.86) -> 78628.86 | J91: =IFERROR(__xludf.DUMMYFUNCTION("""COMPUTED_VALUE"""),1860.0) -> 1860
A92: =IFERROR(__xludf.DUMMYFUNCTION("""COMPUTED_VALUE"""),45950.0) -> 45950 | E92: =IFERROR(__xludf.DUMMYFUNCTION("""COMPUTED_VALUE"""),81480.86) -> 81480.86 | J92: =IFERROR(__xludf.DUMMYFUNCTION("""COMPUTED_VALUE"""),2852.0) -> 2852
A93: =IFERROR(__xludf.DUMMYFUNCTION("""COMPUTED_VALUE"""),45957.0) -> 45957 | E93: =IFERROR(__xludf.DUMMYFUNCTION("""COMPUTED_VALUE"""),84558.86) -> 84558.86 | J93: =IFERROR(__xludf.DUMMYFUNCTION("""COMPUTED_VALUE"""),3078.0) -> 3078
A94: =IFERROR(__xludf.DUMMYFUNCTION("""COMPUTED_VALUE"""),45958.0) -> 45958 | E94: =IFERROR(__xludf.DUMMYFUNCTION("""COMPUTED_VALUE"""),87498.86) -> 87498.86 | J94: =IFERROR(__xludf.DUMMYFUNCTION("""COMPUTED_VALUE"""),2940.0) -> 2940
A95: =IFERROR(__xludf.DUMMYFUNCTION("""COMPUTED_VALUE"""),45964.0) -> 45964 | E95: =IFERROR(__xludf.DUMMYFUNCTION("""COMPUTED_VALUE"""),89966.86) -> 89966.86 | J95: =IFERROR(__xludf.DUMMYFUNCTION("""COMPUTED_VALUE"""),2468.0) -> 2468
A96: =IFERROR(__xludf.DUMMYFUNCTION("""COMPUTED_VALUE"""),45971.0) -> 45971 | E96: =IFERROR(__xludf.DUMMYFUNCTION("""COMPUTED_VALUE"""),93162.86) -> 93162.86 | J96: =IFERROR(__xludf.DUMMYFUNCTION("""COMPUTED_VALUE"""),3196.0) -> 3196
A97: =IFERROR(__xludf.DUMMYFUNCTION("""COMPUTED_VALUE"""),45978.0) -> 45978 | E97: =IFERROR(__xludf.DUMMYFUNCTION("""COMPUTED_VALUE"""),93836.86) -> 93836.86 | J97: =IFERROR(__xludf.DUMMYFUNCTION("""COMPUTED_VALUE"""),674.0) -> 674
A98: =IFERROR(__xludf.DUMMYFUNCTION("""COMPUTED_VALUE"""),45985.0) -> 45985 | E98: =IFERROR(__xludf.DUMMYFUNCTION("""COMPUTED_VALUE"""),96537.86) -> 96537.86 | J98: =IFERROR(__xludf.DUMMYFUNCTION("""COMPUTED_VALUE"""),2701.0) -> 2701
A99: =IFERROR(__xludf.DUMMYFUNCTION("""COMPUTED_VALUE"""),45992.0) -> 45992 | E99: =IFERROR(__xludf.DUMMYFUNCTION("""COMPUTED_VALUE"""),98006.86) -> 98006.86 | J99: =IFERROR(__xludf.DUMMYFUNCTION("""COMPUTED_VALUE"""),1469.0) -> 1469
A100: =IFERROR(__xludf.DUMMYFUNCTION("""COMPUTED_VALUE"""),46041.0) -> 46041 | F100: =IFERROR(__xludf.DUMMYFUNCTION("""COMPUTED_VALUE"""),98496.86) -> 98496.86 | K100: =IFERROR(__xludf.DUMMYFUNCTION("""COMPUTED_VALUE"""),490.0) -> 490
A101: =IFERROR(__xludf.DUMMYFUNCTION("""COMPUTED_VALUE"""),46048.0) -> 46048 | F101: =IFERROR(__xludf.DUMMYFUNCTION("""COMPUTED_VALUE"""),99850.86) -> 99850.86 | K101: =IFERROR(__xludf.DUMMYFUNCTION("""COMPUTED_VALUE"""),1354.0) -> 1354
A102: =IFERROR(__xludf.DUMMYFUNCTION("""COMPUTED_VALUE"""),46055.0) -> 46055 | F102: =IFERROR(__xludf.DUMMYFUNCTION("""COMPUTED_VALUE"""),103294.86) -> 103294.86 | K102: =IFERROR(__xludf.DUMMYFUNCTION("""COMPUTED_VALUE"""),3444.0) -> 3444
A103: =IFERROR(__xludf.DUMMYFUNCTION("""COMPUTED_VALUE"""),46062.0) -> 46062 | F103: =IFERROR(__xludf.DUMMYFUNCTION("""COMPUTED_VALUE"""),105895.86) -> 105895.86 | K103: =IFERROR(__xludf.DUMMYFUNCTION("""COMPUTED_VALUE"""),2601.0) -> 2601
A104: =IFERROR(__xludf.DUMMYFUNCTION("""COMPUTED_VALUE"""),46069.0) -> 46069 | F104: =IFERROR(__xludf.DUMMYFUNCTION("""COMPUTED_VALUE"""),108567.86) -> 108567.86 | K104: =IFERROR(__xludf.DUMMYFUNCTION("""COMPUTED_VALUE"""),2672.0) -> 2672
...

Sheet YoY Chart Data
A1: T1 · Semester Totals + Cumulative lbs → bar + line chart | E1: T2 · Mainfare vs. Butterfield lbs → grouped bar chart | I1: T3 · CO₂e Avoided → bar / area chart | N1: T4 · Team Size vs. Output → dual-axis | Per-Ambassador table
A2: Semester | B2: Total lbs | C2: Cumulative lbs | E2: Semester | F2: Mainfare lbs | G2: Butterfield lbs | I2: Semester | J2: CO₂e (lbs) | K2: CO₂e (tons) | L2: Miles Not Driven ‡ | N2: Semester | O2: # Ambassadors | P2: Total lbs | Q2: lbs / Ambassador
A3: S24 | B3: {=IF('Master of Masters'!K3="","",IFERROR(IF(ISNUMBER(INDIRECT("'"&'Master of Masters'!K3&"'!I6",TRUE)),INDIRECT("'"&'Master of Masters'!K3&"'!I6",TRUE),"N/A"),"N/A"))} -> 7110.86 | C3: =IF(B3="","",SUMPRODUCT((ISNUMBER(B$3:B3))*IF(ISNUMBER(B$3:B3),B$3:B3,0))) -> 7110.86 | E3: =IF(A3="","",A3) -> S24 | F3: {=IF('Master of Masters'!K3="","",IFERROR(IF(ISNUMBER(INDIRECT("'"&'Master of Masters'!K3&"'!C6",TRUE)),INDIRECT("'"&'Master of Masters'!K3&"'!C6",TRUE),"N/A"),"N/A"))} -> N/A | G3: {=IF('Master of Masters'!K3="","",IFERROR(IF(ISNUMBER(INDIRECT("'"&'Master of Masters'!K3&"'!F6",TRUE)),INDIRECT("'"&'Master of Masters'!K3&"'!F6",TRUE),"N/A"),"N/A"))} -> N/A | I3: =IF(A3="","",A3) -> S24 | J3: {=IF('Master of Masters'!K3="","",IFERROR(IF(ISNUMBER(INDIRECT("'"&'Master of Masters'!K3&"'!I12",TRUE)),INDIRECT("'"&'Master of Masters'!K3&"'!I12",TRUE),"N/A"),"N/A"))} -> 4519.1649 | K3: =IF(J3="","",IF(NOT(ISNUMBER(J3)),"N/A",ROUND(J3/2000,2))) -> 2.26 | L3: =IF(J3="","",IF(NOT(ISNUMBER(J3)),"N/A",ROUND(J3/0.891,0))) -> 5072 | N3: =IF(A3="","",A3) -> S24 | O3: {=IF('Master of Masters'!K3="","",IFERROR(IF(ISNUMBER(INDIRECT("'"&'Master of Masters'!K3&"'!A4",TRUE)),INDIRECT("'"&'Master of Masters'!K3&"'!A4",TRUE),"N/A"),"N/A"))} -> 8 | P3: =IF(B3="","",B3) -> 7110.86 | Q3: =IF(OR(O3="",P3="",NOT(ISNUMBER(O3)),NOT(ISNUMBER(P3))),"",ROUND(P3/O3,0)) -> 889
A4: F24 | B4: {=IF('Master of Masters'!K4="","",IFERROR(IF(ISNUMBER(INDIRECT("'"&'Master of Masters'!K4&"'!I6",TRUE)),INDIRECT("'"&'Master of Masters'!K4&"'!I6",TRUE),"N/A"),"N/A"))} -> 26386 | C4: =IF(B4="","",SUMPRODUCT((ISNUMBER(B$3:B4))*IF(ISNUMBER(B$3:B4),B$3:B4,0))) -> 33496.86 | E4: =IF(A4="","",A4) -> F24 | F4: {=IF('Master of Masters'!K4="","",IFERROR(IF(ISNUMBER(INDIRECT("'"&'Master of Masters'!K4&"'!C6",TRUE)),INDIRECT("'"&'Master of Masters'!K4&"'!C6",TRUE),"N/A"),"N/A"))} -> 11781 | G4: {=IF('Master of Masters'!K4="","",IFERROR(IF(ISNUMBER(INDIRECT("'"&'Master of Masters'!K4&"'!F6",TRUE)),INDIRECT("'"&'Master of Masters'!K4&"'!F6",TRUE),"N/A"),"N/A"))} -> 14605 | I4: =IF(A4="","",A4) -> F24 | J4: {=IF('Master of Masters'!K4="","",IFERROR(IF(ISNUMBER(INDIRECT("'"&'Master of Masters'!K4&"'!I12",TRUE)),INDIRECT("'"&'Master of Masters'!K4&"'!I12",TRUE),"N/A"),"N/A"))} -> 16769.095 | K4: =IF(J4="","",IF(NOT(ISNUMBER(J4)),"N/A",ROUND(J4/2000,2))) -> 8.38 | L4: =IF(J4="","",IF(NOT(ISNUMBER(J4)),"N/A",ROUND(J4/0.891,0))) -> 18821 | N4: =IF(A4="","",A4) -> F24 | O4: {=IF('Master of Masters'!K4="","",IFERROR(IF(ISNUMBER(INDIRECT("'"&'Master of Masters'!K4&"'!A4",TRUE)),INDIRECT("'"&'Master of Masters'!K4&"'!A4",TRUE),"N/A"),"N/A"))} -> 10 | P4: =IF(B4="","",B4) -> 26386 | Q4: =IF(OR(O4="",P4="",NOT(ISNUMBER(O4)),NOT(ISNUMBER(P4))),"",ROUND(P4/O4,0)) -> 2639
A5: S25 | B5: {=IF('Master of Masters'!K5="","",IFERROR(IF(ISNUMBER(INDIRECT("'"&'Master of Masters'!K5&"'!I6",TRUE)),INDIRECT("'"&'Master of Masters'!K5&"'!I6",TRUE),"N/A"),"N/A"))} -> 31073 | C5: =IF(B5="","",SUMPRODUCT((ISNUMBER(B$3:B5))*IF(ISNUMBER(B$3:B5),B$3:B5,0))) -> 64569.86 | E5: =IF(A5="","",A5) -> S25 | F5: {=IF('Master of Masters'!K5="","",IFERROR(IF(ISNUMBER(INDIRECT("'"&'Master of Masters'!K5&"'!C6",TRUE)),INDIRECT("'"&'Master of Masters'!K5&"'!C6",TRUE),"N/A"),"N/A"))} -> 14269 | G5: {=IF('Master of Masters'!K5="","",IFERROR(IF(ISNUMBER(INDIRECT("'"&'Master of Masters'!K5&"'!F6",TRUE)),INDIRECT("'"&'Master of Masters'!K5&"'!F6",TRUE),"N/A"),"N/A"))} -> 16804 | I5: =IF(A5="","",A5) -> S25 | J5: {=IF('Master of Masters'!K5="","",IFERROR(IF(ISNUMBER(INDIRECT("'"&'Master of Masters'!K5&"'!I12",TRUE)),INDIRECT("'"&'Master of Masters'!K5&"'!I12",TRUE),"N/A"),"N/A"))} -> 19747.824 | K5: =IF(J5="","",IF(NOT(ISNUMBER(J5)),"N/A",ROUND(J5/2000,2))) -> 9.87 | L5: =IF(J5="","",IF(NOT(ISNUMBER(J5)),"N/A",ROUND(J5/0.891,0))) -> 22164 | N5: =IF(A5="","",A5) -> S25 | O5: {=IF('Master of Masters'!K5="","",IFERROR(IF(ISNUMBER(INDIRECT("'"&'Master of Masters'!K5&"'!A4",TRUE)),INDIRECT("'"&'Master of Masters'!K5&"'!A4",TRUE),"N/A"),"N/A"))} -> 13 | P5: =IF(B5="","",B5) -> 31073 | Q5: =IF(OR(O5="",P5="",NOT(ISNUMBER(O5)),NOT(ISNUMBER(P5))),"",ROUND(P5/O5,0)) -> 2390
A6: F25 | B6: {=IF('Master of Masters'!K6="","",IFERROR(IF(ISNUMBER(INDIRECT("'"&'Master of Masters'!K6&"'!I6",TRUE)),INDIRECT("'"&'Master of Masters'!K6&"'!I6",TRUE),"N/A"),"N/A"))} -> 36594 | C6: =IF(B6="","",SUMPRODUCT((ISNUMBER(B$3:B6))*IF(ISNUMBER(B$3:B6),B$3:B6,0))) -> 101163.86 | E6: =IF(A6="","",A6) -> F25 | F6: {=IF('Master of Masters'!K6="","",IFERROR(IF(ISNUMBER(INDIRECT("'"&'Master of Masters'!K6&"'!C6",TRUE)),INDIRECT("'"&'Master of Masters'!K6&"'!C6",TRUE),"N/A"),"N/A"))} -> 20069 | G6: {=IF('Master of Masters'!K6="","",IFERROR(IF(ISNUMBER(INDIRECT("'"&'Master of Masters'!K6&"'!F6",TRUE)),INDIRECT("'"&'Master of Masters'!K6&"'!F6",TRUE),"N/A"),"N/A"))} -> 16525 | I6: =IF(A6="","",A6) -> F25 | J6: {=IF('Master of Masters'!K6="","",IFERROR(IF(ISNUMBER(INDIRECT("'"&'Master of Masters'!K6&"'!I12",TRUE)),INDIRECT("'"&'Master of Masters'!K6&"'!I12",TRUE),"N/A"),"N/A"))} -> 23256.585 | K6: =IF(J6="","",IF(NOT(ISNUMBER(J6)),"N/A",ROUND(J6/2000,2))) -> 11.63 | L6: =IF(J6="","",IF(NOT(ISNUMBER(J6)),"N/A",ROUND(J6/0.891,0))) -> 26102 | N6: =IF(A6="","",A6) -> F25 | O6: {=IF('Master of Masters'!K6="","",IFERROR(IF(ISNUMBER(INDIRECT("'"&'Master of Masters'!K6&"'!A4",TRUE)),INDIRECT("'"&'Master of Masters'!K6&"'!A4",TRUE),"N/A"),"N/A"))} -> 14 | P6: =IF(B6="","",B6) -> 36594 | Q6: =IF(OR(O6="",P6="",NOT(ISNUMBER(O6)),NOT(ISNUMBER(P6))),"",ROUND(P6/O6,0)) -> 2614
A7: S26* | B7: {=IF('Master of Masters'!K7="","",IFERROR(IF(ISNUMBER(INDIRECT("'"&'Master of Masters'!K7&"'!I6",TRUE)),INDIRECT("'"&'Master of Masters'!K7&"'!I6",TRUE),"N/A"),"N/A"))} -> 34009 | C7: =IF(B7="","",SUMPRODUCT((ISNUMBER(B$3:B7))*IF(ISNUMBER(B$3:B7),B$3:B7,0))) -> 135172.86 | E7: =IF(A7="","",A7) -> S26* | F7: {=IF('Master of Masters'!K7="","",IFERROR(IF(ISNUMBER(INDIRECT("'"&'Master of Masters'!K7&"'!C6",TRUE)),INDIRECT("'"&'Master of Masters'!K7&"'!C6",TRUE),"N/A"),"N/A"))} -> 17917 | G7: {=IF('Master of Masters'!K7="","",IFERROR(IF(ISNUMBER(INDIRECT("'"&'Master of Masters'!K7&"'!F6",TRUE)),INDIRECT("'"&'Master of Masters'!K7&"'!F6",TRUE),"N/A"),"N/A"))} -> 16092 | I7: =IF(A7="","",A7) -> S26* | J7: {=IF('Master of Masters'!K7="","",IFERROR(IF(ISNUMBER(INDIRECT("'"&'Master of Masters'!K7&"'!I12",TRUE)),INDIRECT("'"&'Master of Masters'!K7&"'!I12",TRUE),"N/A"),"N/A"))} -> 21613.74 | K7: =IF(J7="","",IF(NOT(ISNUMBER(J7)),"N/A",ROUND(J7/2000,2))) -> 10.81 | L7: =IF(J7="","",IF(NOT(ISNUMBER(J7)),"N/A",ROUND(J7/0.891,0))) -> 24258 | N7: =IF(A7="","",A7) -> S26* | O7: {=IF('Master of Masters'!K7="","",IFERROR(IF(ISNUMBER(INDIRECT("'"&'Master of Masters'!K7&"'!A4",TRUE)),INDIRECT("'"&'Master of Masters'!K7&"'!A4",TRUE),"N/A"),"N/A"))} -> 14 | P7: =IF(B7="","",B7) -> 34009 | Q7: =IF(OR(O7="",P7="",NOT(ISNUMBER(O7)),NOT(ISNUMBER(P7))),"",ROUND(P7/O7,0)) -> 2429
A8: =IF('Master of Masters'!K8="","",IF(ISNUMBER(SEARCH("Spring",'Master of Masters'!K8)),"S",IF(ISNUMBER(SEARCH("Fall",'Master of Masters'!K8)),"F","?"))&RIGHT('Master of Masters'!K8,2)) | B8: {=IF('Master of Masters'!K8="","",IFERROR(IF(ISNUMBER(INDIRECT("'"&'Master of Masters'!K8&"'!I6",TRUE)),INDIRECT("'"&'Master of Masters'!K8&"'!I6",TRUE),"N/A"),"N/A"))} | C8: =IF(B8="","",SUMPRODUCT((ISNUMBER(B$3:B8))*IF(ISNUMBER(B$3:B8),B$3:B8,0))) | E8: =IF(A8="","",A8) | F8: {=IF('Master of Masters'!K8="","",IFERROR(IF(ISNUMBER(INDIRECT("'"&'Master of Masters'!K8&"'!C6",TRUE)),INDIRECT("'"&'Master of Masters'!K8&"'!C6",TRUE),"N/A"),"N/A"))} | G8: {=IF('Master of Masters'!K8="","",IFERROR(IF(ISNUMBER(INDIRECT("'"&'Master of Masters'!K8&"'!F6",TRUE)),INDIRECT("'"&'Master of Masters'!K8&"'!F6",TRUE),"N/A"),"N/A"))} | I8: =IF(A8="","",A8) | J8: {=IF('Master of Masters'!K8="","",IFERROR(IF(ISNUMBER(INDIRECT("'"&'Master of Masters'!K8&"'!I12",TRUE)),INDIRECT("'"&'Master of Masters'!K8&"'!I12",TRUE),"N/A"),"N/A"))} | K8: =IF(J8="","",IF(NOT(ISNUMBER(J8)),"N/A",ROUND(J8/2000,2))) | L8: =IF(J8="","",IF(NOT(ISNUMBER(J8)),"N/A",ROUND(J8/0.891,0))) | N8: =IF(A8="","",A8) | O8: {=IF('Master of Masters'!K8="","",IFERROR(IF(ISNUMBER(INDIRECT("'"&'Master of Masters'!K8&"'!A4",TRUE)),INDIRECT("'"&'Master of Masters'!K8&"'!A4",TRUE),"N/A"),"N/A"))} | P8: =IF(B8="","",B8) | Q8: =IF(OR(O8="",P8="",NOT(ISNUMBER(O8)),NOT(ISNUMBER(P8))),"",ROUND(P8/O8,0))
A9: =IF('Master of Masters'!K9="","",IF(ISNUMBER(SEARCH("Spring",'Master of Masters'!K9)),"S",IF(ISNUMBER(SEARCH("Fall",'Master of Masters'!K9)),"F","?"))&RIGHT('Master of Masters'!K9,2)) | B9: {=IF('Master of Masters'!K9="","",IFERROR(IF(ISNUMBER(INDIRECT("'"&'Master of Masters'!K9&"'!I6",TRUE)),INDIRECT("'"&'Master of Masters'!K9&"'!I6",TRUE),"N/A"),"N/A"))} | C9: =IF(B9="","",SUMPRODUCT((ISNUMBER(B$3:B9))*IF(ISNUMBER(B$3:B9),B$3:B9,0))) | E9: =IF(A9="","",A9) | F9: {=IF('Master of Masters'!K9="","",IFERROR(IF(ISNUMBER(INDIRECT("'"&'Master of Masters'!K9&"'!C6",TRUE)),INDIRECT("'"&'Master of Masters'!K9&"'!C6",TRUE),"N/A"),"N/A"))} | G9: {=IF('Master of Masters'!K9="","",IFERROR(IF(ISNUMBER(INDIRECT("'"&'Master of Masters'!K9&"'!F6",TRUE)),INDIRECT("'"&'Master of Masters'!K9&"'!F6",TRUE),"N/A"),"N/A"))} | I9: =IF(A9="","",A9) | J9: {=IF('Master of Masters'!K9="","",IFERROR(IF(ISNUMBER(INDIRECT("'"&'Master of Masters'!K9&"'!I12",TRUE)),INDIRECT("'"&'Master of Masters'!K9&"'!I12",TRUE),"N/A"),"N/A"))} | K9: =IF(J9="","",IF(NOT(ISNUMBER(J9)),"N/A",ROUND(J9/2000,2))) | L9: =IF(J9="","",IF(NOT(ISNUMBER(J9)),"N/A",ROUND(J9/0.891,0))) | N9: =IF(A9="","",A9) | O9: {=IF('Master of Masters'!K9="","",IFERROR(IF(ISNUMBER(INDIRECT("'"&'Master of Masters'!K9&"'!A4",TRUE)),INDIRECT("'"&'Master of Masters'!K9&"'!A4",TRUE),"N/A"),"N/A"))} | P9: =IF(B9="","",B9) | Q9: =IF(OR(O9="",P9="",NOT(ISNUMBER(O9)),NOT(ISNUMBER(P9))),"",ROUND(P9/O9,0))
A10: =IF('Master of Masters'!K10="","",IF(ISNUMBER(SEARCH("Spring",'Master of Masters'!K10)),"S",IF(ISNUMBER(SEARCH("Fall",'Master of Masters'!K10)),"F","?"))&RIGHT('Master of Masters'!K10,2)) | B10: {=IF('Master of Masters'!K10="","",IFERROR(IF(ISNUMBER(INDIRECT("'"&'Master of Masters'!K10&"'!I6",TRUE)),INDIRECT("'"&'Master of Masters'!K10&"'!I6",TRUE),"N/A"),"N/A"))} | C10: =IF(B10="","",SUMPRODUCT((ISNUMBER(B$3:B10))*IF(ISNUMBER(B$3:B10),B$3:B10,0))) | E10: =IF(A10="","",A10) | F10: {=IF('Master of Masters'!K10="","",IFERROR(IF(ISNUMBER(INDIRECT("'"&'Master of Masters'!K10&"'!C6",TRUE)),INDIRECT("'"&'Master of Masters'!K10&"'!C6",TRUE),"N/A"),"N/A"))} | G10: {=IF('Master of Masters'!K10="","",IFERROR(IF(ISNUMBER(INDIRECT("'"&'Master of Masters'!K10&"'!F6",TRUE)),INDIRECT("'"&'Master of Masters'!K10&"'!F6",TRUE),"N/A"),"N/A"))} | I10: =IF(A10="","",A10) | J10: {=IF('Master of Masters'!K10="","",IFERROR(IF(ISNUMBER(INDIRECT("'"&'Master of Masters'!K10&"'!I12",TRUE)),INDIRECT("'"&'Master of Masters'!K10&"'!I12",TRUE),"N/A"),"N/A"))} | K10: =IF(J10="","",IF(NOT(ISNUMBER(J10)),"N/A",ROUND(J10/2000,2))) | L10: =IF(J10="","",IF(NOT(ISNUMBER(J10)),"N/A",ROUND(J10/0.891,0))) | N10: =IF(A10="","",A10) | O10: {=IF('Master of Masters'!K10="","",IFERROR(IF(ISNUMBER(INDIRECT("'"&'Master of Masters'!K10&"'!A4",TRUE)),INDIRECT("'"&'Master of Masters'!K10&"'!A4",TRUE),"N/A"),"N/A"))} | P10: =IF(B10="","",B10) | Q10: =IF(OR(O10="",P10="",NOT(ISNUMBER(O10)),NOT(ISNUMBER(P10))),"",ROUND(P10/O10,0))
A11: =IF('Master of Masters'!K11="","",IF(ISNUMBER(SEARCH("Spring",'Master of Masters'!K11)),"S",IF(ISNUMBER(SEARCH("Fall",'Master of Masters'!K11)),"F","?"))&RIGHT('Master of Masters'!K11,2)) | B11: {=IF('Master of Masters'!K11="","",IFERROR(IF(ISNUMBER(INDIRECT("'"&'Master of Masters'!K11&"'!I6",TRUE)),INDIRECT("'"&'Master of Masters'!K11&"'!I6",TRUE),"N/A"),"N/A"))} | C11: =IF(B11="","",SUMPRODUCT((ISNUMBER(B$3:B11))*IF(ISNUMBER(B$3:B11),B$3:B11,0))) | E11: =IF(A11="","",A11) | F11: {=IF('Master of Masters'!K11="","",IFERROR(IF(ISNUMBER(INDIRECT("'"&'Master of Masters'!K11&"'!C6",TRUE)),INDIRECT("'"&'Master of Masters'!K11&"'!C6",TRUE),"N/A"),"N/A"))} | G11: {=IF('Master of Masters'!K11="","",IFERROR(IF(ISNUMBER(INDIRECT("'"&'Master of Masters'!K11&"'!F6",TRUE)),INDIRECT("'"&'Master of Masters'!K11&"'!F6",TRUE),"N/A"),"N/A"))} | I11: =IF(A11="","",A11) | J11: {=IF('Master of Masters'!K11="","",IFERROR(IF(ISNUMBER(INDIRECT("'"&'Master of Masters'!K11&"'!I12",TRUE)),INDIRECT("'"&'Master of Masters'!K11&"'!I12",TRUE),"N/A"),"N/A"))} | K11: =IF(J11="","",IF(NOT(ISNUMBER(J11)),"N/A",ROUND(J11/2000,2))) | L11: =IF(J11="","",IF(NOT(ISNUMBER(J11)),"N/A",ROUND(J11/0.891,0))) | N11: =IF(A11="","",A11) | O11: {=IF('Master of Masters'!K11="","",IFERROR(IF(ISNUMBER(INDIRECT("'"&'Master of Masters'!K11&"'!A4",TRUE)),INDIRECT("'"&'Master of Masters'!K11&"'!A4",TRUE),"N/A"),"N/A"))} | P11: =IF(B11="","",B11) | Q11: =IF(OR(O11="",P11="",NOT(ISNUMBER(O11)),NOT(ISNUMBER(P11))),"",ROUND(P11/O11,0))
A12: =IF('Master of Masters'!K12="","",IF(ISNUMBER(SEARCH("Spring",'Master of Masters'!K12)),"S",IF(ISNUMBER(SEARCH("Fall",'Master of Masters'!K12)),"F","?"))&RIGHT('Master of Masters'!K12,2)) | B12: {=IF('Master of Masters'!K12="","",IFERROR(IF(ISNUMBER(INDIRECT("'"&'Master of Masters'!K12&"'!I6",TRUE)),INDIRECT("'"&'Master of Masters'!K12&"'!I6",TRUE),"N/A"),"N/A"))} | C12: =IF(B12="","",SUMPRODUCT((ISNUMBER(B$3:B12))*IF(ISNUMBER(B$3:B12),B$3:B12,0))) | E12: =IF(A12="","",A12) | F12: {=IF('Master of Masters'!K12="","",IFERROR(IF(ISNUMBER(INDIRECT("'"&'Master of Masters'!K12&"'!C6",TRUE)),INDIRECT("'"&'Master of Masters'!K12&"'!C6",TRUE),"N/A"),"N/A"))} | G12: {=IF('Master of Masters'!K12="","",IFERROR(IF(ISNUMBER(INDIRECT("'"&'Master of Masters'!K12&"'!F6",TRUE)),INDIRECT("'"&'Master of Masters'!K12&"'!F6",TRUE),"N/A"),"N/A"))} | I12: =IF(A12="","",A12) | J12: {=IF('Master of Masters'!K12="","",IFERROR(IF(ISNUMBER(INDIRECT("'"&'Master of Masters'!K12&"'!I12",TRUE)),INDIRECT("'"&'Master of Masters'!K12&"'!I12",TRUE),"N/A"),"N/A"))} | K12: =IF(J12="","",IF(NOT(ISNUMBER(J12)),"N/A",ROUND(J12/2000,2))) | L12: =IF(J12="","",IF(NOT(ISNUMBER(J12)),"N/A",ROUND(J12/0.891,0))) | N12: =IF(A12="","",A12) | O12: {=IF('Master of Masters'!K12="","",IFERROR(IF(ISNUMBER(INDIRECT("'"&'Master of Masters'!K12&"'!A4",TRUE)),INDIRECT("'"&'Master of Masters'!K12&"'!A4",TRUE),"N/A"),"N/A"))} | P12: =IF(B12="","",B12) | Q12: =IF(OR(O12="",P12="",NOT(ISNUMBER(O12)),NOT(ISNUMBER(P12))),"",ROUND(P12/O12,0))
A13: =IF('Master of Masters'!K13="","",IF(ISNUMBER(SEARCH("Spring",'Master of Masters'!K13)),"S",IF(ISNUMBER(SEARCH("Fall",'Master of Masters'!K13)),"F","?"))&RIGHT('Master of Masters'!K13,2)) | B13: {=IF('Master of Masters'!K13="","",IFERROR(IF(ISNUMBER(INDIRECT("'"&'Master of Masters'!K13&"'!I6",TRUE)),INDIRECT("'"&'Master of Masters'!K13&"'!I6",TRUE),"N/A"),"N/A"))} | C13: =IF(B13="","",SUMPRODUCT((ISNUMBER(B$3:B13))*IF(ISNUMBER(B$3:B13),B$3:B13,0))) | E13: =IF(A13="","",A13) | F13: {=IF('Master of Masters'!K13="","",IFERROR(IF(ISNUMBER(INDIRECT("'"&'Master of Masters'!K13&"'!C6",TRUE)),INDIRECT("'"&'Master of Masters'!K13&"'!C6",TRUE),"N/A"),"N/A"))} | G13: {=IF('Master of Masters'!K13="","",IFERROR(IF(ISNUMBER(INDIRECT("'"&'Master of Masters'!K13&"'!F6",TRUE)),INDIRECT("'"&'Master of Masters'!K13&"'!F6",TRUE),"N/A"),"N/A"))} | I13: =IF(A13="","",A13) | J13: {=IF('Master of Masters'!K13="","",IFERROR(IF(ISNUMBER(INDIRECT("'"&'Master of Masters'!K13&"'!I12",TRUE)),INDIRECT("'"&'Master of Masters'!K13&"'!I12",TRUE),"N/A"),"N/A"))} | K13: =IF(J13="","",IF(NOT(ISNUMBER(J13)),"N/A",ROUND(J13/2000,2))) | L13: =IF(J13="","",IF(NOT(ISNUMBER(J13)),"N/A",ROUND(J13/0.891,0))) | N13: =IF(A13="","",A13) | O13: {=IF('Master of Masters'!K13="","",IFERROR(IF(ISNUMBER(INDIRECT("'"&'Master of Masters'!K13&"'!A4",TRUE)),INDIRECT("'"&'Master of Masters'!K13&"'!A4",TRUE),"N/A"),"N/A"))} | P13: =IF(B13="","",B13) | Q13: =IF(OR(O13="",P13="",NOT(ISNUMBER(O13)),NOT(ISNUMBER(P13))),"",ROUND(P13/O13,0))
A14: =IF('Master of Masters'!K14="","",IF(ISNUMBER(SEARCH("Spring",'Master of Masters'!K14)),"S",IF(ISNUMBER(SEARCH("Fall",'Master of Masters'!K14)),"F","?"))&RIGHT('Master of Masters'!K14,2)) | B14: {=IF('Master of Masters'!K14="","",IFERROR(IF(ISNUMBER(INDIRECT("'"&'Master of Masters'!K14&"'!I6",TRUE)),INDIRECT("'"&'Master of Masters'!K14&"'!I6",TRUE),"N/A"),"N/A"))} | C14: =IF(B14="","",SUMPRODUCT((ISNUMBER(B$3:B14))*IF(ISNUMBER(B$3:B14),B$3:B14,0))) | E14: =IF(A14="","",A14) | F14: {=IF('Master of Masters'!K14="","",IFERROR(IF(ISNUMBER(INDIRECT("'"&'Master of Masters'!K14&"'!C6",TRUE)),INDIRECT("'"&'Master of Masters'!K14&"'!C6",TRUE),"N/A"),"N/A"))} | G14: {=IF('Master of Masters'!K14="","",IFERROR(IF(ISNUMBER(INDIRECT("'"&'Master of Masters'!K14&"'!F6",TRUE)),INDIRECT("'"&'Master of Masters'!K14&"'!F6",TRUE),"N/A"),"N/A"))} | I14: =IF(A14="","",A14) | J14: {=IF('Master of Masters'!K14="","",IFERROR(IF(ISNUMBER(INDIRECT("'"&'Master of Masters'!K14&"'!I12",TRUE)),INDIRECT("'"&'Master of Masters'!K14&"'!I12",TRUE),"N/A"),"N/A"))} | K14: =IF(J14="","",IF(NOT(ISNUMBER(J14)),"N/A",ROUND(J14/2000,2))) | L14: =IF(J14="","",IF(NOT(ISNUMBER(J14)),"N/A",ROUND(J14/0.891,0))) | N14: =IF(A14="","",A14) | O14: {=IF('Master of Masters'!K14="","",IFERROR(IF(ISNUMBER(INDIRECT("'"&'Master of Masters'!K14&"'!A4",TRUE)),INDIRECT("'"&'Master of Masters'!K14&"'!A4",TRUE),"N/A"),"N/A"))} | P14: =IF(B14="","",B14) | Q14: =IF(OR(O14="",P14="",NOT(ISNUMBER(O14)),NOT(ISNUMBER(P14))),"",ROUND(P14/O14,0))
A15: =IF('Master of Masters'!K15="","",IF(ISNUMBER(SEARCH("Spring",'Master of Masters'!K15)),"S",IF(ISNUMBER(SEARCH("Fall",'Master of Masters'!K15)),"F","?"))&RIGHT('Master of Masters'!K15,2)) | B15: {=IF('Master of Masters'!K15="","",IFERROR(IF(ISNUMBER(INDIRECT("'"&'Master of Masters'!K15&"'!I6",TRUE)),INDIRECT("'"&'Master of Masters'!K15&"'!I6",TRUE),"N/A"),"N/A"))} | C15: =IF(B15="","",SUMPRODUCT((ISNUMBER(B$3:B15))*IF(ISNUMBER(B$3:B15),B$3:B15,0))) | E15: =IF(A15="","",A15) | F15: {=IF('Master of Masters'!K15="","",IFERROR(IF(ISNUMBER(INDIRECT("'"&'Master of Masters'!K15&"'!C6",TRUE)),INDIRECT("'"&'Master of Masters'!K15&"'!C6",TRUE),"N/A"),"N/A"))} | G15: {=IF('Master of Masters'!K15="","",IFERROR(IF(ISNUMBER(INDIRECT("'"&'Master of Masters'!K15&"'!F6",TRUE)),INDIRECT("'"&'Master of Masters'!K15&"'!F6",TRUE),"N/A"),"N/A"))} | I15: =IF(A15="","",A15) | J15: {=IF('Master of Masters'!K15="","",IFERROR(IF(ISNUMBER(INDIRECT("'"&'Master of Masters'!K15&"'!I12",TRUE)),INDIRECT("'"&'Master of Masters'!K15&"'!I12",TRUE),"N/A"),"N/A"))} | K15: =IF(J15="","",IF(NOT(ISNUMBER(J15)),"N/A",ROUND(J15/2000,2))) | L15: =IF(J15="","",IF(NOT(ISNUMBER(J15)),"N/A",ROUND(J15/0.891,0))) | N15: =IF(A15="","",A15) | O15: {=IF('Master of Masters'!K15="","",IFERROR(IF(ISNUMBER(INDIRECT("'"&'Master of Masters'!K15&"'!A4",TRUE)),INDIRECT("'"&'Master of Masters'!K15&"'!A4",TRUE),"N/A"),"N/A"))} | P15: =IF(B15="","",B15) | Q15: =IF(OR(O15="",P15="",NOT(ISNUMBER(O15)),NOT(ISNUMBER(P15))),"",ROUND(P15/O15,0))
A16: =IF('Master of Masters'!K16="","",IF(ISNUMBER(SEARCH("Spring",'Master of Masters'!K16)),"S",IF(ISNUMBER(SEARCH("Fall",'Master of Masters'!K16)),"F","?"))&RIGHT('Master of Masters'!K16,2)) | B16: {=IF('Master of Masters'!K16="","",IFERROR(IF(ISNUMBER(INDIRECT("'"&'Master of Masters'!K16&"'!I6",TRUE)),INDIRECT("'"&'Master of Masters'!K16&"'!I6",TRUE),"N/A"),"N/A"))} | C16: =IF(B16="","",SUMPRODUCT((ISNUMBER(B$3:B16))*IF(ISNUMBER(B$3:B16),B$3:B16,0))) | E16: =IF(A16="","",A16) | F16: {=IF('Master of Masters'!K16="","",IFERROR(IF(ISNUMBER(INDIRECT("'"&'Master of Masters'!K16&"'!C6",TRUE)),INDIRECT("'"&'Master of Masters'!K16&"'!C6",TRUE),"N/A"),"N/A"))} | G16: {=IF('Master of Masters'!K16="","",IFERROR(IF(ISNUMBER(INDIRECT("'"&'Master of Masters'!K16&"'!F6",TRUE)),INDIRECT("'"&'Master of Masters'!K16&"'!F6",TRUE),"N/A"),"N/A"))} | I16: =IF(A16="","",A16) | J16: {=IF('Master of Masters'!K16="","",IFERROR(IF(ISNUMBER(INDIRECT("'"&'Master of Masters'!K16&"'!I12",TRUE)),INDIRECT("'"&'Master of Masters'!K16&"'!I12",TRUE),"N/A"),"N/A"))} | K16: =IF(J16="","",IF(NOT(ISNUMBER(J16)),"N/A",ROUND(J16/2000,2))) | L16: =IF(J16="","",IF(NOT(ISNUMBER(J16)),"N/A",ROUND(J16/0.891,0))) | N16: =IF(A16="","",A16) | O16: {=IF('Master of Masters'!K16="","",IFERROR(IF(ISNUMBER(INDIRECT("'"&'Master of Masters'!K16&"'!A4",TRUE)),INDIRECT("'"&'Master of Masters'!K16&"'!A4",TRUE),"N/A"),"N/A"))} | P16: =IF(B16="","",B16) | Q16: =IF(OR(O16="",P16="",NOT(ISNUMBER(O16)),NOT(ISNUMBER(P16))),"",ROUND(P16/O16,0))
A17: =IF('Master of Masters'!K17="","",IF(ISNUMBER(SEARCH("Spring",'Master of Masters'!K17)),"S",IF(ISNUMBER(SEARCH("Fall",'Master of Masters'!K17)),"F","?"))&RIGHT('Master of Masters'!K17,2)) | B17: {=IF('Master of Masters'!K17="","",IFERROR(IF(ISNUMBER(INDIRECT("'"&'Master of Masters'!K17&"'!I6",TRUE)),INDIRECT("'"&'Master of Masters'!K17&"'!I6",TRUE),"N/A"),"N/A"))} | C17: =IF(B17="","",SUMPRODUCT((ISNUMBER(B$3:B17))*IF(ISNUMBER(B$3:B17),B$3:B17,0))) | E17: =IF(A17="","",A17) | F17: {=IF('Master of Masters'!K17="","",IFERROR(IF(ISNUMBER(INDIRECT("'"&'Master of Masters'!K17&"'!C6",TRUE)),INDIRECT("'"&'Master of Masters'!K17&"'!C6",TRUE),"N/A"),"N/A"))} | G17: {=IF('Master of Masters'!K17="","",IFERROR(IF(ISNUMBER(INDIRECT("'"&'Master of Masters'!K17&"'!F6",TRUE)),INDIRECT("'"&'Master of Masters'!K17&"'!F6",TRUE),"N/A"),"N/A"))} | I17: =IF(A17="","",A17) | J17: {=IF('Master of Masters'!K17="","",IFERROR(IF(ISNUMBER(INDIRECT("'"&'Master of Masters'!K17&"'!I12",TRUE)),INDIRECT("'"&'Master of Masters'!K17&"'!I12",TRUE),"N/A"),"N/A"))} | K17: =IF(J17="","",IF(NOT(ISNUMBER(J17)),"N/A",ROUND(J17/2000,2))) | L17: =IF(J17="","",IF(NOT(ISNUMBER(J17)),"N/A",ROUND(J17/0.891,0))) | N17: =IF(A17="","",A17) | O17: {=IF('Master of Masters'!K17="","",IFERROR(IF(ISNUMBER(INDIRECT("'"&'Master of Masters'!K17&"'!A4",TRUE)),INDIRECT("'"&'Master of Masters'!K17&"'!A4",TRUE),"N/A"),"N/A"))} | P17: =IF(B17="","",B17) | Q17: =IF(OR(O17="",P17="",NOT(ISNUMBER(O17)),NOT(ISNUMBER(P17))),"",ROUND(P17/O17,0))
E18: † S24 per-hall split unavailable — program-total only that semester | I18: ‡ EPA avg passenger vehicle: 404 g CO₂/mile (0.891 lb CO₂e/mile)
A21: T5 · Semester-over-Semester % Growth → standalone table | F21: T6 · lbs/hr Efficiency → bar chart (clock-in data req. — F25 onward)
A22: Transition | B22: Mainfare % | C22: Butterfield % | D22: Total % | F22: Semester | G22: MF lbs/hr | H22: BF lbs/hr | I22: Total lbs/hr
A23: =IF(OR(A3="",A4=""),"",A3&" → "&A4) -> S24 → F24 | B23: =IF(OR(NOT(ISNUMBER(F3)),NOT(ISNUMBER(F4))),"",(F4-F3)/F3) | C23: =IF(OR(NOT(ISNUMBER(G3)),NOT(ISNUMBER(G4))),"",(G4-G3)/G3) | D23: =IF(OR(NOT(ISNUMBER(B3)),NOT(ISNUMBER(B4))),"",(B4-B3)/B3) -> 2.7106623 | F23: =IF(A3="","",A3) -> S24 | G23: {=IF('Master of Masters'!K3="","",IFERROR(IF(ISNUMBER(INDIRECT("'"&'Master of Masters'!K3&"'!C8",TRUE)),INDIRECT("'"&'Master of Masters'!K3&"'!C8",TRUE),"N/A"),"N/A"))} -> N/A | H23: {=IF('Master of Masters'!K3="","",IFERROR(IF(ISNUMBER(INDIRECT("'"&'Master of Masters'!K3&"'!F8",TRUE)),INDIRECT("'"&'Master of Masters'!K3&"'!F8",TRUE),"N/A"),"N/A"))} -> N/A | I23: {=IF('Master of Masters'!K3="","",IFERROR(IF(ISNUMBER(INDIRECT("'"&'Master of Masters'!K3&"'!I8",TRUE)),INDIRECT("'"&'Master of Masters'!K3&"'!I8",TRUE),"N/A"),"N/A"))} -> N/A
A24: =IF(OR(A4="",A5=""),"",A4&" → "&A5) -> F24 → S25 | B24: =IF(OR(NOT(ISNUMBER(F4)),NOT(ISNUMBER(F5))),"",(F5-F4)/F4) -> 0.21118751 | C24: =IF(OR(NOT(ISNUMBER(G4)),NOT(ISNUMBER(G5))),"",(G5-G4)/G4) -> 0.15056487 | D24: =IF(OR(NOT(ISNUMBER(B4)),NOT(ISNUMBER(B5))),"",(B5-B4)/B4) -> 0.17763208 | F24: =IF(A4="","",A4) -> F24 | G24: {=IF('Master of Masters'!K4="","",IFERROR(IF(ISNUMBER(INDIRECT("'"&'Master of Masters'!K4&"'!C8",TRUE)),INDIRECT("'"&'Master of Masters'!K4&"'!C8",TRUE),"N/A"),"N/A"))} -> N/A | H24: {=IF('Master of Masters'!K4="","",IFERROR(IF(ISNUMBER(INDIRECT("'"&'Master of Masters'!K4&"'!F8",TRUE)),INDIRECT("'"&'Master of Masters'!K4&"'!F8",TRUE),"N/A"),"N/A"))} -> N/A | I24: {=IF('Master of Masters'!K4="","",IFERROR(IF(ISNUMBER(INDIRECT("'"&'Master of Masters'!K4&"'!I8",TRUE)),INDIRECT("'"&'Master of Masters'!K4&"'!I8",TRUE),"N/A"),"N/A"))} -> N/A
A25: =IF(OR(A5="",A6=""),"",A5&" → "&A6) -> S25 → F25 | B25: =IF(OR(NOT(ISNUMBER(F5)),NOT(ISNUMBER(F6))),"",(F6-F5)/F5) -> 0.40647558 | C25: =IF(OR(NOT(ISNUMBER(G5)),NOT(ISNUMBER(G6))),"",(G6-G5)/G5) -> -0.01660319 | D25: =IF(OR(NOT(ISNUMBER(B5)),NOT(ISNUMBER(B6))),"",(B6-B5)/B5) -> 0.17767837 | F25: =IF(A5="","",A5) -> S25 | G25: {=IF('Master of Masters'!K5="","",IFERROR(IF(ISNUMBER(INDIRECT("'"&'Master of Masters'!K5&"'!C8",TRUE)),INDIRECT("'"&'Master of Masters'!K5&"'!C8",TRUE),"N/A"),"N/A"))} -> N/A | H25: {=IF('Master of Masters'!K5="","",IFERROR(IF(ISNUMBER(INDIRECT("'"&'Master of Masters'!K5&"'!F8",TRUE)),INDIRECT("'"&'Master of Masters'!K5&"'!F8",TRUE),"N/A"),"N/A"))} -> N/A | I25: {=IF('Master of Masters'!K5="","",IFERROR(IF(ISNUMBER(INDIRECT("'"&'Master of Masters'!K5&"'!I8",TRUE)),INDIRECT("'"&'Master of Masters'!K5&"'!I8",TRUE),"N/A"),"N/A"))} -> N/A
A26: =IF(OR(A6="",A7=""),"",A6&" → "&A7) -> F25 → S26* | B26: =IF(OR(NOT(ISNUMBER(F6)),NOT(ISNUMBER(F7))),"",(F7-F6)/F6) -> -0.10723006 | C26: =IF(OR(NOT(ISNUMBER(G6)),NOT(ISNUMBER(G7))),"",(G7-G6)/G6) -> -0.026202723 | D26: =IF(OR(NOT(ISNUMBER(B6)),NOT(ISNUMBER(B7))),"",(B7-B6)/B6) -> -0.070639996 | F26: =IF(A6="","",A6) -> F25 | G26: {=IF('Master of Masters'!K6="","",IFERROR(IF(ISNUMBER(INDIRECT("'"&'Master of Masters'!K6&"'!C8",TRUE)),INDIRECT("'"&'Master of Masters'!K6&"'!C8",TRUE),"N/A"),"N/A"))} -> 51.42 | H26: {=IF('Master of Masters'!K6="","",IFERROR(IF(ISNUMBER(INDIRECT("'"&'Master of Masters'!K6&"'!F8",TRUE)),INDIRECT("'"&'Master of Masters'!K6&"'!F8",TRUE),"N/A"),"N/A"))} -> 41.84 | I26: {=IF('Master of Masters'!K6="","",IFERROR(IF(ISNUMBER(INDIRECT("'"&'Master of Masters'!K6&"'!I8",TRUE)),INDIRECT("'"&'Master of Masters'!K6&"'!I8",TRUE),"N/A"),"N/A"))} -> 46.41
A27: =IF(OR(A7="",A8=""),"",A7&" → "&A8) | B27: =IF(OR(NOT(ISNUMBER(F7)),NOT(ISNUMBER(F8))),"",(F8-F7)/F7) | C27: =IF(OR(NOT(ISNUMBER(G7)),NOT(ISNUMBER(G8))),"",(G8-G7)/G7) | D27: =IF(OR(NOT(ISNUMBER(B7)),NOT(ISNUMBER(B8))),"",(B8-B7)/B7) | F27: =IF(A7="","",A7) -> S26* | G27: {=IF('Master of Masters'!K7="","",IFERROR(IF(ISNUMBER(INDIRECT("'"&'Master of Masters'!K7&"'!C8",TRUE)),INDIRECT("'"&'Master of Masters'!K7&"'!C8",TRUE),"N/A"),"N/A"))} -> 60.990582 | H27: {=IF('Master of Masters'!K7="","",IFERROR(IF(ISNUMBER(INDIRECT("'"&'Master of Masters'!K7&"'!F8",TRUE)),INDIRECT("'"&'Master of Masters'!K7&"'!F8",TRUE),"N/A"),"N/A"))} -> 42.434844 | I27: {=IF('Master of Masters'!K7="","",IFERROR(IF(ISNUMBER(INDIRECT("'"&'Master of Masters'!K7&"'!I8",TRUE)),INDIRECT("'"&'Master of Masters'!K7&"'!I8",TRUE),"N/A"),"N/A"))} -> 50.534684
A28: =IF(OR(A8="",A9=""),"",A8&" → "&A9) | B28: =IF(OR(NOT(ISNUMBER(F8)),NOT(ISNUMBER(F9))),"",(F9-F8)/F8) | C28: =IF(OR(NOT(ISNUMBER(G8)),NOT(ISNUMBER(G9))),"",(G9-G8)/G8) | D28: =IF(OR(NOT(ISNUMBER(B8)),NOT(ISNUMBER(B9))),"",(B9-B8)/B8) | F28: =IF(A8="","",A8) | G28: {=IF('Master of Masters'!K8="","",IFERROR(IF(ISNUMBER(INDIRECT("'"&'Master of Masters'!K8&"'!C8",TRUE)),INDIRECT("'"&'Master of Masters'!K8&"'!C8",TRUE),"N/A"),"N/A"))} | H28: {=IF('Master of Masters'!K8="","",IFERROR(IF(ISNUMBER(INDIRECT("'"&'Master of Masters'!K8&"'!F8",TRUE)),INDIRECT("'"&'Master of Masters'!K8&"'!F8",TRUE),"N/A"),"N/A"))} | I28: {=IF('Master of Masters'!K8="","",IFERROR(IF(ISNUMBER(INDIRECT("'"&'Master of Masters'!K8&"'!I8",TRUE)),INDIRECT("'"&'Master of Masters'!K8&"'!I8",TRUE),"N/A"),"N/A"))}
A29: =IF(OR(A9="",A10=""),"",A9&" → "&A10) | B29: =IF(OR(NOT(ISNUMBER(F9)),NOT(ISNUMBER(F10))),"",(F10-F9)/F9) | C29: =IF(OR(NOT(ISNUMBER(G9)),NOT(ISNUMBER(G10))),"",(G10-G9)/G9) | D29: =IF(OR(NOT(ISNUMBER(B9)),NOT(ISNUMBER(B10))),"",(B10-B9)/B9) | F29: =IF(A9="","",A9) | G29: {=IF('Master of Masters'!K9="","",IFERROR(IF(ISNUMBER(INDIRECT("'"&'Master of Masters'!K9&"'!C8",TRUE)),INDIRECT("'"&'Master of Masters'!K9&"'!C8",TRUE),"N/A"),"N/A"))} | H29: {=IF('Master of Masters'!K9="","",IFERROR(IF(ISNUMBER(INDIRECT("'"&'Master of Masters'!K9&"'!F8",TRUE)),INDIRECT("'"&'Master of Masters'!K9&"'!F8",TRUE),"N/A"),"N/A"))} | I29: {=IF('Master of Masters'!K9="","",IFERROR(IF(ISNUMBER(INDIRECT("'"&'Master of Masters'!K9&"'!I8",TRUE)),INDIRECT("'"&'Master of Masters'!K9&"'!I8",TRUE),"N/A"),"N/A"))}
A30: =IF(OR(A10="",A11=""),"",A10&" → "&A11) | B30: =IF(OR(NOT(ISNUMBER(F10)),NOT(ISNUMBER(F11))),"",(F11-F10)/F10) | C30: =IF(OR(NOT(ISNUMBER(G10)),NOT(ISNUMBER(G11))),"",(G11-G10)/G10) | D30: =IF(OR(NOT(ISNUMBER(B10)),NOT(ISNUMBER(B11))),"",(B11-B10)/B10) | F30: =IF(A10="","",A10) | G30: {=IF('Master of Masters'!K10="","",IFERROR(IF(ISNUMBER(INDIRECT("'"&'Master of Masters'!K10&"'!C8",TRUE)),INDIRECT("'"&'Master of Masters'!K10&"'!C8",TRUE),"N/A"),"N/A"))} | H30: {=IF('Master of Masters'!K10="","",IFERROR(IF(ISNUMBER(INDIRECT("'"&'Master of Masters'!K10&"'!F8",TRUE)),INDIRECT("'"&'Master of Masters'!K10&"'!F8",TRUE),"N/A"),"N/A"))} | I30: {=IF('Master of Masters'!K10="","",IFERROR(IF(ISNUMBER(INDIRECT("'"&'Master of Masters'!K10&"'!I8",TRUE)),INDIRECT("'"&'Master of Masters'!K10&"'!I8",TRUE),"N/A"),"N/A"))}
A31: =IF(OR(A11="",A12=""),"",A11&" → "&A12) | B31: =IF(OR(NOT(ISNUMBER(F11)),NOT(ISNUMBER(F12))),"",(F12-F11)/F11) | C31: =IF(OR(NOT(ISNUMBER(G11)),NOT(ISNUMBER(G12))),"",(G12-G11)/G11) | D31: =IF(OR(NOT(ISNUMBER(B11)),NOT(ISNUMBER(B12))),"",(B12-B11)/B11) | F31: =IF(A11="","",A11) | G31: {=IF('Master of Masters'!K11="","",IFERROR(IF(ISNUMBER(INDIRECT("'"&'Master of Masters'!K11&"'!C8",TRUE)),INDIRECT("'"&'Master of Masters'!K11&"'!C8",TRUE),"N/A"),"N/A"))} | H31: {=IF('Master of Masters'!K11="","",IFERROR(IF(ISNUMBER(INDIRECT("'"&'Master of Masters'!K11&"'!F8",TRUE)),INDIRECT("'"&'Master of Masters'!K11&"'!F8",TRUE),"N/A"),"N/A"))} | I31: {=IF('Master of Masters'!K11="","",IFERROR(IF(ISNUMBER(INDIRECT("'"&'Master of Masters'!K11&"'!I8",TRUE)),INDIRECT("'"&'Master of Masters'!K11&"'!I8",TRUE),"N/A"),"N/A"))}
A32: =IF(OR(A12="",A13=""),"",A12&" → "&A13) | B32: =IF(OR(NOT(ISNUMBER(F12)),NOT(ISNUMBER(F13))),"",(F13-F12)/F12) | C32: =IF(OR(NOT(ISNUMBER(G12)),NOT(ISNUMBER(G13))),"",(G13-G12)/G12) | D32: =IF(OR(NOT(ISNUMBER(B12)),NOT(ISNUMBER(B13))),"",(B13-B12)/B12) | F32: =IF(A12="","",A12) | G32: {=IF('Master of Masters'!K12="","",IFERROR(IF(ISNUMBER(INDIRECT("'"&'Master of Masters'!K12&"'!C8",TRUE)),INDIRECT("'"&'Master of Masters'!K12&"'!C8",TRUE),"N/A"),"N/A"))} | H32: {=IF('Master of Masters'!K12="","",IFERROR(IF(ISNUMBER(INDIRECT("'"&'Master of Masters'!K12&"'!F8",TRUE)),INDIRECT("'"&'Master of Masters'!K12&"'!F8",TRUE),"N/A"),"N/A"))} | I32: {=IF('Master of Masters'!K12="","",IFERROR(IF(ISNUMBER(INDIRECT("'"&'Master of Masters'!K12&"'!I8",TRUE)),INDIRECT("'"&'Master of Masters'!K12&"'!I8",TRUE),"N/A"),"N/A"))}
A33: =IF(OR(A13="",A14=""),"",A13&" → "&A14) | B33: =IF(OR(NOT(ISNUMBER(F13)),NOT(ISNUMBER(F14))),"",(F14-F13)/F13) | C33: =IF(OR(NOT(ISNUMBER(G13)),NOT(ISNUMBER(G14))),"",(G14-G13)/G13) | D33: =IF(OR(NOT(ISNUMBER(B13)),NOT(ISNUMBER(B14))),"",(B14-B13)/B13) | F33: =IF(A13="","",A13) | G33: {=IF('Master of Masters'!K13="","",IFERROR(IF(ISNUMBER(INDIRECT("'"&'Master of Masters'!K13&"'!C8",TRUE)),INDIRECT("'"&'Master of Masters'!K13&"'!C8",TRUE),"N/A"),"N/A"))} | H33: {=IF('Master of Masters'!K13="","",IFERROR(IF(ISNUMBER(INDIRECT("'"&'Master of Masters'!K13&"'!F8",TRUE)),INDIRECT("'"&'Master of Masters'!K13&"'!F8",TRUE),"N/A"),"N/A"))} | I33: {=IF('Master of Masters'!K13="","",IFERROR(IF(ISNUMBER(INDIRECT("'"&'Master of Masters'!K13&"'!I8",TRUE)),INDIRECT("'"&'Master of Masters'!K13&"'!I8",TRUE),"N/A"),"N/A"))}
A34: =IF(OR(A14="",A15=""),"",A14&" → "&A15) | B34: =IF(OR(NOT(ISNUMBER(F14)),NOT(ISNUMBER(F15))),"",(F15-F14)/F14) | C34: =IF(OR(NOT(ISNUMBER(G14)),NOT(ISNUMBER(G15))),"",(G15-G14)/G14) | D34: =IF(OR(NOT(ISNUMBER(B14)),NOT(ISNUMBER(B15))),"",(B15-B14)/B14) | F34: =IF(A14="","",A14) | G34: {=IF('Master of Masters'!K14="","",IFERROR(IF(ISNUMBER(INDIRECT("'"&'Master of Masters'!K14&"'!C8",TRUE)),INDIRECT("'"&'Master of Masters'!K14&"'!C8",TRUE),"N/A"),"N/A"))} | H34: {=IF('Master of Masters'!K14="","",IFERROR(IF(ISNUMBER(INDIRECT("'"&'Master of Masters'!K14&"'!F8",TRUE)),INDIRECT("'"&'Master of Masters'!K14&"'!F8",TRUE),"N/A"),"N/A"))} | I34: {=IF('Master of Masters'!K14="","",IFERROR(IF(ISNUMBER(INDIRECT("'"&'Master of Masters'!K14&"'!I8",TRUE)),INDIRECT("'"&'Master of Masters'!K14&"'!I8",TRUE),"N/A"),"N/A"))}
... A36: =IF(OR(A16="",A17=""),"",A16&" → "&A17) | B36: =IF(OR(NOT(ISNUMBER(F16)),NOT(ISNUMBER(F17))),"",(F17-F16)/F16) | C36: =IF(OR(NOT(ISNUMBER(G16)),NOT(ISNUMBER(G17))),"",(G17-G16)/G16) | D36: =IF(OR(NOT(ISNUMBER(B16)),NOT(ISNUMBER(B17))),"",(B17-B16)/B16) | F36: =IF(A16="","",A16) | G36: {=IF('Master of Masters'!K16="","",IFERROR(IF(ISNUMBER(INDIRECT("'"&'Master of Masters'!K16&"'!C8",TRUE)),INDIRECT("'"&'Master of Masters'!K16&"'!C8",TRUE),"N/A"),"N/A"))} | H36: {=IF('Master of Masters'!K16="","",IFERROR(IF(ISNUMBER(INDIRECT("'"&'Master of Masters'!K16&"'!F8",TRUE)),INDIRECT("'"&'Master of Masters'!K16&"'!F8",TRUE),"N/A"),"N/A"))} | I36: {=IF('Master of Masters'!K16="","",IFERROR(IF(ISNUMBER(INDIRECT("'"&'Master of Masters'!K16&"'!I8",TRUE)),INDIRECT("'"&'Master of Masters'!K16&"'!I8",TRUE),"N/A"),"N/A"))}
F37: =IF(A17="","",A17) | G37: {=IF('Master of Masters'!K17="","",IFERROR(IF(ISNUMBER(INDIRECT("'"&'Master of Masters'!K17&"'!C8",TRUE)),INDIRECT("'"&'Master of Masters'!K17&"'!C8",TRUE),"N/A"),"N/A"))} | H37: {=IF('Master of Masters'!K17="","",IFERROR(IF(ISNUMBER(INDIRECT("'"&'Master of Masters'!K17&"'!F8",TRUE)),INDIRECT("'"&'Master of Masters'!K17&"'!F8",TRUE),"N/A"),"N/A"))} | I37: {=IF('Master of Masters'!K17="","",IFERROR(IF(ISNUMBER(INDIRECT("'"&'Master of Masters'!K17&"'!I8",TRUE)),INDIRECT("'"&'Master of Masters'!K17&"'!I8",TRUE),"N/A"),"N/A"))}
F38: Clock-in/out tracking added in F25 — earlier semesters show N/A
A41: T7 · Avg lbs by Day of Week → conditional-format heatmap (gradient applied to data range)
A42: Day | B42: =IF('Master of Masters'!K3="","",IF(ISNUMBER(SEARCH("Spring",'Master of Masters'!K3)),"S",IF(ISNUMBER(SEARCH("Fall",'Master of Masters'!K3)),"F","?"))&RIGHT('Master of Masters'!K3,2)) -> S24 | C42: =IF('Master of Masters'!K4="","",IF(ISNUMBER(SEARCH("Spring",'Master of Masters'!K4)),"S",IF(ISNUMBER(SEARCH("Fall",'Master of Masters'!K4)),"F","?"))&RIGHT('Master of Masters'!K4,2)) -> F24 | D42: =IF('Master of Masters'!K5="","",IF(ISNUMBER(SEARCH("Spring",'Master of Masters'!K5)),"S",IF(ISNUMBER(SEARCH("Fall",'Master of Masters'!K5)),"F","?"))&RIGHT('Master of Masters'!K5,2)) -> S25 | E42: =IF('Master of Masters'!K6="","",IF(ISNUMBER(SEARCH("Spring",'Master of Masters'!K6)),"S",IF(ISNUMBER(SEARCH("Fall",'Master of Masters'!K6)),"F","?"))&RIGHT('Master of Masters'!K6,2)) -> F25 | F42: =IF('Master of Masters'!K7="","",IF(ISNUMBER(SEARCH("Spring",'Master of Masters'!K7)),"S",IF(ISNUMBER(SEARCH("Fall",'Master of Masters'!K7)),"F","?"))&RIGHT('Master of Masters'!K7,2)) -> S26 | G42: =IF('Master of Masters'!K8="","",IF(ISNUMBER(SEARCH("Spring",'Master of Masters'!K8)),"S",IF(ISNUMBER(SEARCH("Fall",'Master of Masters'!K8)),"F","?"))&RIGHT('Master of Masters'!K8,2)) | H42: =IF('Master of Masters'!K9="","",IF(ISNUMBER(SEARCH("Spring",'Master of Masters'!K9)),"S",IF(ISNUMBER(SEARCH("Fall",'Master of Masters'!K9)),"F","?"))&RIGHT('Master of Masters'!K9,2)) | I42: =IF('Master of Masters'!K10="","",IF(ISNUMBER(SEARCH("Spring",'Master of Masters'!K10)),"S",IF(ISNUMBER(SEARCH("Fall",'Master of Masters'!K10)),"F","?"))&RIGHT('Master of Masters'!K10,2)) | J42: =IF('Master of Masters'!K11="","",IF(ISNUMBER(SEARCH("Spring",'Master of Masters'!K11)),"S",IF(ISNUMBER(SEARCH("Fall",'Master of Masters'!K11)),"F","?"))&RIGHT('Master of Masters'!K11,2)) | K42: =IF('Master of Masters'!K12="","",IF(ISNUMBER(SEARCH("Spring",'Master of Masters'!K12)),"S",IF(ISNUMBER(SEARCH("Fall",'Master of Masters'!K12)),"F","?"))&RIGHT('Master of Masters'!K12,2)) | L42: =IF('Master of Masters'!K13="","",IF(ISNUMBER(SEARCH("Spring",'Master of Masters'!K13)),"S",IF(ISNUMBER(SEARCH("Fall",'Master of Masters'!K13)),"F","?"))&RIGHT('Master of Masters'!K13,2)) | M42: =IF('Master of Masters'!K14="","",IF(ISNUMBER(SEARCH("Spring",'Master of Masters'!K14)),"S",IF(ISNUMBER(SEARCH("Fall",'Master of Masters'!K14)),"F","?"))&RIGHT('Master of Masters'!K14,2)) | N42: =IF('Master of Masters'!K15="","",IF(ISNUMBER(SEARCH("Spring",'Master of Masters'!K15)),"S",IF(ISNUMBER(SEARCH("Fall",'Master of Masters'!K15)),"F","?"))&RIGHT('Master of Masters'!K15,2)) | O42: =IF('Master of Masters'!K16="","",IF(ISNUMBER(SEARCH("Spring",'Master of Masters'!K16)),"S",IF(ISNUMBER(SEARCH("Fall",'Master of Masters'!K16)),"F","?"))&RIGHT('Master of Masters'!K16,2)) | P42: =IF('Master of Masters'!K17="","",IF(ISNUMBER(SEARCH("Spring",'Master of Masters'!K17)),"S",IF(ISNUMBER(SEARCH("Fall",'Master of Masters'!K17)),"F","?"))&RIGHT('Master of Masters'!K17,2))
A43: Monday | B43: {=IF('Master of Masters'!K3="","",IFERROR(IF(ISNUMBER(INDIRECT("'"&'Master of Masters'!K3&"'!I17",TRUE)),INDIRECT("'"&'Master of Masters'!K3&"'!I17",TRUE),"N/A"),"N/A"))} -> 294.14286 | C43: {=IF('Master of Masters'!K4="","",IFERROR(IF(ISNUMBER(INDIRECT("'"&'Master of Masters'!K4&"'!I17",TRUE)),INDIRECT("'"&'Master of Masters'!K4&"'!I17",TRUE),"N/A"),"N/A"))} -> 340.52381 | D43: {=IF('Master of Masters'!K5="","",IFERROR(IF(ISNUMBER(INDIRECT("'"&'Master of Masters'!K5&"'!I17",TRUE)),INDIRECT("'"&'Master of Masters'!K5&"'!I17",TRUE),"N/A"),"N/A"))} -> 592.5 | E43: {=IF('Master of Masters'!K6="","",IFERROR(IF(ISNUMBER(INDIRECT("'"&'Master of Masters'!K6&"'!I17",TRUE)),INDIRECT("'"&'Master of Masters'!K6&"'!I17",TRUE),"N/A"),"N/A"))} -> 708 | F43: {=IF('Master of Masters'!K7="","",IFERROR(IF(ISNUMBER(INDIRECT("'"&'Master of Masters'!K7&"'!I17",TRUE)),INDIRECT("'"&'Master of Masters'!K7&"'!I17",TRUE),"N/A"),"N/A"))} -> 518 | G43: {=IF('Master of Masters'!K8="","",IFERROR(IF(ISNUMBER(INDIRECT("'"&'Master of Masters'!K8&"'!I17",TRUE)),INDIRECT("'"&'Master of Masters'!K8&"'!I17",TRUE),"N/A"),"N/A"))} | H43: {=IF('Master of Masters'!K9="","",IFERROR(IF(ISNUMBER(INDIRECT("'"&'Master of Masters'!K9&"'!I17",TRUE)),INDIRECT("'"&'Master of Masters'!K9&"'!I17",TRUE),"N/A"),"N/A"))} | I43: {=IF('Master of Masters'!K10="","",IFERROR(IF(ISNUMBER(INDIRECT("'"&'Master of Masters'!K10&"'!I17",TRUE)),INDIRECT("'"&'Master of Masters'!K10&"'!I17",TRUE),"N/A"),"N/A"))} | J43: {=IF('Master of Masters'!K11="","",IFERROR(IF(ISNUMBER(INDIRECT("'"&'Master of Masters'!K11&"'!I17",TRUE)),INDIRECT("'"&'Master of Masters'!K11&"'!I17",TRUE),"N/A"),"N/A"))} | K43: {=IF('Master of Masters'!K12="","",IFERROR(IF(ISNUMBER(INDIRECT("'"&'Master of Masters'!K12&"'!I17",TRUE)),INDIRECT("'"&'Master of Masters'!K12&"'!I17",TRUE),"N/A"),"N/A"))} | L43: {=IF('Master of Masters'!K13="","",IFERROR(IF(ISNUMBER(INDIRECT("'"&'Master of Masters'!K13&"'!I17",TRUE)),INDIRECT("'"&'Master of Masters'!K13&"'!I17",TRUE),"N/A"),"N/A"))} | M43: {=IF('Master of Masters'!K14="","",IFERROR(IF(ISNUMBER(INDIRECT("'"&'Master of Masters'!K14&"'!I17",TRUE)),INDIRECT("'"&'Master of Masters'!K14&"'!I17",TRUE),"N/A"),"N/A"))} | N43: {=IF('Master of Masters'!K15="","",IFERROR(IF(ISNUMBER(INDIRECT("'"&'Master of Masters'!K15&"'!I17",TRUE)),INDIRECT("'"&'Master of Masters'!K15&"'!I17",TRUE),"N/A"),"N/A"))} | O43: {=IF('Master of Masters'!K16="","",IFERROR(IF(ISNUMBER(INDIRECT("'"&'Master of Masters'!K16&"'!I17",TRUE)),INDIRECT("'"&'Master of Masters'!K16&"'!I17",TRUE),"N/A"),"N/A"))} | P43: {=IF('Master of Masters'!K17="","",IFERROR(IF(ISNUMBER(INDIRECT("'"&'Master of Masters'!K17&"'!I17",TRUE)),INDIRECT("'"&'Master of Masters'!K17&"'!I17",TRUE),"N/A"),"N/A"))}
A44: Tuesday | B44: {=IF('Master of Masters'!K3="","",IFERROR(IF(ISNUMBER(INDIRECT("'"&'Master of Masters'!K3&"'!I18",TRUE)),INDIRECT("'"&'Master of Masters'!K3&"'!I18",TRUE),"N/A"),"N/A"))} -> 377.11 | C44: {=IF('Master of Masters'!K4="","",IFERROR(IF(ISNUMBER(INDIRECT("'"&'Master of Masters'!K4&"'!I18",TRUE)),INDIRECT("'"&'Master of Masters'!K4&"'!I18",TRUE),"N/A"),"N/A"))} -> 339.86667 | D44: {=IF('Master of Masters'!K5="","",IFERROR(IF(ISNUMBER(INDIRECT("'"&'Master of Masters'!K5&"'!I18",TRUE)),INDIRECT("'"&'Master of Masters'!K5&"'!I18",TRUE),"N/A"),"N/A"))} -> 499.23077 | E44: {=IF('Master of Masters'!K6="","",IFERROR(IF(ISNUMBER(INDIRECT("'"&'Master of Masters'!K6&"'!I18",TRUE)),INDIRECT("'"&'Master of Masters'!K6&"'!I18",TRUE),"N/A"),"N/A"))} -> 473 | F44: {=IF('Master of Masters'!K7="","",IFERROR(IF(ISNUMBER(INDIRECT("'"&'Master of Masters'!K7&"'!I18",TRUE)),INDIRECT("'"&'Master of Masters'!K7&"'!I18",TRUE),"N/A"),"N/A"))} -> 597.86813 | G44: {=IF('Master of Masters'!K8="","",IFERROR(IF(ISNUMBER(INDIRECT("'"&'Master of Masters'!K8&"'!I18",TRUE)),INDIRECT("'"&'Master of Masters'!K8&"'!I18",TRUE),"N/A"),"N/A"))} | H44: {=IF('Master of Masters'!K9="","",IFERROR(IF(ISNUMBER(INDIRECT("'"&'Master of Masters'!K9&"'!I18",TRUE)),INDIRECT("'"&'Master of Masters'!K9&"'!I18",TRUE),"N/A"),"N/A"))} | I44: {=IF('Master of Masters'!K10="","",IFERROR(IF(ISNUMBER(INDIRECT("'"&'Master of Masters'!K10&"'!I18",TRUE)),INDIRECT("'"&'Master of Masters'!K10&"'!I18",TRUE),"N/A"),"N/A"))} | J44: {=IF('Master of Masters'!K11="","",IFERROR(IF(ISNUMBER(INDIRECT("'"&'Master of Masters'!K11&"'!I18",TRUE)),INDIRECT("'"&'Master of Masters'!K11&"'!I18",TRUE),"N/A"),"N/A"))} | K44: {=IF('Master of Masters'!K12="","",IFERROR(IF(ISNUMBER(INDIRECT("'"&'Master of Masters'!K12&"'!I18",TRUE)),INDIRECT("'"&'Master of Masters'!K12&"'!I18",TRUE),"N/A"),"N/A"))} | L44: {=IF('Master of Masters'!K13="","",IFERROR(IF(ISNUMBER(INDIRECT("'"&'Master of Masters'!K13&"'!I18",TRUE)),INDIRECT("'"&'Master of Masters'!K13&"'!I18",TRUE),"N/A"),"N/A"))} | M44: {=IF('Master of Masters'!K14="","",IFERROR(IF(ISNUMBER(INDIRECT("'"&'Master of Masters'!K14&"'!I18",TRUE)),INDIRECT("'"&'Master of Masters'!K14&"'!I18",TRUE),"N/A"),"N/A"))} | N44: {=IF('Master of Masters'!K15="","",IFERROR(IF(ISNUMBER(INDIRECT("'"&'Master of Masters'!K15&"'!I18",TRUE)),INDIRECT("'"&'Master of Masters'!K15&"'!I18",TRUE),"N/A"),"N/A"))} | O44: {=IF('Master of Masters'!K16="","",IFERROR(IF(ISNUMBER(INDIRECT("'"&'Master of Masters'!K16&"'!I18",TRUE)),INDIRECT("'"&'Master of Masters'!K16&"'!I18",TRUE),"N/A"),"N/A"))} | P44: {=IF('Master of Masters'!K17="","",IFERROR(IF(ISNUMBER(INDIRECT("'"&'Master of Masters'!K17&"'!I18",TRUE)),INDIRECT("'"&'Master of Masters'!K17&"'!I18",TRUE),"N/A"),"N/A"))}
A45: Wednesday | B45: {=IF('Master of Masters'!K3="","",IFERROR(IF(ISNUMBER(INDIRECT("'"&'Master of Masters'!K3&"'!I19",TRUE)),INDIRECT("'"&'Master of Masters'!K3&"'!I19",TRUE),"N/A"),"N/A"))} -> 189.035 | C45: {=IF('Master of Masters'!K4="","",IFERROR(IF(ISNUMBER(INDIRECT("'"&'Master of Masters'!K4&"'!I19",TRUE)),INDIRECT("'"&'Master of Masters'!K4&"'!I19",TRUE),"N/A"),"N/A"))} -> 495.84615 | D45: {=IF('Master of Masters'!K5="","",IFERROR(IF(ISNUMBER(INDIRECT("'"&'Master of Masters'!K5&"'!I19",TRUE)),INDIRECT("'"&'Master of Masters'!K5&"'!I19",TRUE),"N/A"),"N/A"))} -> 509.30769 | E45: {=IF('Master of Masters'!K6="","",IFERROR(IF(ISNUMBER(INDIRECT("'"&'Master of Masters'!K6&"'!I19",TRUE)),INDIRECT("'"&'Master of Masters'!K6&"'!I19",TRUE),"N/A"),"N/A"))} -> 576 | F45: {=IF('Master of Masters'!K7="","",IFERROR(IF(ISNUMBER(INDIRECT("'"&'Master of Masters'!K7&"'!I19",TRUE)),INDIRECT("'"&'Master of Masters'!K7&"'!I19",TRUE),"N/A"),"N/A"))} -> 530.9359 | G45: {=IF('Master of Masters'!K8="","",IFERROR(IF(ISNUMBER(INDIRECT("'"&'Master of Masters'!K8&"'!I19",TRUE)),INDIRECT("'"&'Master of Masters'!K8&"'!I19",TRUE),"N/A"),"N/A"))} | H45: {=IF('Master of Masters'!K9="","",IFERROR(IF(ISNUMBER(INDIRECT("'"&'Master of Masters'!K9&"'!I19",TRUE)),INDIRECT("'"&'Master of Masters'!K9&"'!I19",TRUE),"N/A"),"N/A"))} | I45: {=IF('Master of Masters'!K10="","",IFERROR(IF(ISNUMBER(INDIRECT("'"&'Master of Masters'!K10&"'!I19",TRUE)),INDIRECT("'"&'Master of Masters'!K10&"'!I19",TRUE),"N/A"),"N/A"))} | J45: {=IF('Master of Masters'!K11="","",IFERROR(IF(ISNUMBER(INDIRECT("'"&'Master of Masters'!K11&"'!I19",TRUE)),INDIRECT("'"&'Master of Masters'!K11&"'!I19",TRUE),"N/A"),"N/A"))} | K45: {=IF('Master of Masters'!K12="","",IFERROR(IF(ISNUMBER(INDIRECT("'"&'Master of Masters'!K12&"'!I19",TRUE)),INDIRECT("'"&'Master of Masters'!K12&"'!I19",TRUE),"N/A"),"N/A"))} | L45: {=IF('Master of Masters'!K13="","",IFERROR(IF(ISNUMBER(INDIRECT("'"&'Master of Masters'!K13&"'!I19",TRUE)),INDIRECT("'"&'Master of Masters'!K13&"'!I19",TRUE),"N/A"),"N/A"))} | M45: {=IF('Master of Masters'!K14="","",IFERROR(IF(ISNUMBER(INDIRECT("'"&'Master of Masters'!K14&"'!I19",TRUE)),INDIRECT("'"&'Master of Masters'!K14&"'!I19",TRUE),"N/A"),"N/A"))} | N45: {=IF('Master of Masters'!K15="","",IFERROR(IF(ISNUMBER(INDIRECT("'"&'Master of Masters'!K15&"'!I19",TRUE)),INDIRECT("'"&'Master of Masters'!K15&"'!I19",TRUE),"N/A"),"N/A"))} | O45: {=IF('Master of Masters'!K16="","",IFERROR(IF(ISNUMBER(INDIRECT("'"&'Master of Masters'!K16&"'!I19",TRUE)),INDIRECT("'"&'Master of Masters'!K16&"'!I19",TRUE),"N/A"),"N/A"))} | P45: {=IF('Master of Masters'!K17="","",IFERROR(IF(ISNUMBER(INDIRECT("'"&'Master of Masters'!K17&"'!I19",TRUE)),INDIRECT("'"&'Master of Masters'!K17&"'!I19",TRUE),"N/A"),"N/A"))}
A46: Thursday | B46: {=IF('Master of Masters'!K3="","",IFERROR(IF(ISNUMBER(INDIRECT("'"&'Master of Masters'!K3&"'!I20",TRUE)),INDIRECT("'"&'Master of Masters'!K3&"'!I20",TRUE),"N/A"),"N/A"))} -> 188.58333 | C46: {=IF('Master of Masters'!K4="","",IFERROR(IF(ISNUMBER(INDIRECT("'"&'Master of Masters'!K4&"'!I20",TRUE)),INDIRECT("'"&'Master of Masters'!K4&"'!I20",TRUE),"N/A"),"N/A"))} -> 377.9 | D46: {=IF('Master of Masters'!K5="","",IFERROR(IF(ISNUMBER(INDIRECT("'"&'Master of Masters'!K5&"'!I20",TRUE)),INDIRECT("'"&'Master of Masters'!K5&"'!I20",TRUE),"N/A"),"N/A"))} -> 477.76923 | E46: {=IF('Master of Masters'!K6="","",IFERROR(IF(ISNUMBER(INDIRECT("'"&'Master of Masters'!K6&"'!I20",TRUE)),INDIRECT("'"&'Master of Masters'!K6&"'!I20",TRUE),"N/A"),"N/A"))} -> 485 | F46: {=IF('Master of Masters'!K7="","",IFERROR(IF(ISNUMBER(INDIRECT("'"&'Master of Masters'!K7&"'!I20",TRUE)),INDIRECT("'"&'Master of Masters'!K7&"'!I20",TRUE),"N/A"),"N/A"))} -> 551.76923 | G46: {=IF('Master of Masters'!K8="","",IFERROR(IF(ISNUMBER(INDIRECT("'"&'Master of Masters'!K8&"'!I20",TRUE)),INDIRECT("'"&'Master of Masters'!K8&"'!I20",TRUE),"N/A"),"N/A"))} | H46: {=IF('Master of Masters'!K9="","",IFERROR(IF(ISNUMBER(INDIRECT("'"&'Master of Masters'!K9&"'!I20",TRUE)),INDIRECT("'"&'Master of Masters'!K9&"'!I20",TRUE),"N/A"),"N/A"))} | I46: {=IF('Master of Masters'!K10="","",IFERROR(IF(ISNUMBER(INDIRECT("'"&'Master of Masters'!K10&"'!I20",TRUE)),INDIRECT("'"&'Master of Masters'!K10&"'!I20",TRUE),"N/A"),"N/A"))} | J46: {=IF('Master of Masters'!K11="","",IFERROR(IF(ISNUMBER(INDIRECT("'"&'Master of Masters'!K11&"'!I20",TRUE)),INDIRECT("'"&'Master of Masters'!K11&"'!I20",TRUE),"N/A"),"N/A"))} | K46: {=IF('Master of Masters'!K12="","",IFERROR(IF(ISNUMBER(INDIRECT("'"&'Master of Masters'!K12&"'!I20",TRUE)),INDIRECT("'"&'Master of Masters'!K12&"'!I20",TRUE),"N/A"),"N/A"))} | L46: {=IF('Master of Masters'!K13="","",IFERROR(IF(ISNUMBER(INDIRECT("'"&'Master of Masters'!K13&"'!I20",TRUE)),INDIRECT("'"&'Master of Masters'!K13&"'!I20",TRUE),"N/A"),"N/A"))} | M46: {=IF('Master of Masters'!K14="","",IFERROR(IF(ISNUMBER(INDIRECT("'"&'Master of Masters'!K14&"'!I20",TRUE)),INDIRECT("'"&'Master of Masters'!K14&"'!I20",TRUE),"N/A"),"N/A"))} | N46: {=IF('Master of Masters'!K15="","",IFERROR(IF(ISNUMBER(INDIRECT("'"&'Master of Masters'!K15&"'!I20",TRUE)),INDIRECT("'"&'Master of Masters'!K15&"'!I20",TRUE),"N/A"),"N/A"))} | O46: {=IF('Master of Masters'!K16="","",IFERROR(IF(ISNUMBER(INDIRECT("'"&'Master of Masters'!K16&"'!I20",TRUE)),INDIRECT("'"&'Master of Masters'!K16&"'!I20",TRUE),"N/A"),"N/A"))} | P46: {=IF('Master of Masters'!K17="","",IFERROR(IF(ISNUMBER(INDIRECT("'"&'Master of Masters'!K17&"'!I20",TRUE)),INDIRECT("'"&'Master of Masters'!K17&"'!I20",TRUE),"N/A"),"N/A"))}
A47: Friday | B47: {=IF('Master of Masters'!K3="","",IFERROR(IF(ISNUMBER(INDIRECT("'"&'Master of Masters'!K3&"'!I21",TRUE)),INDIRECT("'"&'Master of Masters'!K3&"'!I21",TRUE),"N/A"),"N/A"))} -> 45.063333 | C47: {=IF('Master of Masters'!K4="","",IFERROR(IF(ISNUMBER(INDIRECT("'"&'Master of Masters'!K4&"'!I21",TRUE)),INDIRECT("'"&'Master of Masters'!K4&"'!I21",TRUE),"N/A"),"N/A"))} -> 340.6 | D47: {=IF('Master of Masters'!K5="","",IFERROR(IF(ISNUMBER(INDIRECT("'"&'Master of Masters'!K5&"'!I21",TRUE)),INDIRECT("'"&'Master of Masters'!K5&"'!I21",TRUE),"N/A"),"N/A"))} -> 364.07692 | E47: {=IF('Master of Masters'!K6="","",IFERROR(IF(ISNUMBER(INDIRECT("'"&'Master of Masters'!K6&"'!I21",TRUE)),INDIRECT("'"&'Master of Masters'!K6&"'!I21",TRUE),"N/A"),"N/A"))} -> 397 | F47: {=IF('Master of Masters'!K7="","",IFERROR(IF(ISNUMBER(INDIRECT("'"&'Master of Masters'!K7&"'!I21",TRUE)),INDIRECT("'"&'Master of Masters'!K7&"'!I21",TRUE),"N/A"),"N/A"))} -> 419.06044 | G47: {=IF('Master of Masters'!K8="","",IFERROR(IF(ISNUMBER(INDIRECT("'"&'Master of Masters'!K8&"'!I21",TRUE)),INDIRECT("'"&'Master of Masters'!K8&"'!I21",TRUE),"N/A"),"N/A"))} | H47: {=IF('Master of Masters'!K9="","",IFERROR(IF(ISNUMBER(INDIRECT("'"&'Master of Masters'!K9&"'!I21",TRUE)),INDIRECT("'"&'Master of Masters'!K9&"'!I21",TRUE),"N/A"),"N/A"))} | I47: {=IF('Master of Masters'!K10="","",IFERROR(IF(ISNUMBER(INDIRECT("'"&'Master of Masters'!K10&"'!I21",TRUE)),INDIRECT("'"&'Master of Masters'!K10&"'!I21",TRUE),"N/A"),"N/A"))} | J47: {=IF('Master of Masters'!K11="","",IFERROR(IF(ISNUMBER(INDIRECT("'"&'Master of Masters'!K11&"'!I21",TRUE)),INDIRECT("'"&'Master of Masters'!K11&"'!I21",TRUE),"N/A"),"N/A"))} | K47: {=IF('Master of Masters'!K12="","",IFERROR(IF(ISNUMBER(INDIRECT("'"&'Master of Masters'!K12&"'!I21",TRUE)),INDIRECT("'"&'Master of Masters'!K12&"'!I21",TRUE),"N/A"),"N/A"))} | L47: {=IF('Master of Masters'!K13="","",IFERROR(IF(ISNUMBER(INDIRECT("'"&'Master of Masters'!K13&"'!I21",TRUE)),INDIRECT("'"&'Master of Masters'!K13&"'!I21",TRUE),"N/A"),"N/A"))} | M47: {=IF('Master of Masters'!K14="","",IFERROR(IF(ISNUMBER(INDIRECT("'"&'Master of Masters'!K14&"'!I21",TRUE)),INDIRECT("'"&'Master of Masters'!K14&"'!I21",TRUE),"N/A"),"N/A"))} | N47: {=IF('Master of Masters'!K15="","",IFERROR(IF(ISNUMBER(INDIRECT("'"&'Master of Masters'!K15&"'!I21",TRUE)),INDIRECT("'"&'Master of Masters'!K15&"'!I21",TRUE),"N/A"),"N/A"))} | O47: {=IF('Master of Masters'!K16="","",IFERROR(IF(ISNUMBER(INDIRECT("'"&'Master of Masters'!K16&"'!I21",TRUE)),INDIRECT("'"&'Master of Masters'!K16&"'!I21",TRUE),"N/A"),"N/A"))} | P47: {=IF('Master of Masters'!K17="","",IFERROR(IF(ISNUMBER(INDIRECT("'"&'Master of Masters'!K17&"'!I21",TRUE)),INDIRECT("'"&'Master of Masters'!K17&"'!I21",TRUE),"N/A"),"N/A"))}
A48: † S24 MF/BF per-hall split unavailable — program-total (col I) is consistent across all semesters | B48: † S24 MF/BF per-hall split unavailable — program-total (col I) is consistent across all semesters | C48: † S24 MF/BF per-hall split unavailable — program-total (col I) is consistent across all semesters | D48: † S24 MF/BF per-hall split unavailable — program-total (col I) is consistent across all semesters | E48: † S24 MF/BF per-hall split unavailable — program-total (col I) is consistent across all semesters | F48: † S24 MF/BF per-hall split unavailable — program-total (col I) is consistent across all semesters | G48: † S24 MF/BF per-hall split unavailable — program-total (col I) is consistent across all semesters | H48: † S24 MF/BF per-hall split unavailable — program-total (col I) is consistent across all semesters | I48: † S24 MF/BF per-hall split unavailable — program-total (col I) is consistent across all semesters | J48: † S24 MF/BF per-hall split unavailable — program-total (col I) is consistent across all semesters | K48: † S24 MF/BF per-hall split unavailable — program-total (col I) is consistent across all semesters | L48: † S24 MF/BF per-hall split unavailable — program-total (col I) is consistent across all semesters | M48: † S24 MF/BF per-hall split unavailable — program-total (col I) is consistent across all semesters | N48: † S24 MF/BF per-hall split unavailable — program-total (col I) is consistent across all semesters | O48: † S24 MF/BF per-hall split unavailable — program-total (col I) is consistent across all semesters | P48: † S24 MF/BF per-hall split unavailable — program-total (col I) is consistent across all semesters
A50: ⚙ To add a new semester: append the new sheet tab name to column K in "Master of Masters". All tables in this sheet update automatically — no re-running needed. | B50: ⚙ To add a new semester: append the new sheet tab name to column K in "Master of Masters". All tables in this sheet update automatically — no re-running needed. | C50: ⚙ To add a new semester: append the new sheet tab name to column K in "Master of Masters". All tables in this sheet update automatically — no re-running needed. | D50: ⚙ To add a new semester: append the new sheet tab name to column K in "Master of Masters". All tables in this sheet update automatically — no re-running needed. | E50: ⚙ To add a new semester: append the new sheet tab name to column K in "Master of Masters". All tables in this sheet update automatically — no re-running needed. | F50: ⚙ To add a new semester: append the new sheet tab name to column K in "Master of Masters". All tables in this sheet update automatically — no re-running needed. | G50: ⚙ To add a new semester: append the new sheet tab name to column K in "Master of Masters". All tables in this sheet update automatically — no re-running needed. | H50: ⚙ To add a new semester: append the new sheet tab name to column K in "Master of Masters". All tables in this sheet update automatically — no re-running needed. | I50: ⚙ To add a new semester: append the new sheet tab name to column K in "Master of Masters". All tables in this sheet update automatically — no re-running needed. | J50: ⚙ To add a new semester: append the new sheet tab name to column K in "Master of Masters". All tables in this sheet update automatically — no re-running needed. | K50: ⚙ To add a new semester: append the new sheet tab name to column K in "Master of Masters". All tables in this sheet update automatically — no re-running needed. | L50: ⚙ To add a new semester: append the new sheet tab name to column K in "Master of Masters". All tables in this sheet update automatically — no re-running needed. | M50: ⚙ To add a new semester: append the new sheet tab name to column K in "Master of Masters". All tables in this sheet update automatically — no re-running needed. | N50: ⚙ To add a new semester: append the new sheet tab name to column K in "Master of Masters". All tables in this sheet update automatically — no re-running needed. | O50: ⚙ To add a new semester: append the new sheet tab name to column K in "Master of Masters". All tables in this sheet update automatically — no re-running needed. | P50: ⚙ To add a new semester: append the new sheet tab name to column K in "Master of Masters". All tables in this sheet update automatically — no re-running needed. | Q50: ⚙ To add a new semester: append the new sheet tab name to column K in "Master of Masters". All tables in this sheet update automatically — no re-running needed.
A51: Script last run: March 12, 2026 | B51: Script last run: March 12, 2026 | C51: Script last run: March 12, 2026 | D51: Script last run: March 12, 2026

Sheet Master Tables
B3: Mainfare Total lbs / semester | G3: Butterfield Total lbs / semester | L3: Total lbs / semester
B4: Semester | C4: Pounds | D4: Difference | E4: % Difference | G4: Semester | H4: Pounds | I4: Difference | J4: % Difference | L4: Semester | M4: Pounds | N4: Difference | O4: % Difference
B5: S 24 | C5: {=TOCOL( MAP( 'Master of Masters'!$K$3:$K1505, LAMBDA(s, IF( s="", "", INDIRECT("'"&s&"'!C6", TRUE) ) ) ), 1 )} -> NA | D5: =IF(C5="NA","NA",IF(C5-0>0,"+ ","- ")&TEXT(ABS(INT(C5-0)),"#,##0")) -> NA | E5: =IF(D5="NA","NA",IF(D5-0>0,"+ ","- ")&TEXT(ABS(INT(D5-0)),"#,##0")) -> NA | G5: S 24 | H5: {=TOCOL( MAP( 'Master of Masters'!$K$3:$K1505, LAMBDA(s, IF( s="", "", INDIRECT("'"&s&"'!F6", TRUE) ) ) ), 1 )} -> NA | I5: =IF(H5="NA","NA",IF(H5-0>0,"+ ","- ")&TEXT(ABS(INT(H5-0)),"#,##0")) -> NA | J5: =IF(I5="NA","NA",IF(I5-0>0,"+ ","- ")&TEXT(ABS(INT(I5-0)),"#,##0")) -> NA | L5: S 24 | M5: {=TOCOL( MAP( 'Master of Masters'!$K$3:$K1505, LAMBDA(s, IF( s="", "", INDIRECT("'"&s&"'!I6", TRUE) ) ) ), 1 )} -> 7110.86 | N5: =IF(M5="","",IF(M5-0>0,"+ ","- ")&TEXT(ABS(INT(M5-0)),"#,##0")) -> + 7,110 | O5: =if(N5="NA","NA", CONCATENATE(if(M5-0>0,"+",""),TEXT((1)/1,"%0.00"))) -> +%100.00
B6: F 24 | C6: 11781 | D6: =IF(C6="","",IF(C6-0>0,"+ ","- ")&TEXT(ABS(INT(C6-0)),"#,##0")) -> + 11,781 | E6: =if(D6="NA","NA", CONCATENATE(if(C6-0>0,"+",""),TEXT((1)/1,"%0.00"))) -> +%100.00 | G6: F 24 | H6: 14605 | I6: =IF(H6="","",IF(H6-0>0,"+ ","- ")&TEXT(ABS(INT(H6-0)),"#,##0")) -> + 14,605 | J6: =if(I6="NA","NA", CONCATENATE(if(H6-0>0,"+",""),TEXT((1)/1,"%0.00"))) -> +%100.00 | L6: F 24 | M6: 26386 | N6: =IF(M6="","",IF(M6-M5>0,"+ ","- ")&TEXT(ABS(INT(M6-M5)),"#,##0")) -> + 19,275 | O6: =if(N6="NA","NA", CONCATENATE(if(M6-M5>0,"+",""),TEXT((M6-M5)/M5,"%0.00"))) -> +%271.07
B7: S 25 | C7: 14269 | D7: =IF(C7="","",IF(C7-C6>0,"+ ","- ")&TEXT(ABS(INT(C7-C6)),"#,##0")) -> + 2,488 | E7: =if(D7="NA","NA", CONCATENATE(if(C7-C6>0,"+",""),TEXT((C7-C6)/C6,"%0.00"))) -> +%21.12 | G7: S 25 | H7: 16804 | I7: =IF(H7="","",IF(H7-H6>0,"+ ","- ")&TEXT(ABS(INT(H7-H6)),"#,##0")) -> + 2,199 | J7: =if(I7="NA","NA", CONCATENATE(if(H7-H6>0,"+",""),TEXT((H7-H6)/H6,"%0.00"))) -> +%15.06 | L7: S 25 | M7: 31073 | N7: =IF(M7="","",IF(M7-M6>0,"+ ","- ")&TEXT(ABS(INT(M7-M6)),"#,##0")) -> + 4,687 | O7: =if(N7="NA","NA", CONCATENATE(if(M7-M6>0,"+",""),TEXT((M7-M6)/M6,"%0.00"))) -> +%17.76
B8: F 25 | C8: 20069 | D8: =IF(C8="","",IF(C8-C7>0,"+ ","- ")&TEXT(ABS(INT(C8-C7)),"#,##0")) -> + 5,800 | E8: =if(D8="NA","NA", CONCATENATE(if(C8-C7>0,"+",""),TEXT((C8-C7)/C7,"%0.00"))) -> +%40.65 | G8: F 25 | H8: 16525 | I8: =IF(H8="","",IF(H8-H7>0,"+ ","- ")&TEXT(ABS(INT(H8-H7)),"#,##0")) -> - 279 | J8: =if(I8="NA","NA", CONCATENATE(if(H8-H7>0,"+",""),TEXT((H8-H7)/H7,"%0.00"))) -> -%1.66 | L8: F 25 | M8: 36594 | N8: =IF(M8="","",IF(M8-M7>0,"+ ","- ")&TEXT(ABS(INT(M8-M7)),"#,##0")) -> + 5,521 | O8: =if(N8="NA","NA", CONCATENATE(if(M8-M7>0,"+",""),TEXT((M8-M7)/M7,"%0.00"))) -> +%17.77
B9: S 26 | C9: 17917 | D9: =IF(C9="","",IF(C9-C8>0,"+ ","- ")&TEXT(ABS(INT(C9-C8)),"#,##0")) -> - 2,152 | E9: =if(D9="NA","NA", CONCATENATE(if(C9-C8>0,"+",""),TEXT((C9-C8)/C8,"%0.00"))) -> -%10.72 | G9: S 26 | H9: 16092 | I9: =IF(H9="","",IF(H9-H8>0,"+ ","- ")&TEXT(ABS(INT(H9-H8)),"#,##0")) -> - 433 | J9: =if(I9="NA","NA", CONCATENATE(if(H9-H8>0,"+",""),TEXT((H9-H8)/H8,"%0.00"))) -> -%2.62 | L9: S 26 | M9: 34009 | N9: =IF(M9="","",IF(M9-M8>0,"+ ","- ")&TEXT(ABS(INT(M9-M8)),"#,##0")) -> - 2,585 | O9: =if(N9="NA","NA", CONCATENATE(if(M9-M8>0,"+",""),TEXT((M9-M8)/M8,"%0.00"))) -> -%7.06
E13: =IF(D13="","",IF(D13-C9>0,"+ ","- ")&TEXT(ABS(INT(D13-C9)),"#,##0"))
E14: =IF(D14="","",IF(D14-D13>0,"+ ","- ")&TEXT(ABS(INT(D14-D13)),"#,##0"))
E15: =IF(D15="","",IF(D15-D14>0,"+ ","- ")&TEXT(ABS(INT(D15-D14)),"#,##0"))
B16: Mainfare vs. Butterfield lbs | G16: lb/hr by dining hall by semester | M16: Semester Totals + Cumulative lbs | Q16: lb/day by dining hall by semester
B17: Semester | C17: MF lbs/hr | D17: BF lbs/hr | G17: Semester | H17: MF lbs/hr | I17: BF lbs/hr | J17: Total lbs/hr | M17: Semester | N17: Total lbs | O17: Cumulative lbs | Q17: Semester | R17: MF lbs/day | S17: BF lbs/day | T17: Total lbs/day
B18: S24 | C18: {=IF('Master of Masters'!K3="","",IFERROR(IF(ISNUMBER(INDIRECT("'"&'Master of Masters'!K3&"'!C6",TRUE)),INDIRECT("'"&'Master of Masters'!K3&"'!C6",TRUE),"N/A"),"N/A"))} -> N/A | D18: {=IF('Master of Masters'!K3="","",IFERROR(IF(ISNUMBER(INDIRECT("'"&'Master of Masters'!K3&"'!F6",TRUE)),INDIRECT("'"&'Master of Masters'!K3&"'!F6",TRUE),"N/A"),"N/A"))} -> N/A | G18: S24 | H18: {=IF('Master of Masters'!K3="","",IFERROR(IF(ISNUMBER(INDIRECT("'"&'Master of Masters'!K3&"'!C8",TRUE)),INDIRECT("'"&'Master of Masters'!K3&"'!C8",TRUE),"N/A"),"N/A"))} -> N/A | I18: {=IF('Master of Masters'!K3="","",IFERROR(IF(ISNUMBER(INDIRECT("'"&'Master of Masters'!K3&"'!F8",TRUE)),INDIRECT("'"&'Master of Masters'!K3&"'!F8",TRUE),"N/A"),"N/A"))} -> N/A | J18: {=IF('Master of Masters'!K3="","",IFERROR(IF(ISNUMBER(INDIRECT("'"&'Master of Masters'!K3&"'!I8",TRUE)),INDIRECT("'"&'Master of Masters'!K3&"'!I8",TRUE),"N/A"),"N/A"))} -> N/A | M18: S24 | N18: {=IF('Master of Masters'!K3="","",IFERROR(IF(ISNUMBER(INDIRECT("'"&'Master of Masters'!K3&"'!I6",TRUE)),INDIRECT("'"&'Master of Masters'!K3&"'!I6",TRUE),"N/A"),"N/A"))} -> 7110.86 | O18: =IF(N18="","",SUMPRODUCT((ISNUMBER(N$18:N18))*IF(ISNUMBER(N$18:N18),N$18:N18,0))) -> 7110.86 | Q18: S24 | R18: ='Master Spring 2024'!$C$7 -> NA | S18: ='Master Spring 2024'!$F$7 -> NA | T18: ='Master Spring 2024'!$I$7 -> 222.21437
B19: F24 | C19: {=IF('Master of Masters'!K4="","",IFERROR(IF(ISNUMBER(INDIRECT("'"&'Master of Masters'!K4&"'!C6",TRUE)),INDIRECT("'"&'Master of Masters'!K4&"'!C6",TRUE),"N/A"),"N/A"))} -> 11781 | D19: {=IF('Master of Masters'!K4="","",IFERROR(IF(ISNUMBER(INDIRECT("'"&'Master of Masters'!K4&"'!F6",TRUE)),INDIRECT("'"&'Master of Masters'!K4&"'!F6",TRUE),"N/A"),"N/A"))} -> 14605 | G19: F24 | H19: {=IF('Master of Masters'!K4="","",IFERROR(IF(ISNUMBER(INDIRECT("'"&'Master of Masters'!K4&"'!C8",TRUE)),INDIRECT("'"&'Master of Masters'!K4&"'!C8",TRUE),"N/A"),"N/A"))} -> N/A | I19: {=IF('Master of Masters'!K4="","",IFERROR(IF(ISNUMBER(INDIRECT("'"&'Master of Masters'!K4&"'!F8",TRUE)),INDIRECT("'"&'Master of Masters'!K4&"'!F8",TRUE),"N/A"),"N/A"))} -> N/A | J19: {=IF('Master of Masters'!K4="","",IFERROR(IF(ISNUMBER(INDIRECT("'"&'Master of Masters'!K4&"'!I8",TRUE)),INDIRECT("'"&'Master of Masters'!K4&"'!I8",TRUE),"N/A"),"N/A"))} -> N/A | M19: F24 | N19: {=IF('Master of Masters'!K4="","",IFERROR(IF(ISNUMBER(INDIRECT("'"&'Master of Masters'!K4&"'!I6",TRUE)),INDIRECT("'"&'Master of Masters'!K4&"'!I6",TRUE),"N/A"),"N/A"))} -> 26386 | O19: =IF(N19="","",SUMPRODUCT((ISNUMBER(N$18:N19))*IF(ISNUMBER(N$18:N19),N$18:N19,0))) -> 33496.86 | Q19: F24 | R19: ='Master Fall 2024'!$C$7 -> 199.67797 | S19: ='Master Fall 2024'!$F$7 -> 231.8254 | T19: ='Master Fall 2024'!$I$7 -> 412.28125
B20: S25 | C20: {=IF('Master of Masters'!K5="","",IFERROR(IF(ISNUMBER(INDIRECT("'"&'Master of Masters'!K5&"'!C6",TRUE)),INDIRECT("'"&'Master of Masters'!K5&"'!C6",TRUE),"N/A"),"N/A"))} -> 14269 | D20: {=IF('Master of Masters'!K5="","",IFERROR(IF(ISNUMBER(INDIRECT("'"&'Master of Masters'!K5&"'!F6",TRUE)),INDIRECT("'"&'Master of Masters'!K5&"'!F6",TRUE),"N/A"),"N/A"))} -> 16804 | G20: S25 | H20: {=IF('Master of Masters'!K5="","",IFERROR(IF(ISNUMBER(INDIRECT("'"&'Master of Masters'!K5&"'!C8",TRUE)),INDIRECT("'"&'Master of Masters'!K5&"'!C8",TRUE),"N/A"),"N/A"))} -> N/A | I20: {=IF('Master of Masters'!K5="","",IFERROR(IF(ISNUMBER(INDIRECT("'"&'Master of Masters'!K5&"'!F8",TRUE)),INDIRECT("'"&'Master of Masters'!K5&"'!F8",TRUE),"N/A"),"N/A"))} -> N/A | J20: {=IF('Master of Masters'!K5="","",IFERROR(IF(ISNUMBER(INDIRECT("'"&'Master of Masters'!K5&"'!I8",TRUE)),INDIRECT("'"&'Master of Masters'!K5&"'!I8",TRUE),"N/A"),"N/A"))} -> N/A | M20: S25 | N20: {=IF('Master of Masters'!K5="","",IFERROR(IF(ISNUMBER(INDIRECT("'"&'Master of Masters'!K5&"'!I6",TRUE)),INDIRECT("'"&'Master of Masters'!K5&"'!I6",TRUE),"N/A"),"N/A"))} -> 31073 | O20: =IF(N20="","",SUMPRODUCT((ISNUMBER(N$18:N20))*IF(ISNUMBER(N$18:N20),N$18:N20,0))) -> 64569.86 | Q20: S25 | R20: ='Master Spring 2025'!$C$7 -> 237.81667 | S20: ='Master Spring 2025'!$F$7 -> 275.47541 | T20: ='Master Spring 2025'!$I$7 -> 485.51562
B21: F25 | C21: {=IF('Master of Masters'!K6="","",IFERROR(IF(ISNUMBER(INDIRECT("'"&'Master of Masters'!K6&"'!C6",TRUE)),INDIRECT("'"&'Master of Masters'!K6&"'!C6",TRUE),"N/A"),"N/A"))} -> 20069 | D21: {=IF('Master of Masters'!K6="","",IFERROR(IF(ISNUMBER(INDIRECT("'"&'Master of Masters'!K6&"'!F6",TRUE)),INDIRECT("'"&'Master of Masters'!K6&"'!F6",TRUE),"N/A"),"N/A"))} -> 16525 | G21: F25 | H21: {=IF('Master of Masters'!K6="","",IFERROR(IF(ISNUMBER(INDIRECT("'"&'Master of Masters'!K6&"'!C8",TRUE)),INDIRECT("'"&'Master of Masters'!K6&"'!C8",TRUE),"N/A"),"N/A"))} -> 51.42 | I21: {=IF('Master of Masters'!K6="","",IFERROR(IF(ISNUMBER(INDIRECT("'"&'Master of Masters'!K6&"'!F8",TRUE)),INDIRECT("'"&'Master of Masters'!K6&"'!F8",TRUE),"N/A"),"N/A"))} -> 41.84 | J21: {=IF('Master of Masters'!K6="","",IFERROR(IF(ISNUMBER(INDIRECT("'"&'Master of Masters'!K6&"'!I8",TRUE)),INDIRECT("'"&'Master of Masters'!K6&"'!I8",TRUE),"N/A"),"N/A"))} -> 46.41 | M21: F25 | N21: {=IF('Master of Masters'!K6="","",IFERROR(IF(ISNUMBER(INDIRECT("'"&'Master of Masters'!K6&"'!I6",TRUE)),INDIRECT("'"&'Master of Masters'!K6&"'!I6",TRUE),"N/A"),"N/A"))} -> 36594 | O21: =IF(N21="","",SUMPRODUCT((ISNUMBER(N$18:N21))*IF(ISNUMBER(N$18:N21),N$18:N21,0))) -> 101163.86 | Q21: F25 | R21: ='Master Fall 2025'!$C$7 -> 271.88 | S21: ='Master Fall 2025'!$F$7 -> 266.82 | T21: ='Master Fall 2025'!$I$7 -> 502.7
B22: S26 | C22: {=IF('Master of Masters'!K7="","",IFERROR(IF(ISNUMBER(INDIRECT("'"&'Master of Masters'!K7&"'!C6",TRUE)),INDIRECT("'"&'Master of Masters'!K7&"'!C6",TRUE),"N/A"),"N/A"))} -> 17917 | D22: {=IF('Master of Masters'!K7="","",IFERROR(IF(ISNUMBER(INDIRECT("'"&'Master of Masters'!K7&"'!F6",TRUE)),INDIRECT("'"&'Master of Masters'!K7&"'!F6",TRUE),"N/A"),"N/A"))} -> 16092 | G22: S26* | H22: {=IF('Master of Masters'!K7="","",IFERROR(IF(ISNUMBER(INDIRECT("'"&'Master of Masters'!K7&"'!C8",TRUE)),INDIRECT("'"&'Master of Masters'!K7&"'!C8",TRUE),"N/A"),"N/A"))} -> 60.990582 | I22: {=IF('Master of Masters'!K7="","",IFERROR(IF(ISNUMBER(INDIRECT("'"&'Master of Masters'!K7&"'!F8",TRUE)),INDIRECT("'"&'Master of Masters'!K7&"'!F8",TRUE),"N/A"),"N/A"))} -> 42.434844 | J22: {=IF('Master of Masters'!K7="","",IFERROR(IF(ISNUMBER(INDIRECT("'"&'Master of Masters'!K7&"'!I8",TRUE)),INDIRECT("'"&'Master of Masters'!K7&"'!I8",TRUE),"N/A"),"N/A"))} -> 50.534684 | M22: S26 | N22: {=IF('Master of Masters'!K7="","",IFERROR(IF(ISNUMBER(INDIRECT("'"&'Master of Masters'!K7&"'!I6",TRUE)),INDIRECT("'"&'Master of Masters'!K7&"'!I6",TRUE),"N/A"),"N/A"))} -> 34009 | O22: =IF(N22="","",SUMPRODUCT((ISNUMBER(N$18:N22))*IF(ISNUMBER(N$18:N22),N$18:N22,0))) -> 135172.86 | Q22: S26* | R22: ='Master Spring 2026'!$C$7 -> 267.41791 | S22: ='Master Spring 2026'!$F$7 -> 255.42857 | T22: ='Master Spring 2026'!$I$7 -> 507.59701
G26: CO₂e Avoided
E27: Total lbs/hr | G27: Semester | H27: CO₂e (lbs) | I27: CO₂e (tons) | J27: *Miles Not Driven
G28: S24 | H28: {=IF('Master of Masters'!K3="","",IFERROR(IF(ISNUMBER(INDIRECT("'"&'Master of Masters'!K3&"'!I12",TRUE)),INDIRECT("'"&'Master of Masters'!K3&"'!I12",TRUE),"N/A"),"N/A"))} -> 4519.1649 | I28: =IF(H28="","",IF(NOT(ISNUMBER(H28)),"N/A",ROUND(H28/2000,2))) -> 2.26 | J28: =IF(H28="","",IF(NOT(ISNUMBER(H28)),"N/A",ROUND(H28/0.891,0))) -> 5072
G29: F24 | H29: {=IF('Master of Masters'!K4="","",IFERROR(IF(ISNUMBER(INDIRECT("'"&'Master of Masters'!K4&"'!I12",TRUE)),INDIRECT("'"&'Master of Masters'!K4&"'!I12",TRUE),"N/A"),"N/A"))} -> 16769.095 | I29: =IF(H29="","",IF(NOT(ISNUMBER(H29)),"N/A",ROUND(H29/2000,2))) -> 8.38 | J29: =IF(H29="","",IF(NOT(ISNUMBER(H29)),"N/A",ROUND(H29/0.891,0))) -> 18821
G30: S25 | H30: {=IF('Master of Masters'!K5="","",IFERROR(IF(ISNUMBER(INDIRECT("'"&'Master of Masters'!K5&"'!I12",TRUE)),INDIRECT("'"&'Master of Masters'!K5&"'!I12",TRUE),"N/A"),"N/A"))} -> 19747.824 | I30: =IF(H30="","",IF(NOT(ISNUMBER(H30)),"N/A",ROUND(H30/2000,2))) -> 9.87 | J30: =IF(H30="","",IF(NOT(ISNUMBER(H30)),"N/A",ROUND(H30/0.891,0))) -> 22164
G31: F25 | H31: {=IF('Master of Masters'!K6="","",IFERROR(IF(ISNUMBER(INDIRECT("'"&'Master of Masters'!K6&"'!I12",TRUE)),INDIRECT("'"&'Master of Masters'!K6&"'!I12",TRUE),"N/A"),"N/A"))} -> 23256.585 | I31: =IF(H31="","",IF(NOT(ISNUMBER(H31)),"N/A",ROUND(H31/2000,2))) -> 11.63 | J31: =IF(H31="","",IF(NOT(ISNUMBER(H31)),"N/A",ROUND(H31/0.891,0))) -> 26102
G32: S26 | H32: {=IF('Master of Masters'!K7="","",IFERROR(IF(ISNUMBER(INDIRECT("'"&'Master of Masters'!K7&"'!I12",TRUE)),INDIRECT("'"&'Master of Masters'!K7&"'!I12",TRUE),"N/A"),"N/A"))} -> 21613.74 | I32: =IF(H32="","",IF(NOT(ISNUMBER(H32)),"N/A",ROUND(H32/2000,2))) -> 10.81 | J32: =IF(H32="","",IF(NOT(ISNUMBER(H32)),"N/A",ROUND(H32/0.891,0))) -> 24258
G33: * EPA avg passenger vehicle: 404 g CO₂/mile (0.891 lb CO₂e/mile)

Sheet Master Spring 2024
C1: Spring 2024 Composting Data
A3: # of ambassadors
A4: 8
B5: S24 Mainfare Total Data | E5: S24 Butterfield Total Data | H5: S24 Total Data
B6: Total lbs | C6: NA | E6: Total lbs | F6: NA | H6: Total lbs | I6: =IFERROR(__xludf.DUMMYFUNCTION("SUM(IMPORTRANGE(""1CwrjPhJINZWO4jEU_saNz0V1dzS-UwSgU5fMaUfZ7VY"",""'S24'!M2:M282""))"),7110.86) -> 7110.86
B7: avg lb p/day | C7: NA | E7: avg lb p/day | F7: NA | H7: avg lb p/day | I7: =IFERROR(__xludf.DUMMYFUNCTION("AVERAGE(IMPORTRANGE(""1CwrjPhJINZWO4jEU_saNz0V1dzS-UwSgU5fMaUfZ7VY"",""'S24'!M2:M282""))"),222.214375) -> 222.21437
B8: Total lbs/hr | C8: NA | E8: Total lbs/hr | F8: NA | H8: Total lbs/hr | I8: NA
B9: avg ambassador lb p/hr | C9: NA | E9: avg ambassador lb p/hr | F9: NA | H9: avg ambassador lb p/hr | I9: NA
B10: Total hours | C10: NA | E10: Total hours | F10: NA | H10: Total hours | I10: NA
B11: avg hrs/day | C11: NA | E11: avg hrs/day | F11: NA | H11: avg hrs/day | I11: NA
B12: Impact [lbs of Co2e] | C12: NA | E12: Impact [lbs of Co2e] | F12: NA | H12: Impact [lbs of Co2e] | I12: =(I6*'Impact Calculations'!G5)*2000 -> 4519.1649
B15: S24 Mainfare Weekday Data | E15: S24 Butterfield Weekday Data | H15: S24 Total Weekday Data
B16: avg MF wkdy | C16: Avg lb's/WD | E16: avg BF wkdy | F16: Avg lb's/WD | H16: avg wkdy | I16: Avg lb's/WD
B17: Mon | C17: NA | E17: Mon | F17: NA | H17: Mon | I17: 294.14286
B18: Tues | C18: NA | E18: Tues | F18: NA | H18: Tues | I18: 377.11
B19: Wed | C19: NA | E19: Wed | F19: NA | H19: Wed | I19: 189.035
B20: Thur | C20: NA | E20: Thur | F20: NA | H20: Thur | I20: 188.58333
B21: Fri | C21: NA | E21: Fri | F21: NA | H21: Fri | I21: 45.063333
B37: [all time] shifts worked: | D37: =sum(D40:D46) -> 85
B38: Ambassador Data
B39: Ambassador | C39: total lbs | D39: shifts worked | E39: lb/shift
B40: Westin Palumbo | C40: 763.71 | D40: 14 | E40: =C40/D40 -> 54.550714
B41: Bitanya Hailu | C41: 2806 | D41: 17 | E41: =C41/D41 -> 165.05882
B42: Skyler Bobinski | C42: 1133.5 | D42: 12 | E42: =C42/D42 -> 94.458333
B43: Kayleigh Omealia | C43: 1038.65 | D43: 22 | E43: =C43/D43 -> 47.211364
B44: Rushil Nepal | C44: 232 | D44: 2 | E44: =C44/D44 -> 116
B45: Katie Field | C45: 1922 | D45: 17 | E45: =C45/D45 -> 113.05882
B46: Lizzie Welch | C46: 124 | D46: 1 | E46: =C46/D46 -> 124

Sheet Master Fall 2024
C1: Fall 2024 Composting Data
A3: # of ambassadors
A4: 10
B5: F24 Mainfare Total Data | E5: F24 Butterfield Total Data | H5: F24 Total Data
B6: Total lbs | C6: =IFERROR(__xludf.DUMMYFUNCTION("SUM(IMPORTRANGE(""1CwrjPhJINZWO4jEU_saNz0V1dzS-UwSgU5fMaUfZ7VY"",""'F24'!N2:N282""))"),11781.0) -> 11781 | E6: Total lbs | F6: =IFERROR(__xludf.DUMMYFUNCTION("SUM(IMPORTRANGE(""1CwrjPhJINZWO4jEU_saNz0V1dzS-UwSgU5fMaUfZ7VY"",""'F24'!O2:O282""))"),14605.0) -> 14605 | H6: Total lbs | I6: =IFERROR(__xludf.DUMMYFUNCTION("SUM(IMPORTRANGE(""1CwrjPhJINZWO4jEU_saNz0V1dzS-UwSgU5fMaUfZ7VY"",""'F24'!P2:P282""))"),26386.0) -> 26386
B7: avg lb p/day | C7: =IFERROR(__xludf.DUMMYFUNCTION("AVERAGE(IMPORTRANGE(""1CwrjPhJINZWO4jEU_saNz0V1dzS-UwSgU5fMaUfZ7VY"",""'F24'!N2:N282""))"),199.67796610169492) -> 199.67797 | E7: avg lb p/day | F7: =IFERROR(__xludf.DUMMYFUNCTION("AVERAGE(IMPORTRANGE(""1CwrjPhJINZWO4jEU_saNz0V1dzS-UwSgU5fMaUfZ7VY"",""'F24'!O2:O282""))"),231.82539682539684) -> 231.8254 | H7: avg lb p/day | I7: =IFERROR(__xludf.DUMMYFUNCTION("average(IMPORTRANGE(""1CwrjPhJINZWO4jEU_saNz0V1dzS-UwSgU5fMaUfZ7VY"",""'F24'!P2:P282""))"),412.28125) -> 412.28125
B8: Total lbs/hr | C8: NA | E8: Total lbs/hr | F8: NA | H8: Total lbs/hr | I8: NA
B9: avg ambassador lb p/hr | C9: NA | E9: avg ambassador lb p/hr | F9: NA | H9: avg ambassador lb p/hr | I9: NA
B10: Total hours | C10: NA | E10: Total hours | F10: NA | H10: Total hours | I10: NA
B11: avg hrs/day | C11: NA | E11: avg hrs/day | F11: NA | H11: avg hrs/day | I11: NA
B12: Impact [lbs of Co2e] | C12: =(C6*'Impact Calculations'!G5)*2000 -> 7487.1789 | E12: Impact [lbs of Co2e] | F12: =(F6*'Impact Calculations'!G5)*2000 -> 9281.9157 | H12: Impact [lbs of Co2e] | I12: =(I6*'Impact Calculations'!G5)*2000 -> 16769.095
B15: F24 Mainfare Weekday Data | E15: F24 Butterfield Weekday Data | H15: F24 Total Weekday Data
B16: avg MF wkdy | C16: Avg lb's/WD | E16: avg BF wkdy | F16: Avg lb's/WD | H16: avg wkdy | I16: Avg lb's/WD
B17: Mon | C17: 188.21429 | E17: Mon | F17: 185.64286 | H17: Mon | I17: 340.52381
B18: Tues | C18: 129.5 | E18: Tues | F18: 263.8 | H18: Tues | I18: 339.86667
B19: Wed | C19: 266.92308 | E19: Wed | F19: 244.15385 | H19: Wed | I19: 495.84615
B20: Thur | C20: 138.30769 | E20: Thur | F20: 321.8125 | H20: Thur | I20: 377.9
B21: Fri | C21: 249.23077 | E21: Fri | F21: 138.08333 | H21: Fri | I21: 340.6
B37: [all time] shifts worked: | D37: =sum(D40:D49) -> 277
B38: Ambassador Data
B39: Ambassador | C39: total lbs | D39: shifts worked | E39: lb/shift
B40: Skyler Bobinski | C40: 1742 | D40: 32 | E40: 54.438
B41: Bitanya Hailu | C41: 1432 | D41: 11 | E41: 130.182
B42: astou dieng | C42: 1474 | D42: 20 | E42: 73.7
B43: Lucas Meier | C43: 440 | D43: 9 | E43: 48.889
B44: Tyson Enes | C44: 990 | D44: 19 | E44: 52.105
B45: Westin Palumbo | C45: 1584 | D45: 32 | E45: 49.5
B46: Cassidy Haskell | C46: 1481 | D46: 22 | E46: 67.318
B47: Lizzie Welch | C47: 7855 | D47: 56 | E47: 140.268
B48: Kaya Pernini | C48: 7101 | D48: 57 | E48: 124.579
B49: Kayleigh O’mealia | C49: 1711 | D49: 19 | E49: 90.053

Sheet Master Spring 2025
C1: Spring 2025 Composting Data
A3: # of ambassadors
A4: 13
B5: S25 Mainfare Total Data | E5: S25 Butterfield Total Data | H5: S25 Total Data
B6: Total lbs | C6: =IFERROR(__xludf.DUMMYFUNCTION("SUM(IMPORTRANGE(""1CwrjPhJINZWO4jEU_saNz0V1dzS-UwSgU5fMaUfZ7VY"",""'S25'!N2:N282""))"),14269.0) -> 14269 | E6: Total lbs | F6: =IFERROR(__xludf.DUMMYFUNCTION("SUM(IMPORTRANGE(""1CwrjPhJINZWO4jEU_saNz0V1dzS-UwSgU5fMaUfZ7VY"",""'S25'!O2:O282""))"),16804.0) -> 16804 | H6: Total lbs | I6: =IFERROR(__xludf.DUMMYFUNCTION("SUM(IMPORTRANGE(""1CwrjPhJINZWO4jEU_saNz0V1dzS-UwSgU5fMaUfZ7VY"",""'S25'!P2:P282""))"),31073.0) -> 31073
B7: avg lb p/day | C7: =IFERROR(__xludf.DUMMYFUNCTION("AVERAGE(IMPORTRANGE(""1CwrjPhJINZWO4jEU_saNz0V1dzS-UwSgU5fMaUfZ7VY"",""'S25'!N2:N282""))"),237.81666666666666) -> 237.81667 | E7: avg lb p/day | F7: =IFERROR(__xludf.DUMMYFUNCTION("AVERAGE(IMPORTRANGE(""1CwrjPhJINZWO4jEU_saNz0V1dzS-UwSgU5fMaUfZ7VY"",""'S25'!O2:O282""))"),275.4754098360656) -> 275.47541 | H7: avg lb p/day | I7: =IFERROR(__xludf.DUMMYFUNCTION("AVERAGE(IMPORTRANGE(""1CwrjPhJINZWO4jEU_saNz0V1dzS-UwSgU5fMaUfZ7VY"",""'S25'!P2:P282""))"),485.515625) -> 485.51562
B8: Total lbs/hr | C8: NA | E8: Total lbs/hr | F8: NA | H8: Total lbs/hr | I8: NA
B9: avg ambassador lb p/hr | C9: NA | E9: avg ambassador lb p/hr | F9: NA | H9: avg ambassador lb p/hr | I9: NA
B10: Total hours | C10: NA | E10: Total hours | F10: NA | H10: Total hours | I10: NA
B11: avg hrs/day | C11: NA | E11: avg hrs/day | F11: NA | H11: avg hrs/day | I11: NA
B12: Impact [lbs of Co2e] | C12: =(C6*'Impact Calculations'!G5)*2000 -> 9068.3776 | E12: Impact [lbs of Co2e] | F12: =(F6*'Impact Calculations'!G5)*2000 -> 10679.446 | H12: Impact [lbs of Co2e] | I12: =(I6*'Impact Calculations'!G5)*2000 -> 19747.824
B15: S25 Mainfare Weekday Data | E15: S25 Butterfield Weekday Data | H15: S25 Total Weekday Data
B16: avg MF wkdy | C16: Avg lb's/WD | E16: avg BF wkdy | F16: Avg lb's/WD | H16: avg wkdy | I16: Avg lb's/WD
B17: Mon | C17: 236.54545 | E17: Mon | F17: 375.66667 | H17: Mon | I17: 592.5
B18: Tues | C18: 218.5 | E18: Tues | F18: 322.33333 | H18: Tues | I18: 499.23077
B19: Wed | C19: 231.84615 | E19: Wed | F19: 277.46154 | H19: Wed | I19: 509.30769
B20: Thur | C20: 230.08333 | E20: Thur | F20: 265.38462 | H20: Thur | I20: 477.76923
B21: Fri | C21: 272.5 | E21: Fri | F21: 133 | H21: Fri | I21: 364.07692
B37: [all time] shifts worked: | D37: =sum(D40:D46) -> 147
B38: Ambassador Data
B39: Ambassador | C39: total lbs | D39: shifts worked | E39: lb/shift
B40: Kaitlyn Deierlein | C40: 2162 | D40: 27 | E40: 80.074074
B41: Lizzle Welch | C41: 2760 | D41: 22 | E41: 125.45455
B42: Kaya Pernini | C42: 4882 | D42: 29 | E42: 168.34483
B43: Maureen Surgot | C43: 3738 | D43: 22 | E43: 169.90909
B44: Kate Stanwood | C44: 2518 | D44: 21 | E44: 119.90476
B45: Anna Cunha | C45: 775 | D45: 3 | E45: 258.33333
B46: Marley Ahlijanian | C46: 2217 | D46: 23 | E46: 96.391304
B47: Bitanya Hailu | C47: 1250 | D47: 7 | E47: 178.57143
B48: Leisly Aceituno | C48: 3283 | D48: 31 | E48: 105.90323
B49: Sarah Wilme | C49: 1841 | D49: 13 | E49: 141.61538
B50: Tyson Enes | C50: 2910 | D50: 22 | E50: 132.27273
B51: Brynn Hornig | C51: 1645 | D51: 21 | E51: 78.333333
B52: Skyler Bobinski | C52: 1184 | D52: 21 | E52: 56.380952

Sheet Master Fall 2025
C1: Fall 2025 Composting Data
A3: # of ambassadors
A4: 14
B5: F25 Mainfare Total Data | E5: F25 Butterfield Total Data | H5: F25 Total Data
B6: Total lbs | C6: 20069 | E6: Total lbs | F6: 16525 | H6: Total lbs | I6: 36594
B7: avg lb p/day | C7: 271.88 | E7: avg lb p/day | F7: 266.82 | H7: avg lb p/day | I7: 502.7
B8: Total lbs/hr | C8: 51.42 | E8: Total lbs/hr | F8: 41.84 | H8: Total lbs/hr | I8: 46.41
B9: avg ambassador lb p/hr | C9: 56.36 | E9: avg ambassador lb p/hr | F9: 45.2 | H9: avg ambassador lb p/hr | I9: 50.98
B10: Total hours | C10: 270.43 | E10: Total hours | F10: 296.63 | H10: Total hours | I10: 567.07
B11: avg hrs/day | C11: 0.2253588 | E11: avg hrs/day | F11: 0.26297454 | H11: avg hrs/day | I11: 0.454375
B12: Impact [lbs of Co2e] | C12: =(C6*'Impact Calculations'!G5)*2000 -> 12754.452 | E12: Impact [lbs of Co2e] | F12: =(F6*'Impact Calculations'!G5)*2000 -> 10502.133 | H12: Impact [lbs of Co2e] | I12: =(I6*'Impact Calculations'!G5)*2000 -> 23256.585
B15: F25 Mainfare Weekday Data | E15: F25 Butterfield Weekday Data | H15: F25 Total Weekday Data
B16: avg MF wkdy | C16: Avg lb's/WD | E16: avg BF wkdy | F16: Avg lb's/WD | H16: avg wkdy | I16: Avg lb's/WD
B17: Mon | C17: 338 | E17: Mon | F17: 370 | H17: Mon | I17: 708
B18: Tues | C18: 163 | E18: Tues | F18: 310 | H18: Tues | I18: 473
B19: Wed | C19: 346 | E19: Wed | F19: 230 | H19: Wed | I19: 576
B20: Thur | C20: 224 | E20: Thur | F20: 262 | H20: Thur | I20: 485
B21: Fri | C21: 321 | E21: Fri | F21: 76 | H21: Fri | I21: 397
B22: avg MF wkdy | C22: Avg lb's/hr/WD | E22: avg BF wkdy | F22: Avg lb's/hr/WD | H22: avg wkdy | I22: Avg lb's/hr/WD
B23: Mon | C23: 46.38 | E23: Mon | F23: 50.32 | H23: Mon | I23: 45.57
B24: Tues | C24: 46.56 | E24: Tues | F24: 37.38 | H24: Tues | I24: 36.22
B25: Wed | C25: 70.05 | E25: Wed | F25: 40.01 | H25: Wed | I25: 54.52
B26: Thur | C26: 42.65 | E26: Thur | F26: 45.15 | H26: Thur | I26: 42.87
B27: Fri | C27: 65.42 | E27: Fri | F27: 49.25 | H27: Fri | I27: 60.16
B28: avg MF wkdy | C28: Avg hr/WD | E28: avg BF wkdy | F28: Avg hr/WD | H28: avg wkdy | I28: Avg hr/WD
B29: Mon | C29: 0.30637731 | E29: Mon | F29: 0.33597222 | H29: Mon | I29: 0.61180556
B30: Tues | C30: 0.14881944 | E30: Tues | F30: 0.32893519 | H30: Tues | I30: 0.45295139
B31: Wed | C31: 0.23819444 | E31: Wed | F31: 0.25269676 | H31: Wed | I31: 0.4628125
B32: Thur | C32: 0.21020833 | E32: Thur | F32: 0.26166667 | H32: Thur | I32: 0.471875
B33: Fri | C33: 0.21638889 | E33: Fri | F33: 0.059224537 | H33: Fri | I33: 0.25784722
B37: [all time] shifts worked: | D37: 307 | K37: [all time] shifts missed | M37: 35
B38: Ambassador Data
B39: Ambassador | C39: total lbs | D39: True total lbs | E39: score | F39: avg period | G39: expected shifts as of 12/12/2025 | H39: shifts worked | I39: called out shifts | J39: skipped shifts | K39: total hrs | L39: lb/hr | M39: lb/shift
A40: FALSE | B40: Orpheus Wilson | C40: 3001 | D40: 3878 | E40: 1.4095 | F40: Lunch | G40: 30 | H40: 25 | I40: 0 | J40: 5 | K40: 1.65625 | L40: 75.5 | M40: 120.04
A41: FALSE | B41: Greta Traynor | C41: 1997 | D41: 2374 | E41: 0.9804 | F41: Lunch | G41: 38 | H41: 32 | I41: 3 | J41: 3 | K41: 1.8645833 | L41: 44.63 | M41: 62.41
A42: FALSE | B42: Emma Korsu | C42: 1329 | D42: 2308 | E42: 1.16 | F42: Lunch | G42: 10 | H42: 9 | I42: 2 | J42: -1 | K42: 1.0402778 | L42: 53.23 | M42: 147.67
A43: FALSE | B43: Emmett Khan | C43: 4323 | D43: 5631 | E43: 1.1714 | F43: Dinner | G43: 41 | H43: 33 | I43: 4 | J43: 4 | K43: 3.0527778 | L43: 59 | M43: 131
A44: TRUE | B44: Sarah Wilme | C44: 1699 | D44: 2644 | E44: 0.904 | F44: Dinner | G44: 30 | H44: 15 | I44: 3 | J44: 12 | K44: 2.25 | L44: 31.46 | M44: 113.27
A45: FALSE | B45: Maureen Surgot | C45: 3119 | D45: 3952 | E45: 0.8023 | F45: Lunch | G45: 31 | H45: 28 | I45: 1 | J45: 2 | K45: 3.0659722 | L45: 42.39 | M45: 111.39
A46: FALSE | B46: Brynn Hornig | C46: 2692 | D46: 3307 | E46: 0.8898 | F46: Lunch | G46: 31 | H46: 33 | I46: 0 | J46: -2 | K46: 2.8743056 | L46: 39.02 | M46: 81.58
A47: FALSE | B47: Leisly Aceituno | C47: 89 | D47: 767 | E47: 0.7411 | F47: Dinner | G47: 11 | H47: 2 | I47: 0 | J47: 9 | K47: 0.10416667 | L47: 35.6 | M47: 44.5
A48: FALSE | B48: Kaylie Forgue | C48: 4195 | D48: 4947 | E48: 0.9223 | F48: Dinner | G48: 30 | H48: 28 | I48: 2 | J48: 0 | K48: 3.5243056 | L48: 49.6 | M48: 149.82
A49: FALSE | B49: Evan Morgan | C49: 800 | D49: 800 | E49: 1.0012 | F49: Breakfast | G49: 19 | H49: 11 | I49: 1 | J49: 7 | K49: 1.3916667 | L49: 23.95 | M49: 72.73
A50: FALSE | B50: Elliott Haber | C50: 1076 | D50: 1076 | E50: 0.8378 | F50: Dinner | G50: 7 | H50: 8 | I50: 1 | J50: -2 | K50: 0.85902778 | L50: 52.19 | M50: 134.5
A51: FALSE | B51: Oluwatimilehin Shodipe | C51: 798 | D51: 798 | E51: 1.1178 | F51: Breakfast/Lunch | G51: 8 | H51: 8 | I51: 0 | J51: 0 | K51: 0.55763889 | L51: 59.63 | M51: 99.75
... A53: FALSE | B53: Kyra Turner | C53: 659 | D53: 659 | E53: 1.0059 | F53: Dinner | G53: 7 | H53: 6 | I53: 1 | J53: 0 | K53: 0.60833333 | L53: 45.14 | M53: 109.83

Sheet Master Spring 2026
C1: Spring 2026 Composting Data
A3: =IFERROR(__xludf.DUMMYFUNCTION("IMPORTRANGE(""https://docs.google.com/spreadsheets/d/1P6EripOCRq6G1GNfS6HgdpZe7urZNpBheFHpX0WVjzc/edit?gid=1185132683#gid=1185132683"",""'Master Sheet'!A1:I31"")"),"# of ambassadors") -> # of ambassadors
A4: =IFERROR(__xludf.DUMMYFUNCTION("""COMPUTED_VALUE"""),14.0) -> 14
B5: =IFERROR(__xludf.DUMMYFUNCTION("""COMPUTED_VALUE"""),"Mainfare Total Data") -> Mainfare Total Data | E5: =IFERROR(__xludf.DUMMYFUNCTION("""COMPUTED_VALUE"""),"Butterfield Total Data") -> Butterfield Total Data | H5: =IFERROR(__xludf.DUMMYFUNCTION("""COMPUTED_VALUE"""),"Total Data") -> Total Data
A6: =IFERROR(__xludf.DUMMYFUNCTION("""COMPUTED_VALUE"""),"The total lbs collected (since hrs data been collected)") -> The total lbs collected (since hrs data been collected) | B6: =IFERROR(__xludf.DUMMYFUNCTION("""COMPUTED_VALUE"""),"Total lbs") -> Total lbs | C6: =IFERROR(__xludf.DUMMYFUNCTION("""COMPUTED_VALUE"""),17917.0) -> 17917 | E6: =IFERROR(__xludf.DUMMYFUNCTION("""COMPUTED_VALUE"""),"Total lbs") -> Total lbs | F6: =IFERROR(__xludf.DUMMYFUNCTION("""COMPUTED_VALUE"""),16092.0) -> 16092 | H6: =IFERROR(__xludf.DUMMYFUNCTION("""COMPUTED_VALUE"""),"Total lbs") -> Total lbs | I6: =IFERROR(__xludf.DUMMYFUNCTION("""COMPUTED_VALUE"""),34009.0) -> 34009
A7: =IFERROR(__xludf.DUMMYFUNCTION("""COMPUTED_VALUE"""),"The average of the total lbs collected each day (since hrs data been collected)") -> The average of the total lbs collected each day (since hrs data been collected) | B7: =IFERROR(__xludf.DUMMYFUNCTION("""COMPUTED_VALUE"""),"avg lb p/wrkday") -> avg lb p/wrkday | C7: =IFERROR(__xludf.DUMMYFUNCTION("""COMPUTED_VALUE"""),267.4179104477612) -> 267.41791 | E7: =IFERROR(__xludf.DUMMYFUNCTION("""COMPUTED_VALUE"""),"avg lb p/wrkday") -> avg lb p/wrkday | F7: =IFERROR(__xludf.DUMMYFUNCTION("""COMPUTED_VALUE"""),255.42857142857144) -> 255.42857 | H7: =IFERROR(__xludf.DUMMYFUNCTION("""COMPUTED_VALUE"""),"avg lb p/wrkday") -> avg lb p/wrkday | I7: =IFERROR(__xludf.DUMMYFUNCTION("""COMPUTED_VALUE"""),507.5970149253731) -> 507.59701
A8: =IFERROR(__xludf.DUMMYFUNCTION("""COMPUTED_VALUE"""),"The total lbs collected over the total hours worked") -> The total lbs collected over the total hours worked | B8: =IFERROR(__xludf.DUMMYFUNCTION("""COMPUTED_VALUE"""),"Total lbs/hr") -> Total lbs/hr | C8: =IFERROR(__xludf.DUMMYFUNCTION("""COMPUTED_VALUE"""),60.99058209418418) -> 60.990582 | E8: =IFERROR(__xludf.DUMMYFUNCTION("""COMPUTED_VALUE"""),"Total lbs/hr") -> Total lbs/hr | F8: =IFERROR(__xludf.DUMMYFUNCTION("""COMPUTED_VALUE"""),42.43484375703223) -> 42.434844 | H8: =IFERROR(__xludf.DUMMYFUNCTION("""COMPUTED_VALUE"""),"Total lbs/hr") -> Total lbs/hr | I8: =IFERROR(__xludf.DUMMYFUNCTION("""COMPUTED_VALUE"""),50.53468387027706) -> 50.534684
A9: =IFERROR(__xludf.DUMMYFUNCTION("""COMPUTED_VALUE"""),"The average of the hourly rate of each ambassador") -> The average of the hourly rate of each ambassador | B9: =IFERROR(__xludf.DUMMYFUNCTION("""COMPUTED_VALUE"""),"avg ambassador lb p/hr") -> avg ambassador lb p/hr | C9: =IFERROR(__xludf.DUMMYFUNCTION("""COMPUTED_VALUE"""),58.966613390488156) -> 58.966613 | E9: =IFERROR(__xludf.DUMMYFUNCTION("""COMPUTED_VALUE"""),"avg ambassador lb p/hr") -> avg ambassador lb p/hr | F9: =IFERROR(__xludf.DUMMYFUNCTION("""COMPUTED_VALUE"""),42.696513299901056) -> 42.696513 | H9: =IFERROR(__xludf.DUMMYFUNCTION("""COMPUTED_VALUE"""),"avg ambassador lb p/hr") -> avg ambassador lb p/hr | I9: =IFERROR(__xludf.DUMMYFUNCTION("""COMPUTED_VALUE"""),51.29753596732159) -> 51.297536
A10: =IFERROR(__xludf.DUMMYFUNCTION("""COMPUTED_VALUE"""),"The total hours worked") -> The total hours worked | B10: =IFERROR(__xludf.DUMMYFUNCTION("""COMPUTED_VALUE"""),"Total hours") -> Total hours | C10: =IFERROR(__xludf.DUMMYFUNCTION("""COMPUTED_VALUE"""),293.7666666688281) -> 293.76667 | E10: =IFERROR(__xludf.DUMMYFUNCTION("""COMPUTED_VALUE"""),"Total hours") -> Total hours | F10: =IFERROR(__xludf.DUMMYFUNCTION("""COMPUTED_VALUE"""),379.21666666519207) -> 379.21667 | H10: =IFERROR(__xludf.DUMMYFUNCTION("""COMPUTED_VALUE"""),"Total hours") -> Total hours | I10: =IFERROR(__xludf.DUMMYFUNCTION("""COMPUTED_VALUE"""),672.9833333340202) -> 672.98333
A11: =IFERROR(__xludf.DUMMYFUNCTION("""COMPUTED_VALUE"""),"The average of all of the hours worked each day") -> The average of all of the hours worked each day | B11: =IFERROR(__xludf.DUMMYFUNCTION("""COMPUTED_VALUE"""),"avg hrs/day") -> avg hrs/day | C11: =IFERROR(__xludf.DUMMYFUNCTION("""COMPUTED_VALUE"""),0.18269071310250506) -> 0.18269071 | E11: =IFERROR(__xludf.DUMMYFUNCTION("""COMPUTED_VALUE"""),"avg hrs/day") -> avg hrs/day | F11: =IFERROR(__xludf.DUMMYFUNCTION("""COMPUTED_VALUE"""),0.25080467372036513) -> 0.25080467 | H11: =IFERROR(__xludf.DUMMYFUNCTION("""COMPUTED_VALUE"""),"avg hrs/day") -> avg hrs/day | I11: =IFERROR(__xludf.DUMMYFUNCTION("""COMPUTED_VALUE"""),0.4185219734664305) -> 0.41852197
A12: =IFERROR(__xludf.DUMMYFUNCTION("""COMPUTED_VALUE"""),"The number of lbs of CO2 not emitted due to diversion") -> The number of lbs of CO2 not emitted due to diversion | B12: =IFERROR(__xludf.DUMMYFUNCTION("""COMPUTED_VALUE"""),"Impact [lbs of Co2e]") -> Impact [lbs of Co2e] | C12: =IFERROR(__xludf.DUMMYFUNCTION("""COMPUTED_VALUE"""),11386.791009999997) -> 11386.791 | E12: =IFERROR(__xludf.DUMMYFUNCTION("""COMPUTED_VALUE"""),"Impact [lbs of Co2e]") -> Impact [lbs of Co2e] | F12: =IFERROR(__xludf.DUMMYFUNCTION("""COMPUTED_VALUE"""),10226.94876) -> 10226.949 | H12: =IFERROR(__xludf.DUMMYFUNCTION("""COMPUTED_VALUE"""),"Impact [lbs of Co2e]") -> Impact [lbs of Co2e] | I12: =IFERROR(__xludf.DUMMYFUNCTION("""COMPUTED_VALUE"""),21613.73977) -> 21613.74
B15: =IFERROR(__xludf.DUMMYFUNCTION("""COMPUTED_VALUE"""),"Mainfare Weekday Data") -> Mainfare Weekday Data | E15: =IFERROR(__xludf.DUMMYFUNCTION("""COMPUTED_VALUE"""),"Butterfield Weekday Data") -> Butterfield Weekday Data | H15: =IFERROR(__xludf.DUMMYFUNCTION("""COMPUTED_VALUE"""),"Total Weekday Data") -> Total Weekday Data
B16: =IFERROR(__xludf.DUMMYFUNCTION("""COMPUTED_VALUE"""),"avg MF wkdy") -> avg MF wkdy | C16: =IFERROR(__xludf.DUMMYFUNCTION("""COMPUTED_VALUE"""),"Avg lb's/WD") -> Avg lb's/WD | D16: =IFERROR(__xludf.DUMMYFUNCTION("""COMPUTED_VALUE"""),"weekdays") -> weekdays | E16: =IFERROR(__xludf.DUMMYFUNCTION("""COMPUTED_VALUE"""),"avg BF wkdy") -> avg BF wkdy | F16: =IFERROR(__xludf.DUMMYFUNCTION("""COMPUTED_VALUE"""),"Avg lb's/WD") -> Avg lb's/WD | H16: =IFERROR(__xludf.DUMMYFUNCTION("""COMPUTED_VALUE"""),"avg wkdy") -> avg wkdy | I16: =IFERROR(__xludf.DUMMYFUNCTION("""COMPUTED_VALUE"""),"Avg lb's/WD") -> Avg lb's/WD
B17: =IFERROR(__xludf.DUMMYFUNCTION("""COMPUTED_VALUE"""),"Mon") -> Mon | C17: =IFERROR(__xludf.DUMMYFUNCTION("""COMPUTED_VALUE"""),312.25) -> 312.25 | D17: =IFERROR(__xludf.DUMMYFUNCTION("""COMPUTED_VALUE"""),"Monday") -> Monday | E17: =IFERROR(__xludf.DUMMYFUNCTION("""COMPUTED_VALUE"""),"Mon") -> Mon | F17: =IFERROR(__xludf.DUMMYFUNCTION("""COMPUTED_VALUE"""),205.75) -> 205.75 | H17: =IFERROR(__xludf.DUMMYFUNCTION("""COMPUTED_VALUE"""),"Mon") -> Mon | I17: =IFERROR(__xludf.DUMMYFUNCTION("""COMPUTED_VALUE"""),518.0) -> 518
B18: =IFERROR(__xludf.DUMMYFUNCTION("""COMPUTED_VALUE"""),"Tues") -> Tues | C18: =IFERROR(__xludf.DUMMYFUNCTION("""COMPUTED_VALUE"""),316.7142857142857) -> 316.71429 | D18: =IFERROR(__xludf.DUMMYFUNCTION("""COMPUTED_VALUE"""),"Tuesday") -> Tuesday | E18: =IFERROR(__xludf.DUMMYFUNCTION("""COMPUTED_VALUE"""),"Tues") -> Tues | F18: =IFERROR(__xludf.DUMMYFUNCTION("""COMPUTED_VALUE"""),281.15384615384613) -> 281.15385 | H18: =IFERROR(__xludf.DUMMYFUNCTION("""COMPUTED_VALUE"""),"Tues") -> Tues | I18: =IFERROR(__xludf.DUMMYFUNCTION("""COMPUTED_VALUE"""),597.8681318681319) -> 597.86813
B19: =IFERROR(__xludf.DUMMYFUNCTION("""COMPUTED_VALUE"""),"Wed") -> Wed | C19: =IFERROR(__xludf.DUMMYFUNCTION("""COMPUTED_VALUE"""),231.76923076923077) -> 231.76923 | D19: =IFERROR(__xludf.DUMMYFUNCTION("""COMPUTED_VALUE"""),"Wednesday") -> Wednesday | E19: =IFERROR(__xludf.DUMMYFUNCTION("""COMPUTED_VALUE"""),"Wed") -> Wed | F19: =IFERROR(__xludf.DUMMYFUNCTION("""COMPUTED_VALUE"""),299.1666666666667) -> 299.16667 | H19: =IFERROR(__xludf.DUMMYFUNCTION("""COMPUTED_VALUE"""),"Wed") -> Wed | I19: =IFERROR(__xludf.DUMMYFUNCTION("""COMPUTED_VALUE"""),530.9358974358975) -> 530.9359
B20: =IFERROR(__xludf.DUMMYFUNCTION("""COMPUTED_VALUE"""),"Thur") -> Thur | C20: =IFERROR(__xludf.DUMMYFUNCTION("""COMPUTED_VALUE"""),178.0) -> 178 | D20: =IFERROR(__xludf.DUMMYFUNCTION("""COMPUTED_VALUE"""),"Thursday") -> Thursday | E20: =IFERROR(__xludf.DUMMYFUNCTION("""COMPUTED_VALUE"""),"Thur") -> Thur | F20: =IFERROR(__xludf.DUMMYFUNCTION("""COMPUTED_VALUE"""),373.7692307692308) -> 373.76923 | H20: =IFERROR(__xludf.DUMMYFUNCTION("""COMPUTED_VALUE"""),"Thur") -> Thur | I20: =IFERROR(__xludf.DUMMYFUNCTION("""COMPUTED_VALUE"""),551.7692307692307) -> 551.76923
B21: =IFERROR(__xludf.DUMMYFUNCTION("""COMPUTED_VALUE"""),"Fri") -> Fri | C21: =IFERROR(__xludf.DUMMYFUNCTION("""COMPUTED_VALUE"""),302.2142857142857) -> 302.21429 | D21: =IFERROR(__xludf.DUMMYFUNCTION("""COMPUTED_VALUE"""),"Friday") -> Friday | E21: =IFERROR(__xludf.DUMMYFUNCTION("""COMPUTED_VALUE"""),"Fri") -> Fri | F21: =IFERROR(__xludf.DUMMYFUNCTION("""COMPUTED_VALUE"""),116.84615384615384) -> 116.84615 | H21: =IFERROR(__xludf.DUMMYFUNCTION("""COMPUTED_VALUE"""),"Fri") -> Fri | I21: =IFERROR(__xludf.DUMMYFUNCTION("""COMPUTED_VALUE"""),419.0604395604396) -> 419.06044
B22: =IFERROR(__xludf.DUMMYFUNCTION("""COMPUTED_VALUE"""),"avg MF wkdy") -> avg MF wkdy | C22: =IFERROR(__xludf.DUMMYFUNCTION("""COMPUTED_VALUE"""),"Avg lb's/hr/WD") -> Avg lb's/hr/WD | D22: =IFERROR(__xludf.DUMMYFUNCTION("""COMPUTED_VALUE"""),"Saturday") -> Saturday | E22: =IFERROR(__xludf.DUMMYFUNCTION("""COMPUTED_VALUE"""),"avg BF wkdy") -> avg BF wkdy | F22: =IFERROR(__xludf.DUMMYFUNCTION("""COMPUTED_VALUE"""),"Avg lb's/hr/WD") -> Avg lb's/hr/WD | H22: =IFERROR(__xludf.DUMMYFUNCTION("""COMPUTED_VALUE"""),"avg wkdy") -> avg wkdy | I22: =IFERROR(__xludf.DUMMYFUNCTION("""COMPUTED_VALUE"""),"Avg lb's/hr/WD") -> Avg lb's/hr/WD
B23: =IFERROR(__xludf.DUMMYFUNCTION("""COMPUTED_VALUE"""),"Mon") -> Mon | C23: =IFERROR(__xludf.DUMMYFUNCTION("""COMPUTED_VALUE"""),61.124314312145884) -> 61.124314 | E23: =IFERROR(__xludf.DUMMYFUNCTION("""COMPUTED_VALUE"""),"Mon") -> Mon | F23: =IFERROR(__xludf.DUMMYFUNCTION("""COMPUTED_VALUE"""),40.7802109335484) -> 40.780211 | H23: =IFERROR(__xludf.DUMMYFUNCTION("""COMPUTED_VALUE"""),"Mon") -> Mon | I23: =IFERROR(__xludf.DUMMYFUNCTION("""COMPUTED_VALUE"""),48.94093928655625) -> 48.940939
B24: =IFERROR(__xludf.DUMMYFUNCTION("""COMPUTED_VALUE"""),"Tues") -> Tues | C24: =IFERROR(__xludf.DUMMYFUNCTION("""COMPUTED_VALUE"""),73.63230351462434) -> 73.632304 | E24: =IFERROR(__xludf.DUMMYFUNCTION("""COMPUTED_VALUE"""),"Tues") -> Tues | F24: =IFERROR(__xludf.DUMMYFUNCTION("""COMPUTED_VALUE"""),51.97143691521045) -> 51.971437 | H24: =IFERROR(__xludf.DUMMYFUNCTION("""COMPUTED_VALUE"""),"Tues") -> Tues | I24: =IFERROR(__xludf.DUMMYFUNCTION("""COMPUTED_VALUE"""),60.59120428873315) -> 60.591204
B25: =IFERROR(__xludf.DUMMYFUNCTION("""COMPUTED_VALUE"""),"Wed") -> Wed | C25: =IFERROR(__xludf.DUMMYFUNCTION("""COMPUTED_VALUE"""),46.195151254591565) -> 46.195151 | E25: =IFERROR(__xludf.DUMMYFUNCTION("""COMPUTED_VALUE"""),"Wed") -> Wed | F25: =IFERROR(__xludf.DUMMYFUNCTION("""COMPUTED_VALUE"""),43.897060769346915) -> 43.897061 | H25: =IFERROR(__xludf.DUMMYFUNCTION("""COMPUTED_VALUE"""),"Wed") -> Wed | I25: =IFERROR(__xludf.DUMMYFUNCTION("""COMPUTED_VALUE"""),37.623025763478545) -> 37.623026
B26: =IFERROR(__xludf.DUMMYFUNCTION("""COMPUTED_VALUE"""),"Thur") -> Thur | C26: =IFERROR(__xludf.DUMMYFUNCTION("""COMPUTED_VALUE"""),56.62021951996427) -> 56.62022 | E26: =IFERROR(__xludf.DUMMYFUNCTION("""COMPUTED_VALUE"""),"Thur") -> Thur | F26: =IFERROR(__xludf.DUMMYFUNCTION("""COMPUTED_VALUE"""),41.00314410590195) -> 41.003144 | H26: =IFERROR(__xludf.DUMMYFUNCTION("""COMPUTED_VALUE"""),"Thur") -> Thur | I26: =IFERROR(__xludf.DUMMYFUNCTION("""COMPUTED_VALUE"""),47.03720747966842) -> 47.037207
B27: =IFERROR(__xludf.DUMMYFUNCTION("""COMPUTED_VALUE"""),"Fri") -> Fri | C27: =IFERROR(__xludf.DUMMYFUNCTION("""COMPUTED_VALUE"""),61.19405968512087) -> 61.19406 | E27: =IFERROR(__xludf.DUMMYFUNCTION("""COMPUTED_VALUE"""),"Fri") -> Fri | F27: =IFERROR(__xludf.DUMMYFUNCTION("""COMPUTED_VALUE"""),34.51982303807809) -> 34.519823 | H27: =IFERROR(__xludf.DUMMYFUNCTION("""COMPUTED_VALUE"""),"Fri") -> Fri | I27: =IFERROR(__xludf.DUMMYFUNCTION("""COMPUTED_VALUE"""),48.3232783090128) -> 48.323278
B28: =IFERROR(__xludf.DUMMYFUNCTION("""COMPUTED_VALUE"""),"avg MF wkdy") -> avg MF wkdy | C28: =IFERROR(__xludf.DUMMYFUNCTION("""COMPUTED_VALUE"""),"Avg hr/WD") -> Avg hr/WD | E28: =IFERROR(__xludf.DUMMYFUNCTION("""COMPUTED_VALUE"""),"avg BF wkdy") -> avg BF wkdy | F28: =IFERROR(__xludf.DUMMYFUNCTION("""COMPUTED_VALUE"""),"Avg hr/WD") -> Avg hr/WD | H28: =IFERROR(__xludf.DUMMYFUNCTION("""COMPUTED_VALUE"""),"avg wkdy") -> avg wkdy | I28: =IFERROR(__xludf.DUMMYFUNCTION("""COMPUTED_VALUE"""),"Avg hr/WD") -> Avg hr/WD
B29: =IFERROR(__xludf.DUMMYFUNCTION("""COMPUTED_VALUE"""),"Mon") -> Mon | C29: =IFERROR(__xludf.DUMMYFUNCTION("""COMPUTED_VALUE"""),0.22019675926154983) -> 0.22019676 | E29: =IFERROR(__xludf.DUMMYFUNCTION("""COMPUTED_VALUE"""),"Mon") -> Mon | F29: =IFERROR(__xludf.DUMMYFUNCTION("""COMPUTED_VALUE"""),0.2267361111110707) -> 0.22673611 | H29: =IFERROR(__xludf.DUMMYFUNCTION("""COMPUTED_VALUE"""),"Mon") -> Mon | I29: =IFERROR(__xludf.DUMMYFUNCTION("""COMPUTED_VALUE"""),0.4469328703726205) -> 0.44693287
B30: =IFERROR(__xludf.DUMMYFUNCTION("""COMPUTED_VALUE"""),"Tues") -> Tues | C30: =IFERROR(__xludf.DUMMYFUNCTION("""COMPUTED_VALUE"""),0.18928571428281546) -> 0.18928571 | E30: =IFERROR(__xludf.DUMMYFUNCTION("""COMPUTED_VALUE"""),"Tues") -> Tues | F30: =IFERROR(__xludf.DUMMYFUNCTION("""COMPUTED_VALUE"""),0.23974358974228382) -> 0.23974359 | H30: =IFERROR(__xludf.DUMMYFUNCTION("""COMPUTED_VALUE"""),"Tues") -> Tues | I30: =IFERROR(__xludf.DUMMYFUNCTION("""COMPUTED_VALUE"""),0.41190476190065045) -> 0.41190476
B31: =IFERROR(__xludf.DUMMYFUNCTION("""COMPUTED_VALUE"""),"Wed") -> Wed | C31: =IFERROR(__xludf.DUMMYFUNCTION("""COMPUTED_VALUE"""),0.16207264957707734) -> 0.16207265 | E31: =IFERROR(__xludf.DUMMYFUNCTION("""COMPUTED_VALUE"""),"Wed") -> Wed | F31: =IFERROR(__xludf.DUMMYFUNCTION("""COMPUTED_VALUE"""),0.28674768518323146) -> 0.28674769 | H31: =IFERROR(__xludf.DUMMYFUNCTION("""COMPUTED_VALUE"""),"Wed") -> Wed | I31: =IFERROR(__xludf.DUMMYFUNCTION("""COMPUTED_VALUE"""),0.4267628205154448) -> 0.42676282
B32: =IFERROR(__xludf.DUMMYFUNCTION("""COMPUTED_VALUE"""),"Thur") -> Thur | C32: =IFERROR(__xludf.DUMMYFUNCTION("""COMPUTED_VALUE"""),0.13229166666739425) -> 0.13229167 | E32: =IFERROR(__xludf.DUMMYFUNCTION("""COMPUTED_VALUE"""),"Thur") -> Thur | F32: =IFERROR(__xludf.DUMMYFUNCTION("""COMPUTED_VALUE"""),0.3547542735020845) -> 0.35475427 | H32: =IFERROR(__xludf.DUMMYFUNCTION("""COMPUTED_VALUE"""),"Thur") -> Thur | I32: =IFERROR(__xludf.DUMMYFUNCTION("""COMPUTED_VALUE"""),0.4617063492050442) -> 0.46170635
B33: =IFERROR(__xludf.DUMMYFUNCTION("""COMPUTED_VALUE"""),"Fri") -> Fri | C33: =IFERROR(__xludf.DUMMYFUNCTION("""COMPUTED_VALUE"""),0.21349206349459277) -> 0.21349206 | E33: =IFERROR(__xludf.DUMMYFUNCTION("""COMPUTED_VALUE"""),"Fri") -> Fri | F33: =IFERROR(__xludf.DUMMYFUNCTION("""COMPUTED_VALUE"""),0.14695512820573764) -> 0.14695513 | H33: =IFERROR(__xludf.DUMMYFUNCTION("""COMPUTED_VALUE"""),"Fri") -> Fri | I33: =IFERROR(__xludf.DUMMYFUNCTION("""COMPUTED_VALUE"""),0.349950396828492) -> 0.3499504
A37: =IFERROR(__xludf.DUMMYFUNCTION("IMPORTRANGE(""https://docs.google.com/spreadsheets/d/1P6EripOCRq6G1GNfS6HgdpZe7urZNpBheFHpX0WVjzc/edit?gid=1185132683#gid=1185132683"",""'Master Sheet'!A35:L51"")"),"") | B37: =IFERROR(__xludf.DUMMYFUNCTION("""COMPUTED_VALUE"""),"[all time] shifts worked:") -> [all time] shifts worked: | D37: =IFERROR(__xludf.DUMMYFUNCTION("""COMPUTED_VALUE"""),273.0) -> 273 | E37: =IFERROR(__xludf.DUMMYFUNCTION("""COMPUTED_VALUE"""),1.255843839540592) -> 1.2558438 | J37: =IFERROR(__xludf.DUMMYFUNCTION("""COMPUTED_VALUE"""),"[all time] shifts missed") -> [all time] shifts missed | L37: =IFERROR(__xludf.DUMMYFUNCTION("""COMPUTED_VALUE"""),102.0) -> 102
B38: =IFERROR(__xludf.DUMMYFUNCTION("""COMPUTED_VALUE"""),"Ambassador Data") -> Ambassador Data
B39: =IFERROR(__xludf.DUMMYFUNCTION("""COMPUTED_VALUE"""),"Ambassador") -> Ambassador | C39: =IFERROR(__xludf.DUMMYFUNCTION("""COMPUTED_VALUE"""),"total lbs") -> total lbs | D39: =IFERROR(__xludf.DUMMYFUNCTION("""COMPUTED_VALUE"""),"score") -> score | E39: =IFERROR(__xludf.DUMMYFUNCTION("""COMPUTED_VALUE"""),"avg period") -> avg period | F39: =IFERROR(__xludf.DUMMYFUNCTION("""COMPUTED_VALUE"""),"expected shifts as of 4/29/2026") -> expected shifts as of 4/29/2026 | G39: =IFERROR(__xludf.DUMMYFUNCTION("""COMPUTED_VALUE"""),"shifts worked") -> shifts worked | H39: =IFERROR(__xludf.DUMMYFUNCTION("""COMPUTED_VALUE"""),"Worked Shifts") -> Worked Shifts | I39: =IFERROR(__xludf.DUMMYFUNCTION("""COMPUTED_VALUE"""),"skipped shifts") -> skipped shifts | J39: =IFERROR(__xludf.DUMMYFUNCTION("""COMPUTED_VALUE"""),"total hrs") -> total hrs | K39: =IFERROR(__xludf.DUMMYFUNCTION("""COMPUTED_VALUE"""),"lb/hr") -> lb/hr | L39: =IFERROR(__xludf.DUMMYFUNCTION("""COMPUTED_VALUE"""),"lb/shift") -> lb/shift
A40: =IFERROR(__xludf.DUMMYFUNCTION("""COMPUTED_VALUE"""),FALSE) -> FALSE | B40: =IFERROR(__xludf.DUMMYFUNCTION("""COMPUTED_VALUE"""),"Alexis Sylvestre") -> Alexis Sylvestre | C40: =IFERROR(__xludf.DUMMYFUNCTION("""COMPUTED_VALUE"""),193.0) -> 193 | D40: =IFERROR(__xludf.DUMMYFUNCTION("""COMPUTED_VALUE"""),0.8168182335458827) -> 0.81681823 | E40: =IFERROR(__xludf.DUMMYFUNCTION("""COMPUTED_VALUE"""),"Dinner") -> Dinner | F40: =IFERROR(__xludf.DUMMYFUNCTION("""COMPUTED_VALUE"""),24.0) -> 24 | G40: =IFERROR(__xludf.DUMMYFUNCTION("""COMPUTED_VALUE"""),3.0) -> 3 | H40: =IFERROR(__xludf.DUMMYFUNCTION("""COMPUTED_VALUE"""),0.125) -> 0.125 | I40: =IFERROR(__xludf.DUMMYFUNCTION("""COMPUTED_VALUE"""),21.0) -> 21 | J40: =IFERROR(__xludf.DUMMYFUNCTION("""COMPUTED_VALUE"""),0.20138888889050577) -> 0.20138889 | K40: =IFERROR(__xludf.DUMMYFUNCTION("""COMPUTED_VALUE"""),39.93103448243803) -> 39.931034 | L40: =IFERROR(__xludf.DUMMYFUNCTION("""COMPUTED_VALUE"""),64.33333333333333) -> 64.333333
A41: =IFERROR(__xludf.DUMMYFUNCTION("""COMPUTED_VALUE"""),TRUE) -> TRUE | B41: =IFERROR(__xludf.DUMMYFUNCTION("""COMPUTED_VALUE"""),"Arjya Aich") -> Arjya Aich | C41: =IFERROR(__xludf.DUMMYFUNCTION("""COMPUTED_VALUE"""),837.0) -> 837 | D41: =IFERROR(__xludf.DUMMYFUNCTION("""COMPUTED_VALUE"""),0.7212173274084146) -> 0.72121733 | E41: =IFERROR(__xludf.DUMMYFUNCTION("""COMPUTED_VALUE"""),"Dinner") -> Dinner | F41: =IFERROR(__xludf.DUMMYFUNCTION("""COMPUTED_VALUE"""),43.0) -> 43 | G41: =IFERROR(__xludf.DUMMYFUNCTION("""COMPUTED_VALUE"""),11.0) -> 11 | H41: =IFERROR(__xludf.DUMMYFUNCTION("""COMPUTED_VALUE"""),0.2558139534883721) -> 0.25581395 | I41: =IFERROR(__xludf.DUMMYFUNCTION("""COMPUTED_VALUE"""),32.0) -> 32 | J41: =IFERROR(__xludf.DUMMYFUNCTION("""COMPUTED_VALUE"""),1.281250000007276) -> 1.28125 | K41: =IFERROR(__xludf.DUMMYFUNCTION("""COMPUTED_VALUE"""),27.219512194967376) -> 27.219512 | L41: =IFERROR(__xludf.DUMMYFUNCTION("""COMPUTED_VALUE"""),76.0909090909091) -> 76.090909
A42: =IFERROR(__xludf.DUMMYFUNCTION("""COMPUTED_VALUE"""),FALSE) -> FALSE | B42: =IFERROR(__xludf.DUMMYFUNCTION("""COMPUTED_VALUE"""),"Brynn Hornig") -> Brynn Hornig | C42: =IFERROR(__xludf.DUMMYFUNCTION("""COMPUTED_VALUE"""),3497.0) -> 3497 | D42: =IFERROR(__xludf.DUMMYFUNCTION("""COMPUTED_VALUE"""),1.132529522355279) -> 1.1325295 | E42: =IFERROR(__xludf.DUMMYFUNCTION("""COMPUTED_VALUE"""),"Lunch") -> Lunch | F42: =IFERROR(__xludf.DUMMYFUNCTION("""COMPUTED_VALUE"""),33.0) -> 33 | G42: =IFERROR(__xludf.DUMMYFUNCTION("""COMPUTED_VALUE"""),34.0) -> 34 | H42: =IFERROR(__xludf.DUMMYFUNCTION("""COMPUTED_VALUE"""),1.0303030303030303) -> 1.030303 | I42: =IFERROR(__xludf.DUMMYFUNCTION("""COMPUTED_VALUE"""),-1.0) -> -1 | J42: =IFERROR(__xludf.DUMMYFUNCTION("""COMPUTED_VALUE"""),3.765277777778263) -> 3.7652778 | K42: =IFERROR(__xludf.DUMMYFUNCTION("""COMPUTED_VALUE"""),38.69789745480873) -> 38.697897 | L42: =IFERROR(__xludf.DUMMYFUNCTION("""COMPUTED_VALUE"""),102.8529411764706) -> 102.85294
A43: =IFERROR(__xludf.DUMMYFUNCTION("""COMPUTED_VALUE"""),FALSE) -> FALSE | B43: =IFERROR(__xludf.DUMMYFUNCTION("""COMPUTED_VALUE"""),"Denise Romanszysn") -> Denise Romanszysn | C43: =IFERROR(__xludf.DUMMYFUNCTION("""COMPUTED_VALUE"""),1347.0) -> 1347 | D43: =IFERROR(__xludf.DUMMYFUNCTION("""COMPUTED_VALUE"""),1.5802533044981155) -> 1.5802533 | E43: =IFERROR(__xludf.DUMMYFUNCTION("""COMPUTED_VALUE"""),"Breakfast") -> Breakfast | F43: =IFERROR(__xludf.DUMMYFUNCTION("""COMPUTED_VALUE"""),31.0) -> 31 | G43: =IFERROR(__xludf.DUMMYFUNCTION("""COMPUTED_VALUE"""),12.0) -> 12 | H43: =IFERROR(__xludf.DUMMYFUNCTION("""COMPUTED_VALUE"""),0.3870967741935484) -> 0.38709677 | I43: =IFERROR(__xludf.DUMMYFUNCTION("""COMPUTED_VALUE"""),19.0) -> 19 | J43: =IFERROR(__xludf.DUMMYFUNCTION("""COMPUTED_VALUE"""),0.9847222222451819) -> 0.98472222 | K43: =IFERROR(__xludf.DUMMYFUNCTION("""COMPUTED_VALUE"""),56.99576868696446) -> 56.995769 | L43: =IFERROR(__xludf.DUMMYFUNCTION("""COMPUTED_VALUE"""),112.25) -> 112.25
A44: =IFERROR(__xludf.DUMMYFUNCTION("""COMPUTED_VALUE"""),FALSE) -> FALSE | B44: =IFERROR(__xludf.DUMMYFUNCTION("""COMPUTED_VALUE"""),"Emmett Khan") -> Emmett Khan | C44: =IFERROR(__xludf.DUMMYFUNCTION("""COMPUTED_VALUE"""),2083.0) -> 2083 | D44: =IFERROR(__xludf.DUMMYFUNCTION("""COMPUTED_VALUE"""),1.2475438460356) -> 1.2475438 | E44: =IFERROR(__xludf.DUMMYFUNCTION("""COMPUTED_VALUE"""),"Dinner") -> Dinner | F44: =IFERROR(__xludf.DUMMYFUNCTION("""COMPUTED_VALUE"""),22.0) -> 22 | G44: =IFERROR(__xludf.DUMMYFUNCTION("""COMPUTED_VALUE"""),22.0) -> 22 | H44: =IFERROR(__xludf.DUMMYFUNCTION("""COMPUTED_VALUE"""),1.0) -> 1 | I44: =IFERROR(__xludf.DUMMYFUNCTION("""COMPUTED_VALUE"""),0.0) -> 0 | J44: =IFERROR(__xludf.DUMMYFUNCTION("""COMPUTED_VALUE"""),1.3687500000063058) -> 1.36875 | K44: =IFERROR(__xludf.DUMMYFUNCTION("""COMPUTED_VALUE"""),63.40943683380224) -> 63.409437 | L44: =IFERROR(__xludf.DUMMYFUNCTION("""COMPUTED_VALUE"""),94.68181818181819) -> 94.681818
A45: =IFERROR(__xludf.DUMMYFUNCTION("""COMPUTED_VALUE"""),FALSE) -> FALSE | B45: =IFERROR(__xludf.DUMMYFUNCTION("""COMPUTED_VALUE"""),"Evan Morgan") -> Evan Morgan | C45: =IFERROR(__xludf.DUMMYFUNCTION("""COMPUTED_VALUE"""),1475.0) -> 1475 | D45: =IFERROR(__xludf.DUMMYFUNCTION("""COMPUTED_VALUE"""),0.7187400010814504) -> 0.71874 | E45: =IFERROR(__xludf.DUMMYFUNCTION("""COMPUTED_VALUE"""),"Lunch") -> Lunch | F45: =IFERROR(__xludf.DUMMYFUNCTION("""COMPUTED_VALUE"""),32.0) -> 32 | G45: =IFERROR(__xludf.DUMMYFUNCTION("""COMPUTED_VALUE"""),25.0) -> 25 | H45: =IFERROR(__xludf.DUMMYFUNCTION("""COMPUTED_VALUE"""),0.78125) -> 0.78125 | I45: =IFERROR(__xludf.DUMMYFUNCTION("""COMPUTED_VALUE"""),7.0) -> 7 | J45: =IFERROR(__xludf.DUMMYFUNCTION("""COMPUTED_VALUE"""),1.276388888967631) -> 1.2763889 | K45: =IFERROR(__xludf.DUMMYFUNCTION("""COMPUTED_VALUE"""),48.15016321792183) -> 48.150163 | L45: =IFERROR(__xludf.DUMMYFUNCTION("""COMPUTED_VALUE"""),59.0) -> 59
A46: =IFERROR(__xludf.DUMMYFUNCTION("""COMPUTED_VALUE"""),FALSE) -> FALSE | B46: =IFERROR(__xludf.DUMMYFUNCTION("""COMPUTED_VALUE"""),"Kaylie Forgue") -> Kaylie Forgue | C46: =IFERROR(__xludf.DUMMYFUNCTION("""COMPUTED_VALUE"""),2702.0) -> 2702 | D46: =IFERROR(__xludf.DUMMYFUNCTION("""COMPUTED_VALUE"""),1.7982508294335553) -> 1.7982508 | E46: =IFERROR(__xludf.DUMMYFUNCTION("""COMPUTED_VALUE"""),"Breakfast") -> Breakfast | F46: =IFERROR(__xludf.DUMMYFUNCTION("""COMPUTED_VALUE"""),30.0) -> 30 | G46: =IFERROR(__xludf.DUMMYFUNCTION("""COMPUTED_VALUE"""),29.0) -> 29 | H46: =IFERROR(__xludf.DUMMYFUNCTION("""COMPUTED_VALUE"""),0.9666666666666667) -> 0.96666667 | I46: =IFERROR(__xludf.DUMMYFUNCTION("""COMPUTED_VALUE"""),1.0) -> 1 | J46: =IFERROR(__xludf.DUMMYFUNCTION("""COMPUTED_VALUE"""),2.1763888888943863) -> 2.1763889 | K46: =IFERROR(__xludf.DUMMYFUNCTION("""COMPUTED_VALUE"""),51.72941927236455) -> 51.729419 | L46: =IFERROR(__xludf.DUMMYFUNCTION("""COMPUTED_VALUE"""),93.17241379310344) -> 93.172414
A47: =IFERROR(__xludf.DUMMYFUNCTION("""COMPUTED_VALUE"""),FALSE) -> FALSE | B47: =IFERROR(__xludf.DUMMYFUNCTION("""COMPUTED_VALUE"""),"Kyra Turner") -> Kyra Turner | C47: =IFERROR(__xludf.DUMMYFUNCTION("""COMPUTED_VALUE"""),4226.0) -> 4226 | D47: =IFERROR(__xludf.DUMMYFUNCTION("""COMPUTED_VALUE"""),1.8056518316919286) -> 1.8056518 | E47: =IFERROR(__xludf.DUMMYFUNCTION("""COMPUTED_VALUE"""),"Lunch") -> Lunch | F47: =IFERROR(__xludf.DUMMYFUNCTION("""COMPUTED_VALUE"""),23.0) -> 23 | G47: =IFERROR(__xludf.DUMMYFUNCTION("""COMPUTED_VALUE"""),23.0) -> 23 | H47: =IFERROR(__xludf.DUMMYFUNCTION("""COMPUTED_VALUE"""),1.0) -> 1 | I47: =IFERROR(__xludf.DUMMYFUNCTION("""COMPUTED_VALUE"""),0.0) -> 0 | J47: =IFERROR(__xludf.DUMMYFUNCTION("""COMPUTED_VALUE"""),2.583333333300996) -> 2.5833333 | K47: =IFERROR(__xludf.DUMMYFUNCTION("""COMPUTED_VALUE"""),68.16129032343387) -> 68.16129 | L47: =IFERROR(__xludf.DUMMYFUNCTION("""COMPUTED_VALUE"""),183.7391304347826) -> 183.73913
A48: =IFERROR(__xludf.DUMMYFUNCTION("""COMPUTED_VALUE"""),FALSE) -> FALSE | B48: =IFERROR(__xludf.DUMMYFUNCTION("""COMPUTED_VALUE"""),"Laila Maisuria") -> Laila Maisuria | C48: =IFERROR(__xludf.DUMMYFUNCTION("""COMPUTED_VALUE"""),769.0) -> 769 | D48: =IFERROR(__xludf.DUMMYFUNCTION("""COMPUTED_VALUE"""),0.9563401027565535) -> 0.9563401 | E48: =IFERROR(__xludf.DUMMYFUNCTION("""COMPUTED_VALUE"""),"Dinner") -> Dinner | F48: =IFERROR(__xludf.DUMMYFUNCTION("""COMPUTED_VALUE"""),13.0) -> 13 | G48: =IFERROR(__xludf.DUMMYFUNCTION("""COMPUTED_VALUE"""),6.0) -> 6 | H48: =IFERROR(__xludf.DUMMYFUNCTION("""COMPUTED_VALUE"""),0.46153846153846156) -> 0.46153846 | I48: =IFERROR(__xludf.DUMMYFUNCTION("""COMPUTED_VALUE"""),7.0) -> 7 | J48: =IFERROR(__xludf.DUMMYFUNCTION("""COMPUTED_VALUE"""),0.7006944444365217) -> 0.70069444 | K48: =IFERROR(__xludf.DUMMYFUNCTION("""COMPUTED_VALUE"""),45.72844400448137) -> 45.728444 | L48: =IFERROR(__xludf.DUMMYFUNCTION("""COMPUTED_VALUE"""),128.16666666666666) -> 128.16667
A49: =IFERROR(__xludf.DUMMYFUNCTION("""COMPUTED_VALUE"""),FALSE) -> FALSE | B49: =IFERROR(__xludf.DUMMYFUNCTION("""COMPUTED_VALUE"""),"Leah Bucci") -> Leah Bucci | C49: =IFERROR(__xludf.DUMMYFUNCTION("""COMPUTED_VALUE"""),4062.0) -> 4062 | D49: =IFERROR(__xludf.DUMMYFUNCTION("""COMPUTED_VALUE"""),1.1599329176495163) -> 1.1599329 | E49: =IFERROR(__xludf.DUMMYFUNCTION("""COMPUTED_VALUE"""),"Dinner") -> Dinner | F49: =IFERROR(__xludf.DUMMYFUNCTION("""COMPUTED_VALUE"""),29.0) -> 29 | G49: =IFERROR(__xludf.DUMMYFUNCTION("""COMPUTED_VALUE"""),26.0) -> 26 | H49: =IFERROR(__xludf.DUMMYFUNCTION("""COMPUTED_VALUE"""),0.896551724137931) -> 0.89655172 | I49: =IFERROR(__xludf.DUMMYFUNCTION("""COMPUTED_VALUE"""),3.0) -> 3 | J49: =IFERROR(__xludf.DUMMYFUNCTION("""COMPUTED_VALUE"""),3.1361111111036735) -> 3.1361111 | K49: =IFERROR(__xludf.DUMMYFUNCTION("""COMPUTED_VALUE"""),53.96811337479584) -> 53.968113 | L49: =IFERROR(__xludf.DUMMYFUNCTION("""COMPUTED_VALUE"""),156.23076923076923) -> 156.23077
A50: =IFERROR(__xludf.DUMMYFUNCTION("""COMPUTED_VALUE"""),FALSE) -> FALSE | B50: =IFERROR(__xludf.DUMMYFUNCTION("""COMPUTED_VALUE"""),"Maureen Surgot") -> Maureen Surgot | C50: =IFERROR(__xludf.DUMMYFUNCTION("""COMPUTED_VALUE"""),3159.0) -> 3159 | D50: =IFERROR(__xludf.DUMMYFUNCTION("""COMPUTED_VALUE"""),1.0405187715265314) -> 1.0405188 | E50: =IFERROR(__xludf.DUMMYFUNCTION("""COMPUTED_VALUE"""),"Dinner") -> Dinner | F50: =IFERROR(__xludf.DUMMYFUNCTION("""COMPUTED_VALUE"""),21.0) -> 21 | G50: =IFERROR(__xludf.DUMMYFUNCTION("""COMPUTED_VALUE"""),19.0) -> 19 | H50: =IFERROR(__xludf.DUMMYFUNCTION("""COMPUTED_VALUE"""),0.9047619047619048) -> 0.9047619 | I50: =IFERROR(__xludf.DUMMYFUNCTION("""COMPUTED_VALUE"""),2.0) -> 2 | J50: =IFERROR(__xludf.DUMMYFUNCTION("""COMPUTED_VALUE"""),2.7986111110876664) -> 2.7986111 | K50: =IFERROR(__xludf.DUMMYFUNCTION("""COMPUTED_VALUE"""),47.03225806491013) -> 47.032258 | L50: =IFERROR(__xludf.DUMMYFUNCTION("""COMPUTED_VALUE"""),166.26315789473685) -> 166.26316
A51: =IFERROR(__xludf.DUMMYFUNCTION("""COMPUTED_VALUE"""),FALSE) -> FALSE | B51: =IFERROR(__xludf.DUMMYFUNCTION("""COMPUTED_VALUE"""),"Oluwatimilehin Shodipe") -> Oluwatimilehin Shodipe | C51: =IFERROR(__xludf.DUMMYFUNCTION("""COMPUTED_VALUE"""),2591.0) -> 2591 | D51: =IFERROR(__xludf.DUMMYFUNCTION("""COMPUTED_VALUE"""),1.1003270047387097) -> 1.100327 | E51: =IFERROR(__xludf.DUMMYFUNCTION("""COMPUTED_VALUE"""),"Lunch") -> Lunch | F51: =IFERROR(__xludf.DUMMYFUNCTION("""COMPUTED_VALUE"""),32.0) -> 32 | G51: =IFERROR(__xludf.DUMMYFUNCTION("""COMPUTED_VALUE"""),26.0) -> 26 | H51: =IFERROR(__xludf.DUMMYFUNCTION("""COMPUTED_VALUE"""),0.8125) -> 0.8125 | I51: =IFERROR(__xludf.DUMMYFUNCTION("""COMPUTED_VALUE"""),6.0) -> 6 | J51: =IFERROR(__xludf.DUMMYFUNCTION("""COMPUTED_VALUE"""),2.2249999999831847) -> 2.225 | K51: =IFERROR(__xludf.DUMMYFUNCTION("""COMPUTED_VALUE"""),48.520599251303025) -> 48.520599 | L51: =IFERROR(__xludf.DUMMYFUNCTION("""COMPUTED_VALUE"""),99.65384615384616) -> 99.653846
A52: =IFERROR(__xludf.DUMMYFUNCTION("""COMPUTED_VALUE"""),FALSE) -> FALSE | B52: =IFERROR(__xludf.DUMMYFUNCTION("""COMPUTED_VALUE"""),"Orpheus Wilson") -> Orpheus Wilson | C52: =IFERROR(__xludf.DUMMYFUNCTION("""COMPUTED_VALUE"""),2477.0) -> 2477 | D52: =IFERROR(__xludf.DUMMYFUNCTION("""COMPUTED_VALUE"""),1.6583022149533952) -> 1.6583022 | E52: =IFERROR(__xludf.DUMMYFUNCTION("""COMPUTED_VALUE"""),"Dinner") -> Dinner | F52: =IFERROR(__xludf.DUMMYFUNCTION("""COMPUTED_VALUE"""),20.0) -> 20 | G52: =IFERROR(__xludf.DUMMYFUNCTION("""COMPUTED_VALUE"""),19.0) -> 19 | H52: =IFERROR(__xludf.DUMMYFUNCTION("""COMPUTED_VALUE"""),0.95) -> 0.95 | I52: =IFERROR(__xludf.DUMMYFUNCTION("""COMPUTED_VALUE"""),1.0) -> 1 | J52: =IFERROR(__xludf.DUMMYFUNCTION("""COMPUTED_VALUE"""),1.3638888889170226) -> 1.3638889 | K52: =IFERROR(__xludf.DUMMYFUNCTION("""COMPUTED_VALUE"""),75.67209775811321) -> 75.672098 | L52: =IFERROR(__xludf.DUMMYFUNCTION("""COMPUTED_VALUE"""),130.3684210526316) -> 130.36842
A53: =IFERROR(__xludf.DUMMYFUNCTION("""COMPUTED_VALUE"""),FALSE) -> FALSE | B53: =IFERROR(__xludf.DUMMYFUNCTION("""COMPUTED_VALUE"""),"Sophia Kluck") -> Sophia Kluck | C53: =IFERROR(__xludf.DUMMYFUNCTION("""COMPUTED_VALUE"""),1261.0) -> 1261 | D53: =IFERROR(__xludf.DUMMYFUNCTION("""COMPUTED_VALUE"""),1.1094416161644332) -> 1.1094416 | E53: =IFERROR(__xludf.DUMMYFUNCTION("""COMPUTED_VALUE"""),"Breakfast") -> Breakfast | F53: =IFERROR(__xludf.DUMMYFUNCTION("""COMPUTED_VALUE"""),22.0) -> 22 | G53: =IFERROR(__xludf.DUMMYFUNCTION("""COMPUTED_VALUE"""),17.0) -> 17 | H53: =IFERROR(__xludf.DUMMYFUNCTION("""COMPUTED_VALUE"""),0.7727272727272727) -> 0.77272727 | I53: =IFERROR(__xludf.DUMMYFUNCTION("""COMPUTED_VALUE"""),5.0) -> 5 | J53: =IFERROR(__xludf.DUMMYFUNCTION("""COMPUTED_VALUE"""),1.4951388888657675) -> 1.4951389 | K53: =IFERROR(__xludf.DUMMYFUNCTION("""COMPUTED_VALUE"""),35.14166279664191) -> 35.141663 | L53: =IFERROR(__xludf.DUMMYFUNCTION("""COMPUTED_VALUE"""),74.17647058823529) -> 74.176471
