Workbook

Sheet YoY Viz Data
A1: Bulk Tab → | B1: S24 | C1: F24 | D1: S25 | E1: F25 | F1: S26
A2: Sem Start Date → | B2: =MIN('S24'!$K:$K) -> 45313 | C2: =MIN('F24'!$K:$K) -> 45544 | D2: =MIN('S25'!$K:$K) -> 45677 | E2: =MIN('F25'!$K:$K) -> 45908 | F2: =MIN('S26'!$K:$K) -> 46041
A4: T8 · lbs by Period per Semester → stacked bar chart
A5: Period | B5: S24 | C5: F24 | D5: S25 | E5: F25 | F5: S26*
A6: Breakfast | B6: =IFERROR(SUMIF('S24'!$J:$J,"Breakfast",'S24'!$H:$H),0) -> 727.18 | C6: =IFERROR(SUMIF('F24'!$J:$J,"Breakfast",'F24'!$H:$H),0) -> 2685 | D6: =IFERROR(SUMIF('S25'!$J:$J,"Breakfast",'S25'!$H:$H),0) -> 4199 | E6: =IFERROR(SUMIF('F25'!$J:$J,"Breakfast",'F25'!$H:$H),0) -> 1851 | F6: =IFERROR(SUMIF('S26'!$J:$J,"Breakfast",'S26'!$H:$H),0) -> 2634
A7: Lunch | B7: =IFERROR(SUMIF('S24'!$J:$J,"Lunch",'S24'!$H:$H),0) -> 3747.78 | C7: =IFERROR(SUMIF('F24'!$J:$J,"Lunch",'F24'!$H:$H),0) -> 12163 | D7: =IFERROR(SUMIF('S25'!$J:$J,"Lunch",'S25'!$H:$H),0) -> 13311 | E7: =IFERROR(SUMIF('F25'!$J:$J,"Lunch",'F25'!$H:$H),0) -> 14184.5 | F7: =IFERROR(SUMIF('S26'!$J:$J,"Lunch",'S26'!$H:$H),0) -> 9821
A8: Dinner | B8: =IFERROR(SUMIF('S24'!$J:$J,"Dinner",'S24'!$H:$H),0) -> 2431.9 | C8: =IFERROR(SUMIF('F24'!$J:$J,"Dinner",'F24'!$H:$H),0) -> 10619 | D8: =IFERROR(SUMIF('S25'!$J:$J,"Dinner",'S25'!$H:$H),0) -> 13563 | E8: =IFERROR(SUMIF('F25'!$J:$J,"Dinner",'F25'!$H:$H),0) -> 15726.5 | F8: =IFERROR(SUMIF('S26'!$J:$J,"Dinner",'S26'!$H:$H),0) -> 13964
A9: Breakfast/Lunch | B9: =IFERROR(SUMIF('S24'!$J:$J,"Breakfast/Lunch",'S24'!$H:$H),0) -> 0 | C9: =IFERROR(SUMIF('F24'!$J:$J,"Breakfast/Lunch",'F24'!$H:$H),0) -> 919 | D9: =IFERROR(SUMIF('S25'!$J:$J,"Breakfast/Lunch",'S25'!$H:$H),0) -> 0 | E9: =IFERROR(SUMIF('F25'!$J:$J,"Breakfast/Lunch",'F25'!$H:$H),0) -> 1675 | F9: =IFERROR(SUMIF('S26'!$J:$J,"Breakfast/Lunch",'S26'!$H:$H),0) -> 2141
A10: Total | B10: =SUM('YoY Viz Data'!$B$6:$B$9) -> 6906.86 | C10: =SUM('YoY Viz Data'!$C$6:$C$9) -> 26386 | D10: =SUM('YoY Viz Data'!$D$6:$D$9) -> 31073 | E10: =SUM('YoY Viz Data'!$E$6:$E$9) -> 33437 | F10: =SUM('YoY Viz Data'!$F$6:$F$9) -> 28560
A11: † S24: period approximated from timestamp hour (B: 6–11am, L: 11am–4pm, D: 4–10pm). Dining Hall unavailable for S24.
A13: T9 · lbs by Period × Hall per Semester → grouped bar / heatmap
A14: Period | B14: Hall | C14: S24 | D14: F24 | E14: S25 | F14: F25 | G14: S26*
A15: Dinner | B15: MF | C15: =IFERROR(SUMIFS('S24'!$H:$H,'S24'!$J:$J,"Dinner",'S24'!$M:$M,"MF"),0) -> 0 | D15: =IFERROR(SUMIFS('F24'!$H:$H,'F24'!$J:$J,"Dinner",'F24'!$M:$M,"MF"),0) -> 5145 | E15: =IFERROR(SUMIFS('S25'!$H:$H,'S25'!$J:$J,"Dinner",'S25'!$M:$M,"MF"),0) -> 7476 | F15: =IFERROR(SUMIFS('F25'!$H:$H,'F25'!$J:$J,"Dinner",'F25'!$M:$M,"MF"),0) -> 8260 | G15: =IFERROR(SUMIFS('S26'!$H:$H,'S26'!$J:$J,"Dinner",'S26'!$M:$M,"MF"),0) -> 8696
A16: Dinner | B16: BF | C16: =IFERROR(SUMIFS('S24'!$H:$H,'S24'!$J:$J,"Dinner",'S24'!$M:$M,"BF"),0) -> 0 | D16: =IFERROR(SUMIFS('F24'!$H:$H,'F24'!$J:$J,"Dinner",'F24'!$M:$M,"BF"),0) -> 5474 | E16: =IFERROR(SUMIFS('S25'!$H:$H,'S25'!$J:$J,"Dinner",'S25'!$M:$M,"BF"),0) -> 6087 | F16: =IFERROR(SUMIFS('F25'!$H:$H,'F25'!$J:$J,"Dinner",'F25'!$M:$M,"BF"),0) -> 7466.5 | G16: =IFERROR(SUMIFS('S26'!$H:$H,'S26'!$J:$J,"Dinner",'S26'!$M:$M,"BF"),0) -> 5268
A17: Lunch | B17: MF | C17: =IFERROR(SUMIFS('S24'!$H:$H,'S24'!$J:$J,"Lunch",'S24'!$M:$M,"MF"),0) -> 0 | D17: =IFERROR(SUMIFS('F24'!$H:$H,'F24'!$J:$J,"Lunch",'F24'!$M:$M,"MF"),0) -> 6636 | E17: =IFERROR(SUMIFS('S25'!$H:$H,'S25'!$J:$J,"Lunch",'S25'!$M:$M,"MF"),0) -> 6793 | F17: =IFERROR(SUMIFS('F25'!$H:$H,'F25'!$J:$J,"Lunch",'F25'!$M:$M,"MF"),0) -> 9189 | G17: =IFERROR(SUMIFS('S26'!$H:$H,'S26'!$J:$J,"Lunch",'S26'!$M:$M,"MF"),0) -> 6214
A18: Lunch | B18: BF | C18: =IFERROR(SUMIFS('S24'!$H:$H,'S24'!$J:$J,"Lunch",'S24'!$M:$M,"BF"),0) -> 0 | D18: =IFERROR(SUMIFS('F24'!$H:$H,'F24'!$J:$J,"Lunch",'F24'!$M:$M,"BF"),0) -> 5527 | E18: =IFERROR(SUMIFS('S25'!$H:$H,'S25'!$J:$J,"Lunch",'S25'!$M:$M,"BF"),0) -> 6518 | F18: =IFERROR(SUMIFS('F25'!$H:$H,'F25'!$J:$J,"Lunch",'F25'!$M:$M,"BF"),0) -> 4995.5 | G18: =IFERROR(SUMIFS('S26'!$H:$H,'S26'!$J:$J,"Lunch",'S26'!$M:$M,"BF"),0) -> 3607
A19: Breakfast | B19: BF | C19: =IFERROR(SUMIFS('S24'!$H:$H,'S24'!$J:$J,"Breakfast",'S24'!$M:$M,"BF"),0) -> 0 | D19: =IFERROR(SUMIFS('F24'!$H:$H,'F24'!$J:$J,"Breakfast",'F24'!$M:$M,"BF"),0) -> 2685 | E19: =IFERROR(SUMIFS('S25'!$H:$H,'S25'!$J:$J,"Breakfast",'S25'!$M:$M,"BF"),0) -> 4199 | F19: =IFERROR(SUMIFS('F25'!$H:$H,'F25'!$J:$J,"Breakfast",'F25'!$M:$M,"BF"),0) -> 1851 | G19: =IFERROR(SUMIFS('S26'!$H:$H,'S26'!$J:$J,"Breakfast",'S26'!$M:$M,"BF"),0) -> 2616
A20: Breakfast/Lunch | B20: BF | C20: =IFERROR(SUMIFS('S24'!$H:$H,'S24'!$J:$J,"Breakfast/Lunch",'S24'!$M:$M,"BF"),0) -> 0 | D20: =IFERROR(SUMIFS('F24'!$H:$H,'F24'!$J:$J,"Breakfast/Lunch",'F24'!$M:$M,"BF"),0) -> 919 | E20: =IFERROR(SUMIFS('S25'!$H:$H,'S25'!$J:$J,"Breakfast/Lunch",'S25'!$M:$M,"BF"),0) -> 0 | F20: =IFERROR(SUMIFS('F25'!$H:$H,'F25'!$J:$J,"Breakfast/Lunch",'F25'!$M:$M,"BF"),0) -> 1675 | G20: =IFERROR(SUMIFS('S26'!$H:$H,'S26'!$J:$J,"Breakfast/Lunch",'S26'!$M:$M,"BF"),0) -> 2141
A21: † S24: Dining Hall not collected — all S24 values are 0. Rows with < 50 lbs total pruned.
A23: T10 · Weekly lbs within Semester → multi-line overlay chart
A24: Week | B24: Average | C24: S24 | D24: S24 date | E24: S24 notes | F24: F24 | G24: F24 date | H24: F24 notes | I24: S25 | J24: S25 date | K24: S25 notes | L24: F25 | M24: F25 date | N24: F25 notes | O24: S26* | P24: S26* date | Q24: S26* notes
A25: 1 | B25: =IFERROR((IF(ISNUMBER(C25),C25,0)+IF(ISNUMBER(F25),F25,0)+IF(ISNUMBER(I25),I25,0)+IF(ISNUMBER(L25),L25,0)+IF(ISNUMBER(O25),O25,0))/(ISNUMBER(C25)*1+ISNUMBER(F25)*1+ISNUMBER(I25)*1+ISNUMBER(L25)*1+ISNUMBER(O25)*1),"") -> 1201.6667 | C25: =IFERROR(IF(SUMPRODUCT(('S24'!$K$3:$K$600>=$B$2+0)*('S24'!$K$3:$K$600<$B$2+7)*('S24'!$H$3:$H$600))=0,"",SUMPRODUCT(('S24'!$K$3:$K$600>=$B$2+0)*('S24'!$K$3:$K$600<$B$2+7)*('S24'!$H$3:$H$600))),"") | D25: S24 · Jan 22, 2024 | F25: =IFERROR(IF(SUMPRODUCT(('F24'!$K$3:$K$600>=$C$2+0)*('F24'!$K$3:$K$600<$C$2+7)*('F24'!$H$3:$H$600))=0,"",SUMPRODUCT(('F24'!$K$3:$K$600>=$C$2+0)*('F24'!$K$3:$K$600<$C$2+7)*('F24'!$H$3:$H$600))),"") -> 1079 | G25: F24 · Sep 9, 2024 | I25: =IFERROR(IF(SUMPRODUCT(('S25'!$K$3:$K$600>=$D$2+0)*('S25'!$K$3:$K$600<$D$2+7)*('S25'!$H$3:$H$600))=0,"",SUMPRODUCT(('S25'!$K$3:$K$600>=$D$2+0)*('S25'!$K$3:$K$600<$D$2+7)*('S25'!$H$3:$H$600))),"") | J25: S25 · Jan 20, 2025 | L25: =IFERROR(IF(SUMPRODUCT(('F25'!$K$3:$K$600>=$E$2+0)*('F25'!$K$3:$K$600<$E$2+7)*('F25'!$H$3:$H$600))=0,"",SUMPRODUCT(('F25'!$K$3:$K$600>=$E$2+0)*('F25'!$K$3:$K$600<$E$2+7)*('F25'!$H$3:$H$600))),"") -> 2036 | M25: F25 · Sep 8, 2025 | O25: =IFERROR(IF(SUMPRODUCT(('S26'!$K$3:$K$600>=$F$2+0)*('S26'!$K$3:$K$600<$F$2+7)*('S26'!$H$3:$H$600))=0,"",SUMPRODUCT(('S26'!$K$3:$K$600>=$F$2+0)*('S26'!$K$3:$K$600<$F$2+7)*('S26'!$H$3:$H$600))),"") -> 490 | P25: S26* · Jan 19, 2026
A26: 2 | B26: =IFERROR((IF(ISNUMBER(C26),C26,0)+IF(ISNUMBER(F26),F26,0)+IF(ISNUMBER(I26),I26,0)+IF(ISNUMBER(L26),L26,0)+IF(ISNUMBER(O26),O26,0))/(ISNUMBER(C26)*1+ISNUMBER(F26)*1+ISNUMBER(I26)*1+ISNUMBER(L26)*1+ISNUMBER(O26)*1),"") -> 1950.25 | C26: =IFERROR(IF(SUMPRODUCT(('S24'!$K$3:$K$600>=$B$2+7)*('S24'!$K$3:$K$600<$B$2+14)*('S24'!$H$3:$H$600))=0,"",SUMPRODUCT(('S24'!$K$3:$K$600>=$B$2+7)*('S24'!$K$3:$K$600<$B$2+14)*('S24'!$H$3:$H$600))),"") | D26: S24 · Jan 29, 2024 | F26: =IFERROR(IF(SUMPRODUCT(('F24'!$K$3:$K$600>=$C$2+7)*('F24'!$K$3:$K$600<$C$2+14)*('F24'!$H$3:$H$600))=0,"",SUMPRODUCT(('F24'!$K$3:$K$600>=$C$2+7)*('F24'!$K$3:$K$600<$C$2+14)*('F24'!$H$3:$H$600))),"") -> 1634 | G26: F24 · Sep 16, 2024 | I26: =IFERROR(IF(SUMPRODUCT(('S25'!$K$3:$K$600>=$D$2+7)*('S25'!$K$3:$K$600<$D$2+14)*('S25'!$H$3:$H$600))=0,"",SUMPRODUCT(('S25'!$K$3:$K$600>=$D$2+7)*('S25'!$K$3:$K$600<$D$2+14)*('S25'!$H$3:$H$600))),"") -> 2292 | J26: S25 · Jan 27, 2025 | L26: =IFERROR(IF(SUMPRODUCT(('F25'!$K$3:$K$600>=$E$2+7)*('F25'!$K$3:$K$600<$E$2+14)*('F25'!$H$3:$H$600))=0,"",SUMPRODUCT(('F25'!$K$3:$K$600>=$E$2+7)*('F25'!$K$3:$K$600<$E$2+14)*('F25'!$H$3:$H$600))),"") -> 2521 | M26: F25 · Sep 15, 2025 | O26: =IFERROR(IF(SUMPRODUCT(('S26'!$K$3:$K$600>=$F$2+7)*('S26'!$K$3:$K$600<$F$2+14)*('S26'!$H$3:$H$600))=0,"",SUMPRODUCT(('S26'!$K$3:$K$600>=$F$2+7)*('S26'!$K$3:$K$600<$F$2+14)*('S26'!$H$3:$H$600))),"") -> 1354 | P26: S26* · Jan 26, 2026
A27: 3 | B27: =IFERROR((IF(ISNUMBER(C27),C27,0)+IF(ISNUMBER(F27),F27,0)+IF(ISNUMBER(I27),I27,0)+IF(ISNUMBER(L27),L27,0)+IF(ISNUMBER(O27),O27,0))/(ISNUMBER(C27)*1+ISNUMBER(F27)*1+ISNUMBER(I27)*1+ISNUMBER(L27)*1+ISNUMBER(O27)*1),"") -> 2583.5 | C27: =IFERROR(IF(SUMPRODUCT(('S24'!$K$3:$K$600>=$B$2+14)*('S24'!$K$3:$K$600<$B$2+21)*('S24'!$H$3:$H$600))=0,"",SUMPRODUCT(('S24'!$K$3:$K$600>=$B$2+14)*('S24'!$K$3:$K$600<$B$2+21)*('S24'!$H$3:$H$600))),"") | D27: S24 · Feb 5, 2024 | F27: =IFERROR(IF(SUMPRODUCT(('F24'!$K$3:$K$600>=$C$2+14)*('F24'!$K$3:$K$600<$C$2+21)*('F24'!$H$3:$H$600))=0,"",SUMPRODUCT(('F24'!$K$3:$K$600>=$C$2+14)*('F24'!$K$3:$K$600<$C$2+21)*('F24'!$H$3:$H$600))),"") -> 1502 | G27: F24 · Sep 23, 2024 | I27: =IFERROR(IF(SUMPRODUCT(('S25'!$K$3:$K$600>=$D$2+14)*('S25'!$K$3:$K$600<$D$2+21)*('S25'!$H$3:$H$600))=0,"",SUMPRODUCT(('S25'!$K$3:$K$600>=$D$2+14)*('S25'!$K$3:$K$600<$D$2+21)*('S25'!$H$3:$H$600))),"") -> 2581 | J27: S25 · Feb 3, 2025 | L27: =IFERROR(IF(SUMPRODUCT(('F25'!$K$3:$K$600>=$E$2+14)*('F25'!$K$3:$K$600<$E$2+21)*('F25'!$H$3:$H$600))=0,"",SUMPRODUCT(('F25'!$K$3:$K$600>=$E$2+14)*('F25'!$K$3:$K$600<$E$2+21)*('F25'!$H$3:$H$600))),"") -> 2807 | M27: F25 · Sep 22, 2025 | O27: =IFERROR(IF(SUMPRODUCT(('S26'!$K$3:$K$600>=$F$2+14)*('S26'!$K$3:$K$600<$F$2+21)*('S26'!$H$3:$H$600))=0,"",SUMPRODUCT(('S26'!$K$3:$K$600>=$F$2+14)*('S26'!$K$3:$K$600<$F$2+21)*('S26'!$H$3:$H$600))),"") -> 3444 | P27: S26* · Feb 2, 2026
A28: 4 | B28: =IFERROR((IF(ISNUMBER(C28),C28,0)+IF(ISNUMBER(F28),F28,0)+IF(ISNUMBER(I28),I28,0)+IF(ISNUMBER(L28),L28,0)+IF(ISNUMBER(O28),O28,0))/(ISNUMBER(C28)*1+ISNUMBER(F28)*1+ISNUMBER(I28)*1+ISNUMBER(L28)*1+ISNUMBER(O28)*1),"") -> 2654 | C28: =IFERROR(IF(SUMPRODUCT(('S24'!$K$3:$K$600>=$B$2+21)*('S24'!$K$3:$K$600<$B$2+28)*('S24'!$H$3:$H$600))=0,"",SUMPRODUCT(('S24'!$K$3:$K$600>=$B$2+21)*('S24'!$K$3:$K$600<$B$2+28)*('S24'!$H$3:$H$600))),"") | D28: S24 · Feb 12, 2024 | F28: =IFERROR(IF(SUMPRODUCT(('F24'!$K$3:$K$600>=$C$2+21)*('F24'!$K$3:$K$600<$C$2+28)*('F24'!$H$3:$H$600))=0,"",SUMPRODUCT(('F24'!$K$3:$K$600>=$C$2+21)*('F24'!$K$3:$K$600<$C$2+28)*('F24'!$H$3:$H$600))),"") -> 2521 | G28: F24 · Sep 30, 2024 | I28: =IFERROR(IF(SUMPRODUCT(('S25'!$K$3:$K$600>=$D$2+21)*('S25'!$K$3:$K$600<$D$2+28)*('S25'!$H$3:$H$600))=0,"",SUMPRODUCT(('S25'!$K$3:$K$600>=$D$2+21)*('S25'!$K$3:$K$600<$D$2+28)*('S25'!$H$3:$H$600))),"") -> 2857 | J28: S25 · Feb 10, 2025 | L28: =IFERROR(IF(SUMPRODUCT(('F25'!$K$3:$K$600>=$E$2+21)*('F25'!$K$3:$K$600<$E$2+28)*('F25'!$H$3:$H$600))=0,"",SUMPRODUCT(('F25'!$K$3:$K$600>=$E$2+21)*('F25'!$K$3:$K$600<$E$2+28)*('F25'!$H$3:$H$600))),"") -> 2637 | M28: F25 · Sep 29, 2025 | O28: =IFERROR(IF(SUMPRODUCT(('S26'!$K$3:$K$600>=$F$2+21)*('S26'!$K$3:$K$600<$F$2+28)*('S26'!$H$3:$H$600))=0,"",SUMPRODUCT(('S26'!$K$3:$K$600>=$F$2+21)*('S26'!$K$3:$K$600<$F$2+28)*('S26'!$H$3:$H$600))),"") -> 2601 | P28: S26* · Feb 9, 2026
A29: 5 | B29: =IFERROR((IF(ISNUMBER(C29),C29,0)+IF(ISNUMBER(F29),F29,0)+IF(ISNUMBER(I29),I29,0)+IF(ISNUMBER(L29),L29,0)+IF(ISNUMBER(O29),O29,0))/(ISNUMBER(C29)*1+ISNUMBER(F29)*1+ISNUMBER(I29)*1+ISNUMBER(L29)*1+ISNUMBER(O29)*1),"") -> 2372 | C29: =IFERROR(IF(SUMPRODUCT(('S24'!$K$3:$K$600>=$B$2+28)*('S24'!$K$3:$K$600<$B$2+35)*('S24'!$H$3:$H$600))=0,"",SUMPRODUCT(('S24'!$K$3:$K$600>=$B$2+28)*('S24'!$K$3:$K$600<$B$2+35)*('S24'!$H$3:$H$600))),"") | D29: S24 · Feb 19, 2024 | F29: =IFERROR(IF(SUMPRODUCT(('F24'!$K$3:$K$600>=$C$2+28)*('F24'!$K$3:$K$600<$C$2+35)*('F24'!$H$3:$H$600))=0,"",SUMPRODUCT(('F24'!$K$3:$K$600>=$C$2+28)*('F24'!$K$3:$K$600<$C$2+35)*('F24'!$H$3:$H$600))),"") -> 2246 | G29: F24 · Oct 7, 2024 | I29: =IFERROR(IF(SUMPRODUCT(('S25'!$K$3:$K$600>=$D$2+28)*('S25'!$K$3:$K$600<$D$2+35)*('S25'!$H$3:$H$600))=0,"",SUMPRODUCT(('S25'!$K$3:$K$600>=$D$2+28)*('S25'!$K$3:$K$600<$D$2+35)*('S25'!$H$3:$H$600))),"") -> 2372 | J29: S25 · Feb 17, 2025 | L29: =IFERROR(IF(SUMPRODUCT(('F25'!$K$3:$K$600>=$E$2+28)*('F25'!$K$3:$K$600<$E$2+35)*('F25'!$H$3:$H$600))=0,"",SUMPRODUCT(('F25'!$K$3:$K$600>=$E$2+28)*('F25'!$K$3:$K$600<$E$2+35)*('F25'!$H$3:$H$600))),"") -> 2198 | M29: F25 · Oct 6, 2025 | O29: =IFERROR(IF(SUMPRODUCT(('S26'!$K$3:$K$600>=$F$2+28)*('S26'!$K$3:$K$600<$F$2+35)*('S26'!$H$3:$H$600))=0,"",SUMPRODUCT(('S26'!$K$3:$K$600>=$F$2+28)*('S26'!$K$3:$K$600<$F$2+35)*('S26'!$H$3:$H$600))),"") -> 2672 | P29: S26* · Feb 16, 2026
A30: 6 | B30: =IFERROR((IF(ISNUMBER(C30),C30,0)+IF(ISNUMBER(F30),F30,0)+IF(ISNUMBER(I30),I30,0)+IF(ISNUMBER(L30),L30,0)+IF(ISNUMBER(O30),O30,0))/(ISNUMBER(C30)*1+ISNUMBER(F30)*1+ISNUMBER(I30)*1+ISNUMBER(L30)*1+ISNUMBER(O30)*1),"") -> 1751 | C30: =IFERROR(IF(SUMPRODUCT(('S24'!$K$3:$K$600>=$B$2+35)*('S24'!$K$3:$K$600<$B$2+42)*('S24'!$H$3:$H$600))=0,"",SUMPRODUCT(('S24'!$K$3:$K$600>=$B$2+35)*('S24'!$K$3:$K$600<$B$2+42)*('S24'!$H$3:$H$600))),"") | D30: S24 · Feb 26, 2024 | F30: =IFERROR(IF(SUMPRODUCT(('F24'!$K$3:$K$600>=$C$2+35)*('F24'!$K$3:$K$600<$C$2+42)*('F24'!$H$3:$H$600))=0,"",SUMPRODUCT(('F24'!$K$3:$K$600>=$C$2+35)*('F24'!$K$3:$K$600<$C$2+42)*('F24'!$H$3:$H$600))),"") -> 1921 | G30: F24 · Oct 14, 2024 | H30: Columbus Day | I30: =IFERROR(IF(SUMPRODUCT(('S25'!$K$3:$K$600>=$D$2+35)*('S25'!$K$3:$K$600<$D$2+42)*('S25'!$H$3:$H$600))=0,"",SUMPRODUCT(('S25'!$K$3:$K$600>=$D$2+35)*('S25'!$K$3:$K$600<$D$2+42)*('S25'!$H$3:$H$600))),"") -> 2607 | J30: S25 · Feb 24, 2025 | L30: =IFERROR(IF(SUMPRODUCT(('F25'!$K$3:$K$600>=$E$2+35)*('F25'!$K$3:$K$600<$E$2+42)*('F25'!$H$3:$H$600))=0,"",SUMPRODUCT(('F25'!$K$3:$K$600>=$E$2+35)*('F25'!$K$3:$K$600<$E$2+42)*('F25'!$H$3:$H$600))),"") -> 1860 | M30: F25 · Oct 13, 2025 | N30: Columbus Day | O30: =IFERROR(IF(SUMPRODUCT(('S26'!$K$3:$K$600>=$F$2+35)*('S26'!$K$3:$K$600<$F$2+42)*('S26'!$H$3:$H$600))=0,"",SUMPRODUCT(('S26'!$K$3:$K$600>=$F$2+35)*('S26'!$K$3:$K$600<$F$2+42)*('S26'!$H$3:$H$600))),"") -> 616 | P30: S26* · Feb 23, 2026 | Q30: 3 snow days
A31: 7 | B31: =IFERROR((IF(ISNUMBER(C31),C31,0)+IF(ISNUMBER(F31),F31,0)+IF(ISNUMBER(I31),I31,0)+IF(ISNUMBER(L31),L31,0)+IF(ISNUMBER(O31),O31,0))/(ISNUMBER(C31)*1+ISNUMBER(F31)*1+ISNUMBER(I31)*1+ISNUMBER(L31)*1+ISNUMBER(O31)*1),"") -> 2558.75 | C31: =IFERROR(IF(SUMPRODUCT(('S24'!$K$3:$K$600>=$B$2+42)*('S24'!$K$3:$K$600<$B$2+49)*('S24'!$H$3:$H$600))=0,"",SUMPRODUCT(('S24'!$K$3:$K$600>=$B$2+42)*('S24'!$K$3:$K$600<$B$2+49)*('S24'!$H$3:$H$600))),"") | D31: S24 · Mar 4, 2024 | F31: =IFERROR(IF(SUMPRODUCT(('F24'!$K$3:$K$600>=$C$2+42)*('F24'!$K$3:$K$600<$C$2+49)*('F24'!$H$3:$H$600))=0,"",SUMPRODUCT(('F24'!$K$3:$K$600>=$C$2+42)*('F24'!$K$3:$K$600<$C$2+49)*('F24'!$H$3:$H$600))),"") -> 2697 | G31: F24 · Oct 21, 2024 | I31: =IFERROR(IF(SUMPRODUCT(('S25'!$K$3:$K$600>=$D$2+42)*('S25'!$K$3:$K$600<$D$2+49)*('S25'!$H$3:$H$600))=0,"",SUMPRODUCT(('S25'!$K$3:$K$600>=$D$2+42)*('S25'!$K$3:$K$600<$D$2+49)*('S25'!$H$3:$H$600))),"") -> 2059 | J31: S25 · Mar 3, 2025 | L31: =IFERROR(IF(SUMPRODUCT(('F25'!$K$3:$K$600>=$E$2+42)*('F25'!$K$3:$K$600<$E$2+49)*('F25'!$H$3:$H$600))=0,"",SUMPRODUCT(('F25'!$K$3:$K$600>=$E$2+42)*('F25'!$K$3:$K$600<$E$2+49)*('F25'!$H$3:$H$600))),"") -> 2852 | M31: F25 · Oct 20, 2025 | O31: =IFERROR(IF(SUMPRODUCT(('S26'!$K$3:$K$600>=$F$2+42)*('S26'!$K$3:$K$600<$F$2+49)*('S26'!$H$3:$H$600))=0,"",SUMPRODUCT(('S26'!$K$3:$K$600>=$F$2+42)*('S26'!$K$3:$K$600<$F$2+49)*('S26'!$H$3:$H$600))),"") -> 2627 | P31: S26* · Mar 2, 2026
A32: 8 | B32: =IFERROR((IF(ISNUMBER(C32),C32,0)+IF(ISNUMBER(F32),F32,0)+IF(ISNUMBER(I32),I32,0)+IF(ISNUMBER(L32),L32,0)+IF(ISNUMBER(O32),O32,0))/(ISNUMBER(C32)*1+ISNUMBER(F32)*1+ISNUMBER(I32)*1+ISNUMBER(L32)*1+ISNUMBER(O32)*1),"") -> 2717 | C32: =IFERROR(IF(SUMPRODUCT(('S24'!$K$3:$K$600>=$B$2+49)*('S24'!$K$3:$K$600<$B$2+56)*('S24'!$H$3:$H$600))=0,"",SUMPRODUCT(('S24'!$K$3:$K$600>=$B$2+49)*('S24'!$K$3:$K$600<$B$2+56)*('S24'!$H$3:$H$600))),"") | D32: S24 · Mar 11, 2024 | F32: =IFERROR(IF(SUMPRODUCT(('F24'!$K$3:$K$600>=$C$2+49)*('F24'!$K$3:$K$600<$C$2+56)*('F24'!$H$3:$H$600))=0,"",SUMPRODUCT(('F24'!$K$3:$K$600>=$C$2+49)*('F24'!$K$3:$K$600<$C$2+56)*('F24'!$H$3:$H$600))),"") -> 2343 | G32: F24 · Oct 28, 2024 | I32: =IFERROR(IF(SUMPRODUCT(('S25'!$K$3:$K$600>=$D$2+49)*('S25'!$K$3:$K$600<$D$2+56)*('S25'!$H$3:$H$600))=0,"",SUMPRODUCT(('S25'!$K$3:$K$600>=$D$2+49)*('S25'!$K$3:$K$600<$D$2+56)*('S25'!$H$3:$H$600))),"") | J32: S25 · Mar 10, 2025 | K32: spring break | L32: =IFERROR(IF(SUMPRODUCT(('F25'!$K$3:$K$600>=$E$2+49)*('F25'!$K$3:$K$600<$E$2+56)*('F25'!$H$3:$H$600))=0,"",SUMPRODUCT(('F25'!$K$3:$K$600>=$E$2+49)*('F25'!$K$3:$K$600<$E$2+56)*('F25'!$H$3:$H$600))),"") -> 3078 | M32: F25 · Oct 27, 2025 | O32: =IFERROR(IF(SUMPRODUCT(('S26'!$K$3:$K$600>=$F$2+49)*('S26'!$K$3:$K$600<$F$2+56)*('S26'!$H$3:$H$600))=0,"",SUMPRODUCT(('S26'!$K$3:$K$600>=$F$2+49)*('S26'!$K$3:$K$600<$F$2+56)*('S26'!$H$3:$H$600))),"") -> 2730 | P32: S26* · Mar 9, 2026
A33: 9 | B33: =IFERROR((IF(ISNUMBER(C33),C33,0)+IF(ISNUMBER(F33),F33,0)+IF(ISNUMBER(I33),I33,0)+IF(ISNUMBER(L33),L33,0)+IF(ISNUMBER(O33),O33,0))/(ISNUMBER(C33)*1+ISNUMBER(F33)*1+ISNUMBER(I33)*1+ISNUMBER(L33)*1+ISNUMBER(O33)*1),"") -> 2023.115 | C33: =IFERROR(IF(SUMPRODUCT(('S24'!$K$3:$K$600>=$B$2+56)*('S24'!$K$3:$K$600<$B$2+63)*('S24'!$H$3:$H$600))=0,"",SUMPRODUCT(('S24'!$K$3:$K$600>=$B$2+56)*('S24'!$K$3:$K$600<$B$2+63)*('S24'!$H$3:$H$600))),"") -> 744.46 | D33: S24 · Mar 18, 2024 | F33: =IFERROR(IF(SUMPRODUCT(('F24'!$K$3:$K$600>=$C$2+56)*('F24'!$K$3:$K$600<$C$2+63)*('F24'!$H$3:$H$600))=0,"",SUMPRODUCT(('F24'!$K$3:$K$600>=$C$2+56)*('F24'!$K$3:$K$600<$C$2+63)*('F24'!$H$3:$H$600))),"") -> 2007 | G33: F24 · Oct 29, 2024 | I33: =IFERROR(IF(SUMPRODUCT(('S25'!$K$3:$K$600>=$D$2+56)*('S25'!$K$3:$K$600<$D$2+63)*('S25'!$H$3:$H$600))=0,"",SUMPRODUCT(('S25'!$K$3:$K$600>=$D$2+56)*('S25'!$K$3:$K$600<$D$2+63)*('S25'!$H$3:$H$600))),"") -> 2401 | J33: S25 · Mar 17, 2025 | L33: =IFERROR(IF(SUMPRODUCT(('F25'!$K$3:$K$600>=$E$2+56)*('F25'!$K$3:$K$600<$E$2+63)*('F25'!$H$3:$H$600))=0,"",SUMPRODUCT(('F25'!$K$3:$K$600>=$E$2+56)*('F25'!$K$3:$K$600<$E$2+63)*('F25'!$H$3:$H$600))),"") -> 2940 | M33: F25 · Oct 28, 2025 | O33: =IFERROR(IF(SUMPRODUCT(('S26'!$K$3:$K$600>=$F$2+56)*('S26'!$K$3:$K$600<$F$2+63)*('S26'!$H$3:$H$600))=0,"",SUMPRODUCT(('S26'!$K$3:$K$600>=$F$2+56)*('S26'!$K$3:$K$600<$F$2+63)*('S26'!$H$3:$H$600))),"") | P33: S26* · Mar 16, 2026 | Q33: spring break
A34: 10 | B34: =IFERROR((IF(ISNUMBER(C34),C34,0)+IF(ISNUMBER(F34),F34,0)+IF(ISNUMBER(I34),I34,0)+IF(ISNUMBER(L34),L34,0)+IF(ISNUMBER(O34),O34,0))/(ISNUMBER(C34)*1+ISNUMBER(F34)*1+ISNUMBER(I34)*1+ISNUMBER(L34)*1+ISNUMBER(O34)*1),"") -> 2111.02 | C34: =IFERROR(IF(SUMPRODUCT(('S24'!$K$3:$K$600>=$B$2+63)*('S24'!$K$3:$K$600<$B$2+70)*('S24'!$H$3:$H$600))=0,"",SUMPRODUCT(('S24'!$K$3:$K$600>=$B$2+63)*('S24'!$K$3:$K$600<$B$2+70)*('S24'!$H$3:$H$600))),"") -> 1473.1 | D34: S24 · Mar 25, 2024 | F34: =IFERROR(IF(SUMPRODUCT(('F24'!$K$3:$K$600>=$C$2+63)*('F24'!$K$3:$K$600<$C$2+70)*('F24'!$H$3:$H$600))=0,"",SUMPRODUCT(('F24'!$K$3:$K$600>=$C$2+63)*('F24'!$K$3:$K$600<$C$2+70)*('F24'!$H$3:$H$600))),"") -> 1977 | G34: F24 · Nov 4, 2024 | I34: =IFERROR(IF(SUMPRODUCT(('S25'!$K$3:$K$600>=$D$2+63)*('S25'!$K$3:$K$600<$D$2+70)*('S25'!$H$3:$H$600))=0,"",SUMPRODUCT(('S25'!$K$3:$K$600>=$D$2+63)*('S25'!$K$3:$K$600<$D$2+70)*('S25'!$H$3:$H$600))),"") -> 2181 | J34: S25 · Mar 24, 2025 | L34: =IFERROR(IF(SUMPRODUCT(('F25'!$K$3:$K$600>=$E$2+63)*('F25'!$K$3:$K$600<$E$2+70)*('F25'!$H$3:$H$600))=0,"",SUMPRODUCT(('F25'!$K$3:$K$600>=$E$2+63)*('F25'!$K$3:$K$600<$E$2+70)*('F25'!$H$3:$H$600))),"") -> 2468 | M34: F25 · Nov 3, 2025 | O34: =IFERROR(IF(SUMPRODUCT(('S26'!$K$3:$K$600>=$F$2+63)*('S26'!$K$3:$K$600<$F$2+70)*('S26'!$H$3:$H$600))=0,"",SUMPRODUCT(('S26'!$K$3:$K$600>=$F$2+63)*('S26'!$K$3:$K$600<$F$2+70)*('S26'!$H$3:$H$600))),"") -> 2456 | P34: S26* · Mar 23, 2026
A35: 11 | B35: =IFERROR((IF(ISNUMBER(C35),C35,0)+IF(ISNUMBER(F35),F35,0)+IF(ISNUMBER(I35),I35,0)+IF(ISNUMBER(L35),L35,0)+IF(ISNUMBER(O35),O35,0))/(ISNUMBER(C35)*1+ISNUMBER(F35)*1+ISNUMBER(I35)*1+ISNUMBER(L35)*1+ISNUMBER(O35)*1),"") -> 2227.6 | C35: =IFERROR(IF(SUMPRODUCT(('S24'!$K$3:$K$600>=$B$2+70)*('S24'!$K$3:$K$600<$B$2+77)*('S24'!$H$3:$H$600))=0,"",SUMPRODUCT(('S24'!$K$3:$K$600>=$B$2+70)*('S24'!$K$3:$K$600<$B$2+77)*('S24'!$H$3:$H$600))),"") -> 877 | D35: S24 · Apr 1, 2024 | F35: =IFERROR(IF(SUMPRODUCT(('F24'!$K$3:$K$600>=$C$2+70)*('F24'!$K$3:$K$600<$C$2+77)*('F24'!$H$3:$H$600))=0,"",SUMPRODUCT(('F24'!$K$3:$K$600>=$C$2+70)*('F24'!$K$3:$K$600<$C$2+77)*('F24'!$H$3:$H$600))),"") -> 2065 | G35: F24 · Nov 11, 2024 | I35: =IFERROR(IF(SUMPRODUCT(('S25'!$K$3:$K$600>=$D$2+70)*('S25'!$K$3:$K$600<$D$2+77)*('S25'!$H$3:$H$600))=0,"",SUMPRODUCT(('S25'!$K$3:$K$600>=$D$2+70)*('S25'!$K$3:$K$600<$D$2+77)*('S25'!$H$3:$H$600))),"") -> 2134 | J35: S25 · Mar 31, 2025 | L35: =IFERROR(IF(SUMPRODUCT(('F25'!$K$3:$K$600>=$E$2+70)*('F25'!$K$3:$K$600<$E$2+77)*('F25'!$H$3:$H$600))=0,"",SUMPRODUCT(('F25'!$K$3:$K$600>=$E$2+70)*('F25'!$K$3:$K$600<$E$2+77)*('F25'!$H$3:$H$600))),"") -> 3196 | M35: F25 · Nov 10, 2025 | O35: =IFERROR(IF(SUMPRODUCT(('S26'!$K$3:$K$600>=$F$2+70)*('S26'!$K$3:$K$600<$F$2+77)*('S26'!$H$3:$H$600))=0,"",SUMPRODUCT(('S26'!$K$3:$K$600>=$F$2+70)*('S26'!$K$3:$K$600<$F$2+77)*('S26'!$H$3:$H$600))),"") -> 2866 | P35: S26* · Mar 30, 2026
A36: 12 | B36: =IFERROR((IF(ISNUMBER(C36),C36,0)+IF(ISNUMBER(F36),F36,0)+IF(ISNUMBER(I36),I36,0)+IF(ISNUMBER(L36),L36,0)+IF(ISNUMBER(O36),O36,0))/(ISNUMBER(C36)*1+ISNUMBER(F36)*1+ISNUMBER(I36)*1+ISNUMBER(L36)*1+ISNUMBER(O36)*1),"") -> 1567.88 | C36: =IFERROR(IF(SUMPRODUCT(('S24'!$K$3:$K$600>=$B$2+77)*('S24'!$K$3:$K$600<$B$2+84)*('S24'!$H$3:$H$600))=0,"",SUMPRODUCT(('S24'!$K$3:$K$600>=$B$2+77)*('S24'!$K$3:$K$600<$B$2+84)*('S24'!$H$3:$H$600))),"") -> 1328.4 | D36: S24 · Apr 8, 2024 | F36: =IFERROR(IF(SUMPRODUCT(('F24'!$K$3:$K$600>=$C$2+77)*('F24'!$K$3:$K$600<$C$2+84)*('F24'!$H$3:$H$600))=0,"",SUMPRODUCT(('F24'!$K$3:$K$600>=$C$2+77)*('F24'!$K$3:$K$600<$C$2+84)*('F24'!$H$3:$H$600))),"") -> 322 | G36: F24 · Nov 18, 2024 | H36: Thanksgiving | I36: =IFERROR(IF(SUMPRODUCT(('S25'!$K$3:$K$600>=$D$2+77)*('S25'!$K$3:$K$600<$D$2+84)*('S25'!$H$3:$H$600))=0,"",SUMPRODUCT(('S25'!$K$3:$K$600>=$D$2+77)*('S25'!$K$3:$K$600<$D$2+84)*('S25'!$H$3:$H$600))),"") -> 2389 | J36: S25 · Apr 7, 2025 | L36: =IFERROR(IF(SUMPRODUCT(('F25'!$K$3:$K$600>=$E$2+77)*('F25'!$K$3:$K$600<$E$2+84)*('F25'!$H$3:$H$600))=0,"",SUMPRODUCT(('F25'!$K$3:$K$600>=$E$2+77)*('F25'!$K$3:$K$600<$E$2+84)*('F25'!$H$3:$H$600))),"") -> 674 | M36: F25 · Nov 17, 2025 | N36: Thanksgiving | O36: =IFERROR(IF(SUMPRODUCT(('S26'!$K$3:$K$600>=$F$2+77)*('S26'!$K$3:$K$600<$F$2+84)*('S26'!$H$3:$H$600))=0,"",SUMPRODUCT(('S26'!$K$3:$K$600>=$F$2+77)*('S26'!$K$3:$K$600<$F$2+84)*('S26'!$H$3:$H$600))),"") -> 3126 | P36: S26* · Apr 6, 2026
A37: 13 | B37: =IFERROR((IF(ISNUMBER(C37),C37,0)+IF(ISNUMBER(F37),F37,0)+IF(ISNUMBER(I37),I37,0)+IF(ISNUMBER(L37),L37,0)+IF(ISNUMBER(O37),O37,0))/(ISNUMBER(C37)*1+ISNUMBER(F37)*1+ISNUMBER(I37)*1+ISNUMBER(L37)*1+ISNUMBER(O37)*1),"") -> 2323.58 | C37: =IFERROR(IF(SUMPRODUCT(('S24'!$K$3:$K$600>=$B$2+84)*('S24'!$K$3:$K$600<$B$2+91)*('S24'!$H$3:$H$600))=0,"",SUMPRODUCT(('S24'!$K$3:$K$600>=$B$2+84)*('S24'!$K$3:$K$600<$B$2+91)*('S24'!$H$3:$H$600))),"") -> 1418.9 | D37: S24 · Apr 15, 2024 | F37: =IFERROR(IF(SUMPRODUCT(('F24'!$K$3:$K$600>=$C$2+84)*('F24'!$K$3:$K$600<$C$2+91)*('F24'!$H$3:$H$600))=0,"",SUMPRODUCT(('F24'!$K$3:$K$600>=$C$2+84)*('F24'!$K$3:$K$600<$C$2+91)*('F24'!$H$3:$H$600))),"") -> 2408 | G37: F24 · Nov 25, 2024 | I37: =IFERROR(IF(SUMPRODUCT(('S25'!$K$3:$K$600>=$D$2+84)*('S25'!$K$3:$K$600<$D$2+91)*('S25'!$H$3:$H$600))=0,"",SUMPRODUCT(('S25'!$K$3:$K$600>=$D$2+84)*('S25'!$K$3:$K$600<$D$2+91)*('S25'!$H$3:$H$600))),"") -> 2647 | J37: S25 · Apr 14, 2025 | L37: =IFERROR(IF(SUMPRODUCT(('F25'!$K$3:$K$600>=$E$2+84)*('F25'!$K$3:$K$600<$E$2+91)*('F25'!$H$3:$H$600))=0,"",SUMPRODUCT(('F25'!$K$3:$K$600>=$E$2+84)*('F25'!$K$3:$K$600<$E$2+91)*('F25'!$H$3:$H$600))),"") -> 2701 | M37: F25 · Nov 24, 2025 | O37: =IFERROR(IF(SUMPRODUCT(('S26'!$K$3:$K$600>=$F$2+84)*('S26'!$K$3:$K$600<$F$2+91)*('S26'!$H$3:$H$600))=0,"",SUMPRODUCT(('S26'!$K$3:$K$600>=$F$2+84)*('S26'!$K$3:$K$600<$F$2+91)*('S26'!$H$3:$H$600))),"") -> 2443 | P37: S26* · Apr 13, 2026
A38: 14 | B38: =IFERROR((IF(ISNUMBER(C38),C38,0)+IF(ISNUMBER(F38),F38,0)+IF(ISNUMBER(I38),I38,0)+IF(ISNUMBER(L38),L38,0)+IF(ISNUMBER(O38),O38,0))/(ISNUMBER(C38)*1+ISNUMBER(F38)*1+ISNUMBER(I38)*1+ISNUMBER(L38)*1+ISNUMBER(O38)*1),"") -> 1599.4 | C38: =IFERROR(IF(SUMPRODUCT(('S24'!$K$3:$K$600>=$B$2+91)*('S24'!$K$3:$K$600<$B$2+98)*('S24'!$H$3:$H$600))=0,"",SUMPRODUCT(('S24'!$K$3:$K$600>=$B$2+91)*('S24'!$K$3:$K$600<$B$2+98)*('S24'!$H$3:$H$600))),"") -> 1116 | D38: S24 · Apr 22, 2024 | F38: =IFERROR(IF(SUMPRODUCT(('F24'!$K$3:$K$600>=$C$2+91)*('F24'!$K$3:$K$600<$C$2+98)*('F24'!$H$3:$H$600))=0,"",SUMPRODUCT(('F24'!$K$3:$K$600>=$C$2+91)*('F24'!$K$3:$K$600<$C$2+98)*('F24'!$H$3:$H$600))),"") -> 1577 | G38: F24 · Dec 2, 2024 | I38: =IFERROR(IF(SUMPRODUCT(('S25'!$K$3:$K$600>=$D$2+91)*('S25'!$K$3:$K$600<$D$2+98)*('S25'!$H$3:$H$600))=0,"",SUMPRODUCT(('S25'!$K$3:$K$600>=$D$2+91)*('S25'!$K$3:$K$600<$D$2+98)*('S25'!$H$3:$H$600))),"") -> 2700 | J38: S25 · Apr 21, 2025 | L38: =IFERROR(IF(SUMPRODUCT(('F25'!$K$3:$K$600>=$E$2+91)*('F25'!$K$3:$K$600<$E$2+98)*('F25'!$H$3:$H$600))=0,"",SUMPRODUCT(('F25'!$K$3:$K$600>=$E$2+91)*('F25'!$K$3:$K$600<$E$2+98)*('F25'!$H$3:$H$600))),"") -> 1469 | M38: F25 · Dec 1, 2025 | O38: =IFERROR(IF(SUMPRODUCT(('S26'!$K$3:$K$600>=$F$2+91)*('S26'!$K$3:$K$600<$F$2+98)*('S26'!$H$3:$H$600))=0,"",SUMPRODUCT(('S26'!$K$3:$K$600>=$F$2+91)*('S26'!$K$3:$K$600<$F$2+98)*('S26'!$H$3:$H$600))),"") -> 1135 | P38: S26* · Apr 20, 2026
A39: † Tooltip date cols (italic headers) show the actual calendar date per semester per week. In chart editor: select each "[sem] date" column → Column role → Tooltip.
A41: T11 · Program Progress → color-coded scatter by semester
B42: lifetime lbs ──▶ | G42: lbs this week ──▶
A43: Week | B43: S24 | C43: F24 | D43: S25 | E43: F25 | F43: S26* | G43: S24 | H43: F24 | I43: S25 | J43: F25 | K43: S26*
A44: 45313 | B44: =IFERROR(IF(SUMPRODUCT(('S24'!$K$3:$K$600>=$B$2+0)*('S24'!$K$3:$K$600<$B$2+7)*('S24'!$H$3:$H$600))=0,"",SUMPRODUCT(('S24'!$K$3:$K$600>=$B$2+0)*('S24'!$K$3:$K$600<$B$2+7)*('S24'!$H$3:$H$600))),"") | G44: =IFERROR(IF(SUMPRODUCT(('S24'!$K$3:$K$600>=$B$2+0)*('S24'!$K$3:$K$600<$B$2+7)*('S24'!$H$3:$H$600))=0,"",SUMPRODUCT(('S24'!$K$3:$K$600>=$B$2+0)*('S24'!$K$3:$K$600<$B$2+7)*('S24'!$H$3:$H$600))),"")
A45: 45320 | B45: =IFERROR(IF(SUMPRODUCT(('S24'!$K$3:$K$600>=$B$2+0)*('S24'!$K$3:$K$600<$B$2+14)*('S24'!$H$3:$H$600))=0,"",SUMPRODUCT(('S24'!$K$3:$K$600>=$B$2+0)*('S24'!$K$3:$K$600<$B$2+14)*('S24'!$H$3:$H$600))),"") | G45: =IFERROR(IF(SUMPRODUCT(('S24'!$K$3:$K$600>=$B$2+7)*('S24'!$K$3:$K$600<$B$2+14)*('S24'!$H$3:$H$600))=0,"",SUMPRODUCT(('S24'!$K$3:$K$600>=$B$2+7)*('S24'!$K$3:$K$600<$B$2+14)*('S24'!$H$3:$H$600))),"")
A46: 45327 | B46: =IFERROR(IF(SUMPRODUCT(('S24'!$K$3:$K$600>=$B$2+0)*('S24'!$K$3:$K$600<$B$2+21)*('S24'!$H$3:$H$600))=0,"",SUMPRODUCT(('S24'!$K$3:$K$600>=$B$2+0)*('S24'!$K$3:$K$600<$B$2+21)*('S24'!$H$3:$H$600))),"") | G46: =IFERROR(IF(SUMPRODUCT(('S24'!$K$3:$K$600>=$B$2+14)*('S24'!$K$3:$K$600<$B$2+21)*('S24'!$H$3:$H$600))=0,"",SUMPRODUCT(('S24'!$K$3:$K$600>=$B$2+14)*('S24'!$K$3:$K$600<$B$2+21)*('S24'!$H$3:$H$600))),"")
A47: 45334 | B47: =IFERROR(IF(SUMPRODUCT(('S24'!$K$3:$K$600>=$B$2+0)*('S24'!$K$3:$K$600<$B$2+28)*('S24'!$H$3:$H$600))=0,"",SUMPRODUCT(('S24'!$K$3:$K$600>=$B$2+0)*('S24'!$K$3:$K$600<$B$2+28)*('S24'!$H$3:$H$600))),"") | G47: =IFERROR(IF(SUMPRODUCT(('S24'!$K$3:$K$600>=$B$2+21)*('S24'!$K$3:$K$600<$B$2+28)*('S24'!$H$3:$H$600))=0,"",SUMPRODUCT(('S24'!$K$3:$K$600>=$B$2+21)*('S24'!$K$3:$K$600<$B$2+28)*('S24'!$H$3:$H$600))),"")
A48: 45341 | B48: =IFERROR(IF(SUMPRODUCT(('S24'!$K$3:$K$600>=$B$2+0)*('S24'!$K$3:$K$600<$B$2+35)*('S24'!$H$3:$H$600))=0,"",SUMPRODUCT(('S24'!$K$3:$K$600>=$B$2+0)*('S24'!$K$3:$K$600<$B$2+35)*('S24'!$H$3:$H$600))),"") | G48: =IFERROR(IF(SUMPRODUCT(('S24'!$K$3:$K$600>=$B$2+28)*('S24'!$K$3:$K$600<$B$2+35)*('S24'!$H$3:$H$600))=0,"",SUMPRODUCT(('S24'!$K$3:$K$600>=$B$2+28)*('S24'!$K$3:$K$600<$B$2+35)*('S24'!$H$3:$H$600))),"")
A49: 45348 | B49: =IFERROR(IF(SUMPRODUCT(('S24'!$K$3:$K$600>=$B$2+0)*('S24'!$K$3:$K$600<$B$2+42)*('S24'!$H$3:$H$600))=0,"",SUMPRODUCT(('S24'!$K$3:$K$600>=$B$2+0)*('S24'!$K$3:$K$600<$B$2+42)*('S24'!$H$3:$H$600))),"") | G49: =IFERROR(IF(SUMPRODUCT(('S24'!$K$3:$K$600>=$B$2+35)*('S24'!$K$3:$K$600<$B$2+42)*('S24'!$H$3:$H$600))=0,"",SUMPRODUCT(('S24'!$K$3:$K$600>=$B$2+35)*('S24'!$K$3:$K$600<$B$2+42)*('S24'!$H$3:$H$600))),"")
A50: 45355 | B50: =IFERROR(IF(SUMPRODUCT(('S24'!$K$3:$K$600>=$B$2+0)*('S24'!$K$3:$K$600<$B$2+49)*('S24'!$H$3:$H$600))=0,"",SUMPRODUCT(('S24'!$K$3:$K$600>=$B$2+0)*('S24'!$K$3:$K$600<$B$2+49)*('S24'!$H$3:$H$600))),"") | G50: =IFERROR(IF(SUMPRODUCT(('S24'!$K$3:$K$600>=$B$2+42)*('S24'!$K$3:$K$600<$B$2+49)*('S24'!$H$3:$H$600))=0,"",SUMPRODUCT(('S24'!$K$3:$K$600>=$B$2+42)*('S24'!$K$3:$K$600<$B$2+49)*('S24'!$H$3:$H$600))),"")
A51: 45362 | B51: =IFERROR(IF(SUMPRODUCT(('S24'!$K$3:$K$600>=$B$2+0)*('S24'!$K$3:$K$600<$B$2+56)*('S24'!$H$3:$H$600))=0,"",SUMPRODUCT(('S24'!$K$3:$K$600>=$B$2+0)*('S24'!$K$3:$K$600<$B$2+56)*('S24'!$H$3:$H$600))),"") | G51: =IFERROR(IF(SUMPRODUCT(('S24'!$K$3:$K$600>=$B$2+49)*('S24'!$K$3:$K$600<$B$2+56)*('S24'!$H$3:$H$600))=0,"",SUMPRODUCT(('S24'!$K$3:$K$600>=$B$2+49)*('S24'!$K$3:$K$600<$B$2+56)*('S24'!$H$3:$H$600))),"")
A52: 45369 | B52: =IFERROR(IF(SUMPRODUCT(('S24'!$K$3:$K$600>=$B$2+0)*('S24'!$K$3:$K$600<$B$2+63)*('S24'!$H$3:$H$600))=0,"",SUMPRODUCT(('S24'!$K$3:$K$600>=$B$2+0)*('S24'!$K$3:$K$600<$B$2+63)*('S24'!$H$3:$H$600))),"") -> 744.46 | G52: =IFERROR(IF(SUMPRODUCT(('S24'!$K$3:$K$600>=$B$2+56)*('S24'!$K$3:$K$600<$B$2+63)*('S24'!$H$3:$H$600))=0,"",SUMPRODUCT(('S24'!$K$3:$K$600>=$B$2+56)*('S24'!$K$3:$K$600<$B$2+63)*('S24'!$H$3:$H$600))),"") -> 744.46
A53: 45376 | B53: =IFERROR(IF(SUMPRODUCT(('S24'!$K$3:$K$600>=$B$2+0)*('S24'!$K$3:$K$600<$B$2+70)*('S24'!$H$3:$H$600))=0,"",SUMPRODUCT(('S24'!$K$3:$K$600>=$B$2+0)*('S24'!$K$3:$K$600<$B$2+70)*('S24'!$H$3:$H$600))),"") -> 2217.56 | G53: =IFERROR(IF(SUMPRODUCT(('S24'!$K$3:$K$600>=$B$2+63)*('S24'!$K$3:$K$600<$B$2+70)*('S24'!$H$3:$H$600))=0,"",SUMPRODUCT(('S24'!$K$3:$K$600>=$B$2+63)*('S24'!$K$3:$K$600<$B$2+70)*('S24'!$H$3:$H$600))),"") -> 1473.1
A54: 45383 | B54: =IFERROR(IF(SUMPRODUCT(('S24'!$K$3:$K$600>=$B$2+0)*('S24'!$K$3:$K$600<$B$2+77)*('S24'!$H$3:$H$600))=0,"",SUMPRODUCT(('S24'!$K$3:$K$600>=$B$2+0)*('S24'!$K$3:$K$600<$B$2+77)*('S24'!$H$3:$H$600))),"") -> 3094.56 | G54: =IFERROR(IF(SUMPRODUCT(('S24'!$K$3:$K$600>=$B$2+70)*('S24'!$K$3:$K$600<$B$2+77)*('S24'!$H$3:$H$600))=0,"",SUMPRODUCT(('S24'!$K$3:$K$600>=$B$2+70)*('S24'!$K$3:$K$600<$B$2+77)*('S24'!$H$3:$H$600))),"") -> 877
A55: 45390 | B55: =IFERROR(IF(SUMPRODUCT(('S24'!$K$3:$K$600>=$B$2+0)*('S24'!$K$3:$K$600<$B$2+84)*('S24'!$H$3:$H$600))=0,"",SUMPRODUCT(('S24'!$K$3:$K$600>=$B$2+0)*('S24'!$K$3:$K$600<$B$2+84)*('S24'!$H$3:$H$600))),"") -> 4422.96 | G55: =IFERROR(IF(SUMPRODUCT(('S24'!$K$3:$K$600>=$B$2+77)*('S24'!$K$3:$K$600<$B$2+84)*('S24'!$H$3:$H$600))=0,"",SUMPRODUCT(('S24'!$K$3:$K$600>=$B$2+77)*('S24'!$K$3:$K$600<$B$2+84)*('S24'!$H$3:$H$600))),"") -> 1328.4
A56: 45397 | B56: =IFERROR(IF(SUMPRODUCT(('S24'!$K$3:$K$600>=$B$2+0)*('S24'!$K$3:$K$600<$B$2+91)*('S24'!$H$3:$H$600))=0,"",SUMPRODUCT(('S24'!$K$3:$K$600>=$B$2+0)*('S24'!$K$3:$K$600<$B$2+91)*('S24'!$H$3:$H$600))),"") -> 5841.86 | G56: =IFERROR(IF(SUMPRODUCT(('S24'!$K$3:$K$600>=$B$2+84)*('S24'!$K$3:$K$600<$B$2+91)*('S24'!$H$3:$H$600))=0,"",SUMPRODUCT(('S24'!$K$3:$K$600>=$B$2+84)*('S24'!$K$3:$K$600<$B$2+91)*('S24'!$H$3:$H$600))),"") -> 1418.9
A57: 45404 | B57: =IFERROR(IF(SUMPRODUCT(('S24'!$K$3:$K$600>=$B$2+0)*('S24'!$K$3:$K$600<$B$2+98)*('S24'!$H$3:$H$600))=0,"",SUMPRODUCT(('S24'!$K$3:$K$600>=$B$2+0)*('S24'!$K$3:$K$600<$B$2+98)*('S24'!$H$3:$H$600))),"") -> 6957.86 | G57: =IFERROR(IF(SUMPRODUCT(('S24'!$K$3:$K$600>=$B$2+91)*('S24'!$K$3:$K$600<$B$2+98)*('S24'!$H$3:$H$600))=0,"",SUMPRODUCT(('S24'!$K$3:$K$600>=$B$2+91)*('S24'!$K$3:$K$600<$B$2+98)*('S24'!$H$3:$H$600))),"") -> 1116
A58: 45544 | C58: =IFERROR(IF(SUM('S24'!$H:$H)+SUMPRODUCT(('F24'!$K$3:$K$600>=$C$2+0)*('F24'!$K$3:$K$600<$C$2+7)*('F24'!$H$3:$H$600))=0,"",SUM('S24'!$H:$H)+SUMPRODUCT(('F24'!$K$3:$K$600>=$C$2+0)*('F24'!$K$3:$K$600<$C$2+7)*('F24'!$H$3:$H$600))),"") -> 8189.86 | H58: =IFERROR(IF(SUMPRODUCT(('F24'!$K$3:$K$600>=$C$2+0)*('F24'!$K$3:$K$600<$C$2+7)*('F24'!$H$3:$H$600))=0,"",SUMPRODUCT(('F24'!$K$3:$K$600>=$C$2+0)*('F24'!$K$3:$K$600<$C$2+7)*('F24'!$H$3:$H$600))),"") -> 1079
A59: 45551 | C59: =IFERROR(IF(SUM('S24'!$H:$H)+SUMPRODUCT(('F24'!$K$3:$K$600>=$C$2+0)*('F24'!$K$3:$K$600<$C$2+14)*('F24'!$H$3:$H$600))=0,"",SUM('S24'!$H:$H)+SUMPRODUCT(('F24'!$K$3:$K$600>=$C$2+0)*('F24'!$K$3:$K$600<$C$2+14)*('F24'!$H$3:$H$600))),"") -> 9823.86 | H59: =IFERROR(IF(SUMPRODUCT(('F24'!$K$3:$K$600>=$C$2+7)*('F24'!$K$3:$K$600<$C$2+14)*('F24'!$H$3:$H$600))=0,"",SUMPRODUCT(('F24'!$K$3:$K$600>=$C$2+7)*('F24'!$K$3:$K$600<$C$2+14)*('F24'!$H$3:$H$600))),"") -> 1634
A60: 45558 | C60: =IFERROR(IF(SUM('S24'!$H:$H)+SUMPRODUCT(('F24'!$K$3:$K$600>=$C$2+0)*('F24'!$K$3:$K$600<$C$2+21)*('F24'!$H$3:$H$600))=0,"",SUM('S24'!$H:$H)+SUMPRODUCT(('F24'!$K$3:$K$600>=$C$2+0)*('F24'!$K$3:$K$600<$C$2+21)*('F24'!$H$3:$H$600))),"") -> 11325.86 | H60: =IFERROR(IF(SUMPRODUCT(('F24'!$K$3:$K$600>=$C$2+14)*('F24'!$K$3:$K$600<$C$2+21)*('F24'!$H$3:$H$600))=0,"",SUMPRODUCT(('F24'!$K$3:$K$600>=$C$2+14)*('F24'!$K$3:$K$600<$C$2+21)*('F24'!$H$3:$H$600))),"") -> 1502
A61: 45565 | C61: =IFERROR(IF(SUM('S24'!$H:$H)+SUMPRODUCT(('F24'!$K$3:$K$600>=$C$2+0)*('F24'!$K$3:$K$600<$C$2+28)*('F24'!$H$3:$H$600))=0,"",SUM('S24'!$H:$H)+SUMPRODUCT(('F24'!$K$3:$K$600>=$C$2+0)*('F24'!$K$3:$K$600<$C$2+28)*('F24'!$H$3:$H$600))),"") -> 13846.86 | H61: =IFERROR(IF(SUMPRODUCT(('F24'!$K$3:$K$600>=$C$2+21)*('F24'!$K$3:$K$600<$C$2+28)*('F24'!$H$3:$H$600))=0,"",SUMPRODUCT(('F24'!$K$3:$K$600>=$C$2+21)*('F24'!$K$3:$K$600<$C$2+28)*('F24'!$H$3:$H$600))),"") -> 2521
A62: 45572 | C62: =IFERROR(IF(SUM('S24'!$H:$H)+SUMPRODUCT(('F24'!$K$3:$K$600>=$C$2+0)*('F24'!$K$3:$K$600<$C$2+35)*('F24'!$H$3:$H$600))=0,"",SUM('S24'!$H:$H)+SUMPRODUCT(('F24'!$K$3:$K$600>=$C$2+0)*('F24'!$K$3:$K$600<$C$2+35)*('F24'!$H$3:$H$600))),"") -> 16092.86 | H62: =IFERROR(IF(SUMPRODUCT(('F24'!$K$3:$K$600>=$C$2+28)*('F24'!$K$3:$K$600<$C$2+35)*('F24'!$H$3:$H$600))=0,"",SUMPRODUCT(('F24'!$K$3:$K$600>=$C$2+28)*('F24'!$K$3:$K$600<$C$2+35)*('F24'!$H$3:$H$600))),"") -> 2246
A63: 45579 | C63: =IFERROR(IF(SUM('S24'!$H:$H)+SUMPRODUCT(('F24'!$K$3:$K$600>=$C$2+0)*('F24'!$K$3:$K$600<$C$2+42)*('F24'!$H$3:$H$600))=0,"",SUM('S24'!$H:$H)+SUMPRODUCT(('F24'!$K$3:$K$600>=$C$2+0)*('F24'!$K$3:$K$600<$C$2+42)*('F24'!$H$3:$H$600))),"") -> 18013.86 | H63: =IFERROR(IF(SUMPRODUCT(('F24'!$K$3:$K$600>=$C$2+35)*('F24'!$K$3:$K$600<$C$2+42)*('F24'!$H$3:$H$600))=0,"",SUMPRODUCT(('F24'!$K$3:$K$600>=$C$2+35)*('F24'!$K$3:$K$600<$C$2+42)*('F24'!$H$3:$H$600))),"") -> 1921
A64: 45586 | C64: =IFERROR(IF(SUM('S24'!$H:$H)+SUMPRODUCT(('F24'!$K$3:$K$600>=$C$2+0)*('F24'!$K$3:$K$600<$C$2+49)*('F24'!$H$3:$H$600))=0,"",SUM('S24'!$H:$H)+SUMPRODUCT(('F24'!$K$3:$K$600>=$C$2+0)*('F24'!$K$3:$K$600<$C$2+49)*('F24'!$H$3:$H$600))),"") -> 20710.86 | H64: =IFERROR(IF(SUMPRODUCT(('F24'!$K$3:$K$600>=$C$2+42)*('F24'!$K$3:$K$600<$C$2+49)*('F24'!$H$3:$H$600))=0,"",SUMPRODUCT(('F24'!$K$3:$K$600>=$C$2+42)*('F24'!$K$3:$K$600<$C$2+49)*('F24'!$H$3:$H$600))),"") -> 2697
A65: 45593 | C65: =IFERROR(IF(SUM('S24'!$H:$H)+SUMPRODUCT(('F24'!$K$3:$K$600>=$C$2+0)*('F24'!$K$3:$K$600<$C$2+56)*('F24'!$H$3:$H$600))=0,"",SUM('S24'!$H:$H)+SUMPRODUCT(('F24'!$K$3:$K$600>=$C$2+0)*('F24'!$K$3:$K$600<$C$2+56)*('F24'!$H$3:$H$600))),"") -> 23053.86 | H65: =IFERROR(IF(SUMPRODUCT(('F24'!$K$3:$K$600>=$C$2+49)*('F24'!$K$3:$K$600<$C$2+56)*('F24'!$H$3:$H$600))=0,"",SUMPRODUCT(('F24'!$K$3:$K$600>=$C$2+49)*('F24'!$K$3:$K$600<$C$2+56)*('F24'!$H$3:$H$600))),"") -> 2343
A66: 45594 | C66: =IFERROR(IF(SUM('S24'!$H:$H)+SUMPRODUCT(('F24'!$K$3:$K$600>=$C$2+0)*('F24'!$K$3:$K$600<$C$2+63)*('F24'!$H$3:$H$600))=0,"",SUM('S24'!$H:$H)+SUMPRODUCT(('F24'!$K$3:$K$600>=$C$2+0)*('F24'!$K$3:$K$600<$C$2+63)*('F24'!$H$3:$H$600))),"") -> 25060.86 | H66: =IFERROR(IF(SUMPRODUCT(('F24'!$K$3:$K$600>=$C$2+56)*('F24'!$K$3:$K$600<$C$2+63)*('F24'!$H$3:$H$600))=0,"",SUMPRODUCT(('F24'!$K$3:$K$600>=$C$2+56)*('F24'!$K$3:$K$600<$C$2+63)*('F24'!$H$3:$H$600))),"") -> 2007
A67: 45600 | C67: =IFERROR(IF(SUM('S24'!$H:$H)+SUMPRODUCT(('F24'!$K$3:$K$600>=$C$2+0)*('F24'!$K$3:$K$600<$C$2+70)*('F24'!$H$3:$H$600))=0,"",SUM('S24'!$H:$H)+SUMPRODUCT(('F24'!$K$3:$K$600>=$C$2+0)*('F24'!$K$3:$K$600<$C$2+70)*('F24'!$H$3:$H$600))),"") -> 27037.86 | H67: =IFERROR(IF(SUMPRODUCT(('F24'!$K$3:$K$600>=$C$2+63)*('F24'!$K$3:$K$600<$C$2+70)*('F24'!$H$3:$H$600))=0,"",SUMPRODUCT(('F24'!$K$3:$K$600>=$C$2+63)*('F24'!$K$3:$K$600<$C$2+70)*('F24'!$H$3:$H$600))),"") -> 1977
A68: 45607 | C68: =IFERROR(IF(SUM('S24'!$H:$H)+SUMPRODUCT(('F24'!$K$3:$K$600>=$C$2+0)*('F24'!$K$3:$K$600<$C$2+77)*('F24'!$H$3:$H$600))=0,"",SUM('S24'!$H:$H)+SUMPRODUCT(('F24'!$K$3:$K$600>=$C$2+0)*('F24'!$K$3:$K$600<$C$2+77)*('F24'!$H$3:$H$600))),"") -> 29102.86 | H68: =IFERROR(IF(SUMPRODUCT(('F24'!$K$3:$K$600>=$C$2+70)*('F24'!$K$3:$K$600<$C$2+77)*('F24'!$H$3:$H$600))=0,"",SUMPRODUCT(('F24'!$K$3:$K$600>=$C$2+70)*('F24'!$K$3:$K$600<$C$2+77)*('F24'!$H$3:$H$600))),"") -> 2065
A69: 45614 | C69: =IFERROR(IF(SUM('S24'!$H:$H)+SUMPRODUCT(('F24'!$K$3:$K$600>=$C$2+0)*('F24'!$K$3:$K$600<$C$2+84)*('F24'!$H$3:$H$600))=0,"",SUM('S24'!$H:$H)+SUMPRODUCT(('F24'!$K$3:$K$600>=$C$2+0)*('F24'!$K$3:$K$600<$C$2+84)*('F24'!$H$3:$H$600))),"") -> 29424.86 | H69: =IFERROR(IF(SUMPRODUCT(('F24'!$K$3:$K$600>=$C$2+77)*('F24'!$K$3:$K$600<$C$2+84)*('F24'!$H$3:$H$600))=0,"",SUMPRODUCT(('F24'!$K$3:$K$600>=$C$2+77)*('F24'!$K$3:$K$600<$C$2+84)*('F24'!$H$3:$H$600))),"") -> 322
A70: 45621 | C70: =IFERROR(IF(SUM('S24'!$H:$H)+SUMPRODUCT(('F24'!$K$3:$K$600>=$C$2+0)*('F24'!$K$3:$K$600<$C$2+91)*('F24'!$H$3:$H$600))=0,"",SUM('S24'!$H:$H)+SUMPRODUCT(('F24'!$K$3:$K$600>=$C$2+0)*('F24'!$K$3:$K$600<$C$2+91)*('F24'!$H$3:$H$600))),"") -> 31832.86 | H70: =IFERROR(IF(SUMPRODUCT(('F24'!$K$3:$K$600>=$C$2+84)*('F24'!$K$3:$K$600<$C$2+91)*('F24'!$H$3:$H$600))=0,"",SUMPRODUCT(('F24'!$K$3:$K$600>=$C$2+84)*('F24'!$K$3:$K$600<$C$2+91)*('F24'!$H$3:$H$600))),"") -> 2408
A71: 45628 | C71: =IFERROR(IF(SUM('S24'!$H:$H)+SUMPRODUCT(('F24'!$K$3:$K$600>=$C$2+0)*('F24'!$K$3:$K$600<$C$2+98)*('F24'!$H$3:$H$600))=0,"",SUM('S24'!$H:$H)+SUMPRODUCT(('F24'!$K$3:$K$600>=$C$2+0)*('F24'!$K$3:$K$600<$C$2+98)*('F24'!$H$3:$H$600))),"") -> 33409.86 | H71: =IFERROR(IF(SUMPRODUCT(('F24'!$K$3:$K$600>=$C$2+91)*('F24'!$K$3:$K$600<$C$2+98)*('F24'!$H$3:$H$600))=0,"",SUMPRODUCT(('F24'!$K$3:$K$600>=$C$2+91)*('F24'!$K$3:$K$600<$C$2+98)*('F24'!$H$3:$H$600))),"") -> 1577
A72: 45677 | D72: =IFERROR(IF(SUM('S24'!$H:$H)+SUM('F24'!$H:$H)+SUMPRODUCT(('S25'!$K$3:$K$600>=$D$2+0)*('S25'!$K$3:$K$600<$D$2+7)*('S25'!$H$3:$H$600))=0,"",SUM('S24'!$H:$H)+SUM('F24'!$H:$H)+SUMPRODUCT(('S25'!$K$3:$K$600>=$D$2+0)*('S25'!$K$3:$K$600<$D$2+7)*('S25'!$H$3:$H$600))),"") -> 33496.86 | I72: =IFERROR(IF(SUMPRODUCT(('S25'!$K$3:$K$600>=$D$2+0)*('S25'!$K$3:$K$600<$D$2+7)*('S25'!$H$3:$H$600))=0,"",SUMPRODUCT(('S25'!$K$3:$K$600>=$D$2+0)*('S25'!$K$3:$K$600<$D$2+7)*('S25'!$H$3:$H$600))),"")
A73: 45684 | D73: =IFERROR(IF(SUM('S24'!$H:$H)+SUM('F24'!$H:$H)+SUMPRODUCT(('S25'!$K$3:$K$600>=$D$2+0)*('S25'!$K$3:$K$600<$D$2+14)*('S25'!$H$3:$H$600))=0,"",SUM('S24'!$H:$H)+SUM('F24'!$H:$H)+SUMPRODUCT(('S25'!$K$3:$K$600>=$D$2+0)*('S25'!$K$3:$K$600<$D$2+14)*('S25'!$H$3:$H$600))),"") -> 35788.86 | I73: =IFERROR(IF(SUMPRODUCT(('S25'!$K$3:$K$600>=$D$2+7)*('S25'!$K$3:$K$600<$D$2+14)*('S25'!$H$3:$H$600))=0,"",SUMPRODUCT(('S25'!$K$3:$K$600>=$D$2+7)*('S25'!$K$3:$K$600<$D$2+14)*('S25'!$H$3:$H$600))),"") -> 2292
A74: 45691 | D74: =IFERROR(IF(SUM('S24'!$H:$H)+SUM('F24'!$H:$H)+SUMPRODUCT(('S25'!$K$3:$K$600>=$D$2+0)*('S25'!$K$3:$K$600<$D$2+21)*('S25'!$H$3:$H$600))=0,"",SUM('S24'!$H:$H)+SUM('F24'!$H:$H)+SUMPRODUCT(('S25'!$K$3:$K$600>=$D$2+0)*('S25'!$K$3:$K$600<$D$2+21)*('S25'!$H$3:$H$600))),"") -> 38369.86 | I74: =IFERROR(IF(SUMPRODUCT(('S25'!$K$3:$K$600>=$D$2+14)*('S25'!$K$3:$K$600<$D$2+21)*('S25'!$H$3:$H$600))=0,"",SUMPRODUCT(('S25'!$K$3:$K$600>=$D$2+14)*('S25'!$K$3:$K$600<$D$2+21)*('S25'!$H$3:$H$600))),"") -> 2581
A75: 45698 | D75: =IFERROR(IF(SUM('S24'!$H:$H)+SUM('F24'!$H:$H)+SUMPRODUCT(('S25'!$K$3:$K$600>=$D$2+0)*('S25'!$K$3:$K$600<$D$2+28)*('S25'!$H$3:$H$600))=0,"",SUM('S24'!$H:$H)+SUM('F24'!$H:$H)+SUMPRODUCT(('S25'!$K$3:$K$600>=$D$2+0)*('S25'!$K$3:$K$600<$D$2+28)*('S25'!$H$3:$H$600))),"") -> 41226.86 | I75: =IFERROR(IF(SUMPRODUCT(('S25'!$K$3:$K$600>=$D$2+21)*('S25'!$K$3:$K$600<$D$2+28)*('S25'!$H$3:$H$600))=0,"",SUMPRODUCT(('S25'!$K$3:$K$600>=$D$2+21)*('S25'!$K$3:$K$600<$D$2+28)*('S25'!$H$3:$H$600))),"") -> 2857
A76: 45705 | D76: =IFERROR(IF(SUM('S24'!$H:$H)+SUM('F24'!$H:$H)+SUMPRODUCT(('S25'!$K$3:$K$600>=$D$2+0)*('S25'!$K$3:$K$600<$D$2+35)*('S25'!$H$3:$H$600))=0,"",SUM('S24'!$H:$H)+SUM('F24'!$H:$H)+SUMPRODUCT(('S25'!$K$3:$K$600>=$D$2+0)*('S25'!$K$3:$K$600<$D$2+35)*('S25'!$H$3:$H$600))),"") -> 43598.86 | I76: =IFERROR(IF(SUMPRODUCT(('S25'!$K$3:$K$600>=$D$2+28)*('S25'!$K$3:$K$600<$D$2+35)*('S25'!$H$3:$H$600))=0,"",SUMPRODUCT(('S25'!$K$3:$K$600>=$D$2+28)*('S25'!$K$3:$K$600<$D$2+35)*('S25'!$H$3:$H$600))),"") -> 2372
A77: 45712 | D77: =IFERROR(IF(SUM('S24'!$H:$H)+SUM('F24'!$H:$H)+SUMPRODUCT(('S25'!$K$3:$K$600>=$D$2+0)*('S25'!$K$3:$K$600<$D$2+42)*('S25'!$H$3:$H$600))=0,"",SUM('S24'!$H:$H)+SUM('F24'!$H:$H)+SUMPRODUCT(('S25'!$K$3:$K$600>=$D$2+0)*('S25'!$K$3:$K$600<$D$2+42)*('S25'!$H$3:$H$600))),"") -> 46205.86 | I77: =IFERROR(IF(SUMPRODUCT(('S25'!$K$3:$K$600>=$D$2+35)*('S25'!$K$3:$K$600<$D$2+42)*('S25'!$H$3:$H$600))=0,"",SUMPRODUCT(('S25'!$K$3:$K$600>=$D$2+35)*('S25'!$K$3:$K$600<$D$2+42)*('S25'!$H$3:$H$600))),"") -> 2607
A78: 45719 | D78: =IFERROR(IF(SUM('S24'!$H:$H)+SUM('F24'!$H:$H)+SUMPRODUCT(('S25'!$K$3:$K$600>=$D$2+0)*('S25'!$K$3:$K$600<$D$2+49)*('S25'!$H$3:$H$600))=0,"",SUM('S24'!$H:$H)+SUM('F24'!$H:$H)+SUMPRODUCT(('S25'!$K$3:$K$600>=$D$2+0)*('S25'!$K$3:$K$600<$D$2+49)*('S25'!$H$3:$H$600))),"") -> 48264.86 | I78: =IFERROR(IF(SUMPRODUCT(('S25'!$K$3:$K$600>=$D$2+42)*('S25'!$K$3:$K$600<$D$2+49)*('S25'!$H$3:$H$600))=0,"",SUMPRODUCT(('S25'!$K$3:$K$600>=$D$2+42)*('S25'!$K$3:$K$600<$D$2+49)*('S25'!$H$3:$H$600))),"") -> 2059
A79: 45726 | D79: =IFERROR(IF(SUM('S24'!$H:$H)+SUM('F24'!$H:$H)+SUMPRODUCT(('S25'!$K$3:$K$600>=$D$2+0)*('S25'!$K$3:$K$600<$D$2+56)*('S25'!$H$3:$H$600))=0,"",SUM('S24'!$H:$H)+SUM('F24'!$H:$H)+SUMPRODUCT(('S25'!$K$3:$K$600>=$D$2+0)*('S25'!$K$3:$K$600<$D$2+56)*('S25'!$H$3:$H$600))),"") -> 48264.86 | I79: =IFERROR(IF(SUMPRODUCT(('S25'!$K$3:$K$600>=$D$2+49)*('S25'!$K$3:$K$600<$D$2+56)*('S25'!$H$3:$H$600))=0,"",SUMPRODUCT(('S25'!$K$3:$K$600>=$D$2+49)*('S25'!$K$3:$K$600<$D$2+56)*('S25'!$H$3:$H$600))),"")
A80: 45733 | D80: =IFERROR(IF(SUM('S24'!$H:$H)+SUM('F24'!$H:$H)+SUMPRODUCT(('S25'!$K$3:$K$600>=$D$2+0)*('S25'!$K$3:$K$600<$D$2+63)*('S25'!$H$3:$H$600))=0,"",SUM('S24'!$H:$H)+SUM('F24'!$H:$H)+SUMPRODUCT(('S25'!$K$3:$K$600>=$D$2+0)*('S25'!$K$3:$K$600<$D$2+63)*('S25'!$H$3:$H$600))),"") -> 50665.86 | I80: =IFERROR(IF(SUMPRODUCT(('S25'!$K$3:$K$600>=$D$2+56)*('S25'!$K$3:$K$600<$D$2+63)*('S25'!$H$3:$H$600))=0,"",SUMPRODUCT(('S25'!$K$3:$K$600>=$D$2+56)*('S25'!$K$3:$K$600<$D$2+63)*('S25'!$H$3:$H$600))),"") -> 2401
A81: 45740 | D81: =IFERROR(IF(SUM('S24'!$H:$H)+SUM('F24'!$H:$H)+SUMPRODUCT(('S25'!$K$3:$K$600>=$D$2+0)*('S25'!$K$3:$K$600<$D$2+70)*('S25'!$H$3:$H$600))=0,"",SUM('S24'!$H:$H)+SUM('F24'!$H:$H)+SUMPRODUCT(('S25'!$K$3:$K$600>=$D$2+0)*('S25'!$K$3:$K$600<$D$2+70)*('S25'!$H$3:$H$600))),"") -> 52846.86 | I81: =IFERROR(IF(SUMPRODUCT(('S25'!$K$3:$K$600>=$D$2+63)*('S25'!$K$3:$K$600<$D$2+70)*('S25'!$H$3:$H$600))=0,"",SUMPRODUCT(('S25'!$K$3:$K$600>=$D$2+63)*('S25'!$K$3:$K$600<$D$2+70)*('S25'!$H$3:$H$600))),"") -> 2181
A82: 45747 | D82: =IFERROR(IF(SUM('S24'!$H:$H)+SUM('F24'!$H:$H)+SUMPRODUCT(('S25'!$K$3:$K$600>=$D$2+0)*('S25'!$K$3:$K$600<$D$2+77)*('S25'!$H$3:$H$600))=0,"",SUM('S24'!$H:$H)+SUM('F24'!$H:$H)+SUMPRODUCT(('S25'!$K$3:$K$600>=$D$2+0)*('S25'!$K$3:$K$600<$D$2+77)*('S25'!$H$3:$H$600))),"") -> 54980.86 | I82: =IFERROR(IF(SUMPRODUCT(('S25'!$K$3:$K$600>=$D$2+70)*('S25'!$K$3:$K$600<$D$2+77)*('S25'!$H$3:$H$600))=0,"",SUMPRODUCT(('S25'!$K$3:$K$600>=$D$2+70)*('S25'!$K$3:$K$600<$D$2+77)*('S25'!$H$3:$H$600))),"") -> 2134
A83: 45754 | D83: =IFERROR(IF(SUM('S24'!$H:$H)+SUM('F24'!$H:$H)+SUMPRODUCT(('S25'!$K$3:$K$600>=$D$2+0)*('S25'!$K$3:$K$600<$D$2+84)*('S25'!$H$3:$H$600))=0,"",SUM('S24'!$H:$H)+SUM('F24'!$H:$H)+SUMPRODUCT(('S25'!$K$3:$K$600>=$D$2+0)*('S25'!$K$3:$K$600<$D$2+84)*('S25'!$H$3:$H$600))),"") -> 57369.86 | I83: =IFERROR(IF(SUMPRODUCT(('S25'!$K$3:$K$600>=$D$2+77)*('S25'!$K$3:$K$600<$D$2+84)*('S25'!$H$3:$H$600))=0,"",SUMPRODUCT(('S25'!$K$3:$K$600>=$D$2+77)*('S25'!$K$3:$K$600<$D$2+84)*('S25'!$H$3:$H$600))),"") -> 2389
A84: 45761 | D84: =IFERROR(IF(SUM('S24'!$H:$H)+SUM('F24'!$H:$H)+SUMPRODUCT(('S25'!$K$3:$K$600>=$D$2+0)*('S25'!$K$3:$K$600<$D$2+91)*('S25'!$H$3:$H$600))=0,"",SUM('S24'!$H:$H)+SUM('F24'!$H:$H)+SUMPRODUCT(('S25'!$K$3:$K$600>=$D$2+0)*('S25'!$K$3:$K$600<$D$2+91)*('S25'!$H$3:$H$600))),"") -> 60016.86 | I84: =IFERROR(IF(SUMPRODUCT(('S25'!$K$3:$K$600>=$D$2+84)*('S25'!$K$3:$K$600<$D$2+91)*('S25'!$H$3:$H$600))=0,"",SUMPRODUCT(('S25'!$K$3:$K$600>=$D$2+84)*('S25'!$K$3:$K$600<$D$2+91)*('S25'!$H$3:$H$600))),"") -> 2647
A85: 45768 | D85: =IFERROR(IF(SUM('S24'!$H:$H)+SUM('F24'!$H:$H)+SUMPRODUCT(('S25'!$K$3:$K$600>=$D$2+0)*('S25'!$K$3:$K$600<$D$2+98)*('S25'!$H$3:$H$600))=0,"",SUM('S24'!$H:$H)+SUM('F24'!$H:$H)+SUMPRODUCT(('S25'!$K$3:$K$600>=$D$2+0)*('S25'!$K$3:$K$600<$D$2+98)*('S25'!$H$3:$H$600))),"") -> 62716.86 | I85: =IFERROR(IF(SUMPRODUCT(('S25'!$K$3:$K$600>=$D$2+91)*('S25'!$K$3:$K$600<$D$2+98)*('S25'!$H$3:$H$600))=0,"",SUMPRODUCT(('S25'!$K$3:$K$600>=$D$2+91)*('S25'!$K$3:$K$600<$D$2+98)*('S25'!$H$3:$H$600))),"") -> 2700
A86: 45908 | E86: =IFERROR(IF(SUM('S24'!$H:$H)+SUM('F24'!$H:$H)+SUM('S25'!$H:$H)+SUMPRODUCT(('F25'!$K$3:$K$600>=$E$2+0)*('F25'!$K$3:$K$600<$E$2+7)*('F25'!$H$3:$H$600))=0,"",SUM('S24'!$H:$H)+SUM('F24'!$H:$H)+SUM('S25'!$H:$H)+SUMPRODUCT(('F25'!$K$3:$K$600>=$E$2+0)*('F25'!$K$3:$K$600<$E$2+7)*('F25'!$H$3:$H$600))),"") -> 66605.86 | J86: =IFERROR(IF(SUMPRODUCT(('F25'!$K$3:$K$600>=$E$2+0)*('F25'!$K$3:$K$600<$E$2+7)*('F25'!$H$3:$H$600))=0,"",SUMPRODUCT(('F25'!$K$3:$K$600>=$E$2+0)*('F25'!$K$3:$K$600<$E$2+7)*('F25'!$H$3:$H$600))),"") -> 2036
A87: 45915 | E87: =IFERROR(IF(SUM('S24'!$H:$H)+SUM('F24'!$H:$H)+SUM('S25'!$H:$H)+SUMPRODUCT(('F25'!$K$3:$K$600>=$E$2+0)*('F25'!$K$3:$K$600<$E$2+14)*('F25'!$H$3:$H$600))=0,"",SUM('S24'!$H:$H)+SUM('F24'!$H:$H)+SUM('S25'!$H:$H)+SUMPRODUCT(('F25'!$K$3:$K$600>=$E$2+0)*('F25'!$K$3:$K$600<$E$2+14)*('F25'!$H$3:$H$600))),"") -> 69126.86 | J87: =IFERROR(IF(SUMPRODUCT(('F25'!$K$3:$K$600>=$E$2+7)*('F25'!$K$3:$K$600<$E$2+14)*('F25'!$H$3:$H$600))=0,"",SUMPRODUCT(('F25'!$K$3:$K$600>=$E$2+7)*('F25'!$K$3:$K$600<$E$2+14)*('F25'!$H$3:$H$600))),"") -> 2521
A88: 45922 | E88: =IFERROR(IF(SUM('S24'!$H:$H)+SUM('F24'!$H:$H)+SUM('S25'!$H:$H)+SUMPRODUCT(('F25'!$K$3:$K$600>=$E$2+0)*('F25'!$K$3:$K$600<$E$2+21)*('F25'!$H$3:$H$600))=0,"",SUM('S24'!$H:$H)+SUM('F24'!$H:$H)+SUM('S25'!$H:$H)+SUMPRODUCT(('F25'!$K$3:$K$600>=$E$2+0)*('F25'!$K$3:$K$600<$E$2+21)*('F25'!$H$3:$H$600))),"") -> 71933.86 | J88: =IFERROR(IF(SUMPRODUCT(('F25'!$K$3:$K$600>=$E$2+14)*('F25'!$K$3:$K$600<$E$2+21)*('F25'!$H$3:$H$600))=0,"",SUMPRODUCT(('F25'!$K$3:$K$600>=$E$2+14)*('F25'!$K$3:$K$600<$E$2+21)*('F25'!$H$3:$H$600))),"") -> 2807
A89: 45929 | E89: =IFERROR(IF(SUM('S24'!$H:$H)+SUM('F24'!$H:$H)+SUM('S25'!$H:$H)+SUMPRODUCT(('F25'!$K$3:$K$600>=$E$2+0)*('F25'!$K$3:$K$600<$E$2+28)*('F25'!$H$3:$H$600))=0,"",SUM('S24'!$H:$H)+SUM('F24'!$H:$H)+SUM('S25'!$H:$H)+SUMPRODUCT(('F25'!$K$3:$K$600>=$E$2+0)*('F25'!$K$3:$K$600<$E$2+28)*('F25'!$H$3:$H$600))),"") -> 74570.86 | J89: =IFERROR(IF(SUMPRODUCT(('F25'!$K$3:$K$600>=$E$2+21)*('F25'!$K$3:$K$600<$E$2+28)*('F25'!$H$3:$H$600))=0,"",SUMPRODUCT(('F25'!$K$3:$K$600>=$E$2+21)*('F25'!$K$3:$K$600<$E$2+28)*('F25'!$H$3:$H$600))),"") -> 2637
A90: 45936 | E90: =IFERROR(IF(SUM('S24'!$H:$H)+SUM('F24'!$H:$H)+SUM('S25'!$H:$H)+SUMPRODUCT(('F25'!$K$3:$K$600>=$E$2+0)*('F25'!$K$3:$K$600<$E$2+35)*('F25'!$H$3:$H$600))=0,"",SUM('S24'!$H:$H)+SUM('F24'!$H:$H)+SUM('S25'!$H:$H)+SUMPRODUCT(('F25'!$K$3:$K$600>=$E$2+0)*('F25'!$K$3:$K$600<$E$2+35)*('F25'!$H$3:$H$600))),"") -> 76768.86 | J90: =IFERROR(IF(SUMPRODUCT(('F25'!$K$3:$K$600>=$E$2+28)*('F25'!$K$3:$K$600<$E$2+35)*('F25'!$H$3:$H$600))=0,"",SUMPRODUCT(('F25'!$K$3:$K$600>=$E$2+28)*('F25'!$K$3:$K$600<$E$2+35)*('F25'!$H$3:$H$600))),"") -> 2198
A91: 45943 | E91: =IFERROR(IF(SUM('S24'!$H:$H)+SUM('F24'!$H:$H)+SUM('S25'!$H:$H)+SUMPRODUCT(('F25'!$K$3:$K$600>=$E$2+0)*('F25'!$K$3:$K$600<$E$2+42)*('F25'!$H$3:$H$600))=0,"",SUM('S24'!$H:$H)+SUM('F24'!$H:$H)+SUM('S25'!$H:$H)+SUMPRODUCT(('F25'!$K$3:$K$600>=$E$2+0)*('F25'!$K$3:$K$600<$E$2+42)*('F25'!$H$3:$H$600))),"") -> 78628.86 | J91: =IFERROR(IF(SUMPRODUCT(('F25'!$K$3:$K$600>=$E$2+35)*('F25'!$K$3:$K$600<$E$2+42)*('F25'!$H$3:$H$600))=0,"",SUMPRODUCT(('F25'!$K$3:$K$600>=$E$2+35)*('F25'!$K$3:$K$600<$E$2+42)*('F25'!$H$3:$H$600))),"") -> 1860
A92: 45950 | E92: =IFERROR(IF(SUM('S24'!$H:$H)+SUM('F24'!$H:$H)+SUM('S25'!$H:$H)+SUMPRODUCT(('F25'!$K$3:$K$600>=$E$2+0)*('F25'!$K$3:$K$600<$E$2+49)*('F25'!$H$3:$H$600))=0,"",SUM('S24'!$H:$H)+SUM('F24'!$H:$H)+SUM('S25'!$H:$H)+SUMPRODUCT(('F25'!$K$3:$K$600>=$E$2+0)*('F25'!$K$3:$K$600<$E$2+49)*('F25'!$H$3:$H$600))),"") -> 81480.86 | J92: =IFERROR(IF(SUMPRODUCT(('F25'!$K$3:$K$600>=$E$2+42)*('F25'!$K$3:$K$600<$E$2+49)*('F25'!$H$3:$H$600))=0,"",SUMPRODUCT(('F25'!$K$3:$K$600>=$E$2+42)*('F25'!$K$3:$K$600<$E$2+49)*('F25'!$H$3:$H$600))),"") -> 2852
A93: 45957 | E93: =IFERROR(IF(SUM('S24'!$H:$H)+SUM('F24'!$H:$H)+SUM('S25'!$H:$H)+SUMPRODUCT(('F25'!$K$3:$K$600>=$E$2+0)*('F25'!$K$3:$K$600<$E$2+56)*('F25'!$H$3:$H$600))=0,"",SUM('S24'!$H:$H)+SUM('F24'!$H:$H)+SUM('S25'!$H:$H)+SUMPRODUCT(('F25'!$K$3:$K$600>=$E$2+0)*('F25'!$K$3:$K$600<$E$2+56)*('F25'!$H$3:$H$600))),"") -> 84558.86 | J93: =IFERROR(IF(SUMPRODUCT(('F25'!$K$3:$K$600>=$E$2+49)*('F25'!$K$3:$K$600<$E$2+56)*('F25'!$H$3:$H$600))=0,"",SUMPRODUCT(('F25'!$K$3:$K$600>=$E$2+49)*('F25'!$K$3:$K$600<$E$2+56)*('F25'!$H$3:$H$600))),"") -> 3078
A94: 45958 | E94: =IFERROR(IF(SUM('S24'!$H:$H)+SUM('F24'!$H:$H)+SUM('S25'!$H:$H)+SUMPRODUCT(('F25'!$K$3:$K$600>=$E$2+0)*('F25'!$K$3:$K$600<$E$2+63)*('F25'!$H$3:$H$600))=0,"",SUM('S24'!$H:$H)+SUM('F24'!$H:$H)+SUM('S25'!$H:$H)+SUMPRODUCT(('F25'!$K$3:$K$600>=$E$2+0)*('F25'!$K$3:$K$600<$E$2+63)*('F25'!$H$3:$H$600))),"") -> 87498.86 | J94: =IFERROR(IF(SUMPRODUCT(('F25'!$K$3:$K$600>=$E$2+56)*('F25'!$K$3:$K$600<$E$2+63)*('F25'!$H$3:$H$600))=0,"",SUMPRODUCT(('F25'!$K$3:$K$600>=$E$2+56)*('F25'!$K$3:$K$600<$E$2+63)*('F25'!$H$3:$H$600))),"") -> 2940
A95: 45964 | E95: =IFERROR(IF(SUM('S24'!$H:$H)+SUM('F24'!$H:$H)+SUM('S25'!$H:$H)+SUMPRODUCT(('F25'!$K$3:$K$600>=$E$2+0)*('F25'!$K$3:$K$600<$E$2+70)*('F25'!$H$3:$H$600))=0,"",SUM('S24'!$H:$H)+SUM('F24'!$H:$H)+SUM('S25'!$H:$H)+SUMPRODUCT(('F25'!$K$3:$K$600>=$E$2+0)*('F25'!$K$3:$K$600<$E$2+70)*('F25'!$H$3:$H$600))),"") -> 89966.86 | J95: =IFERROR(IF(SUMPRODUCT(('F25'!$K$3:$K$600>=$E$2+63)*('F25'!$K$3:$K$600<$E$2+70)*('F25'!$H$3:$H$600))=0,"",SUMPRODUCT(('F25'!$K$3:$K$600>=$E$2+63)*('F25'!$K$3:$K$600<$E$2+70)*('F25'!$H$3:$H$600))),"") -> 2468
A96: 45971 | E96: =IFERROR(IF(SUM('S24'!$H:$H)+SUM('F24'!$H:$H)+SUM('S25'!$H:$H)+SUMPRODUCT(('F25'!$K$3:$K$600>=$E$2+0)*('F25'!$K$3:$K$600<$E$2+77)*('F25'!$H$3:$H$600))=0,"",SUM('S24'!$H:$H)+SUM('F24'!$H:$H)+SUM('S25'!$H:$H)+SUMPRODUCT(('F25'!$K$3:$K$600>=$E$2+0)*('F25'!$K$3:$K$600<$E$2+77)*('F25'!$H$3:$H$600))),"") -> 93162.86 | J96: =IFERROR(IF(SUMPRODUCT(('F25'!$K$3:$K$600>=$E$2+70)*('F25'!$K$3:$K$600<$E$2+77)*('F25'!$H$3:$H$600))=0,"",SUMPRODUCT(('F25'!$K$3:$K$600>=$E$2+70)*('F25'!$K$3:$K$600<$E$2+77)*('F25'!$H$3:$H$600))),"") -> 3196
A97: 45978 | E97: =IFERROR(IF(SUM('S24'!$H:$H)+SUM('F24'!$H:$H)+SUM('S25'!$H:$H)+SUMPRODUCT(('F25'!$K$3:$K$600>=$E$2+0)*('F25'!$K$3:$K$600<$E$2+84)*('F25'!$H$3:$H$600))=0,"",SUM('S24'!$H:$H)+SUM('F24'!$H:$H)+SUM('S25'!$H:$H)+SUMPRODUCT(('F25'!$K$3:$K$600>=$E$2+0)*('F25'!$K$3:$K$600<$E$2+84)*('F25'!$H$3:$H$600))),"") -> 93836.86 | J97: =IFERROR(IF(SUMPRODUCT(('F25'!$K$3:$K$600>=$E$2+77)*('F25'!$K$3:$K$600<$E$2+84)*('F25'!$H$3:$H$600))=0,"",SUMPRODUCT(('F25'!$K$3:$K$600>=$E$2+77)*('F25'!$K$3:$K$600<$E$2+84)*('F25'!$H$3:$H$600))),"") -> 674
A98: 45985 | E98: =IFERROR(IF(SUM('S24'!$H:$H)+SUM('F24'!$H:$H)+SUM('S25'!$H:$H)+SUMPRODUCT(('F25'!$K$3:$K$600>=$E$2+0)*('F25'!$K$3:$K$600<$E$2+91)*('F25'!$H$3:$H$600))=0,"",SUM('S24'!$H:$H)+SUM('F24'!$H:$H)+SUM('S25'!$H:$H)+SUMPRODUCT(('F25'!$K$3:$K$600>=$E$2+0)*('F25'!$K$3:$K$600<$E$2+91)*('F25'!$H$3:$H$600))),"") -> 96537.86 | J98: =IFERROR(IF(SUMPRODUCT(('F25'!$K$3:$K$600>=$E$2+84)*('F25'!$K$3:$K$600<$E$2+91)*('F25'!$H$3:$H$600))=0,"",SUMPRODUCT(('F25'!$K$3:$K$600>=$E$2+84)*('F25'!$K$3:$K$600<$E$2+91)*('F25'!$H$3:$H$600))),"") -> 2701
A99: 45992 | E99: =IFERROR(IF(SUM('S24'!$H:$H)+SUM('F24'!$H:$H)+SUM('S25'!$H:$H)+SUMPRODUCT(('F25'!$K$3:$K$600>=$E$2+0)*('F25'!$K$3:$K$600<$E$2+98)*('F25'!$H$3:$H$600))=0,"",SUM('S24'!$H:$H)+SUM('F24'!$H:$H)+SUM('S25'!$H:$H)+SUMPRODUCT(('F25'!$K$3:$K$600>=$E$2+0)*('F25'!$K$3:$K$600<$E$2+98)*('F25'!$H$3:$H$600))),"") -> 98006.86 | J99: =IFERROR(IF(SUMPRODUCT(('F25'!$K$3:$K$600>=$E$2+91)*('F25'!$K$3:$K$600<$E$2+98)*('F25'!$H$3:$H$600))=0,"",SUMPRODUCT(('F25'!$K$3:$K$600>=$E$2+91)*('F25'!$K$3:$K$600<$E$2+98)*('F25'!$H$3:$H$600))),"") -> 1469
A100: 46041 | F100: =IFERROR(IF(SUM('S24'!$H:$H)+SUM('F24'!$H:$H)+SUM('S25'!$H:$H)+SUM('F25'!$H:$H)+SUMPRODUCT(('S26'!$K$3:$K$600>=$F$2+0)*('S26'!$K$3:$K$600<$F$2+7)*('S26'!$H$3:$H$600))=0,"",SUM('S24'!$H:$H)+SUM('F24'!$H:$H)+SUM('S25'!$H:$H)+SUM('F25'!$H:$H)+SUMPRODUCT(('S26'!$K$3:$K$600>=$F$2+0)*('S26'!$K$3:$K$600<$F$2+7)*('S26'!$H$3:$H$600))),"") -> 98496.86 | K100: =IFERROR(IF(SUMPRODUCT(('S26'!$K$3:$K$600>=$F$2+0)*('S26'!$K$3:$K$600<$F$2+7)*('S26'!$H$3:$H$600))=0,"",SUMPRODUCT(('S26'!$K$3:$K$600>=$F$2+0)*('S26'!$K$3:$K$600<$F$2+7)*('S26'!$H$3:$H$600))),"") -> 490
A101: 46048 | F101: =IFERROR(IF(SUM('S24'!$H:$H)+SUM('F24'!$H:$H)+SUM('S25'!$H:$H)+SUM('F25'!$H:$H)+SUMPRODUCT(('S26'!$K$3:$K$600>=$F$2+0)*('S26'!$K$3:$K$600<$F$2+14)*('S26'!$H$3:$H$600))=0,"",SUM('S24'!$H:$H)+SUM('F24'!$H:$H)+SUM('S25'!$H:$H)+SUM('F25'!$H:$H)+SUMPRODUCT(('S26'!$K$3:$K$600>=$F$2+0)*('S26'!$K$3:$K$600<$F$2+14)*('S26'!$H$3:$H$600))),"") -> 99850.86 | K101: =IFERROR(IF(SUMPRODUCT(('S26'!$K$3:$K$600>=$F$2+7)*('S26'!$K$3:$K$600<$F$2+14)*('S26'!$H$3:$H$600))=0,"",SUMPRODUCT(('S26'!$K$3:$K$600>=$F$2+7)*('S26'!$K$3:$K$600<$F$2+14)*('S26'!$H$3:$H$600))),"") -> 1354
A102: 46055 | F102: =IFERROR(IF(SUM('S24'!$H:$H)+SUM('F24'!$H:$H)+SUM('S25'!$H:$H)+SUM('F25'!$H:$H)+SUMPRODUCT(('S26'!$K$3:$K$600>=$F$2+0)*('S26'!$K$3:$K$600<$F$2+21)*('S26'!$H$3:$H$600))=0,"",SUM('S24'!$H:$H)+SUM('F24'!$H:$H)+SUM('S25'!$H:$H)+SUM('F25'!$H:$H)+SUMPRODUCT(('S26'!$K$3:$K$600>=$F$2+0)*('S26'!$K$3:$K$600<$F$2+21)*('S26'!$H$3:$H$600))),"") -> 103294.86 | K102: =IFERROR(IF(SUMPRODUCT(('S26'!$K$3:$K$600>=$F$2+14)*('S26'!$K$3:$K$600<$F$2+21)*('S26'!$H$3:$H$600))=0,"",SUMPRODUCT(('S26'!$K$3:$K$600>=$F$2+14)*('S26'!$K$3:$K$600<$F$2+21)*('S26'!$H$3:$H$600))),"") -> 3444
A103: 46062 | F103: =IFERROR(IF(SUM('S24'!$H:$H)+SUM('F24'!$H:$H)+SUM('S25'!$H:$H)+SUM('F25'!$H:$H)+SUMPRODUCT(('S26'!$K$3:$K$600>=$F$2+0)*('S26'!$K$3:$K$600<$F$2+28)*('S26'!$H$3:$H$600))=0,"",SUM('S24'!$H:$H)+SUM('F24'!$H:$H)+SUM('S25'!$H:$H)+SUM('F25'!$H:$H)+SUMPRODUCT(('S26'!$K$3:$K$600>=$F$2+0)*('S26'!$K$3:$K$600<$F$2+28)*('S26'!$H$3:$H$600))),"") -> 105895.86 | K103: =IFERROR(IF(SUMPRODUCT(('S26'!$K$3:$K$600>=$F$2+21)*('S26'!$K$3:$K$600<$F$2+28)*('S26'!$H$3:$H$600))=0,"",SUMPRODUCT(('S26'!$K$3:$K$600>=$F$2+21)*('S26'!$K$3:$K$600<$F$2+28)*('S26'!$H$3:$H$600))),"") -> 2601
A104: 46069 | F104: =IFERROR(IF(SUM('S24'!$H:$H)+SUM('F24'!$H:$H)+SUM('S25'!$H:$H)+SUM('F25'!$H:$H)+SUMPRODUCT(('S26'!$K$3:$K$600>=$F$2+0)*('S26'!$K$3:$K$600<$F$2+35)*('S26'!$H$3:$H$600))=0,"",SUM('S24'!$H:$H)+SUM('F24'!$H:$H)+SUM('S25'!$H:$H)+SUM('F25'!$H:$H)+SUMPRODUCT(('S26'!$K$3:$K$600>=$F$2+0)*('S26'!$K$3:$K$600<$F$2+35)*('S26'!$H$3:$H$600))),"") -> 108567.86 | K104: =IFERROR(IF(SUMPRODUCT(('S26'!$K$3:$K$600>=$F$2+28)*('S26'!$K$3:$K$600<$F$2+35)*('S26'!$H$3:$H$600))=0,"",SUMPRODUCT(('S26'!$K$3:$K$600>=$F$2+28)*('S26'!$K$3:$K$600<$F$2+35)*('S26'!$H$3:$H$600))),"") -> 2672
...

Sheet S24
A1: Timestamp | B1: Name | C1: double name | D1: start hour | E1: hours worked | F1: end hour | G1: hours pp | H1: Derived Weight | I1: lb/hr per shift | J1: period | K1: Date | L1: Weekday | M1: lbs td
A2: 45313 | B2: N/A | C2: FALSE | H2: 0 | K2: 45313 | L2: Monday | M2: =IFERROR(__xludf.DUMMYFUNCTION("BYROW('S24'!K2:K782, LAMBDA(r, IF(r="""","""", LET( nextVal, IFERROR(INDEX('S24'!K2:K782, ROW(r)-ROW('S24'!K2)+2), """"), IF(r <> nextVal, IFERROR( SUM(FILTER('S24'!H2:H782, 'S24'!K2:K782 = r)), """" "&" ), """" ) ) ) )) "),0.0) -> 0
A3: 45369.491 | B3: Westin Palumbo | C3: FALSE | H3: 32.3 | J3: Lunch | K3: 45369 | L3: Monday | M3: =IFERROR(__xludf.DUMMYFUNCTION("""COMPUTED_VALUE"""),32.3) -> 32.3
A4: 45370.604 | B4: Kayleigh O’Mealia | C4: FALSE | H4: 32.47 | J4: Lunch | K4: 45370 | L4: Tuesday | M4: =IFERROR(__xludf.DUMMYFUNCTION("""COMPUTED_VALUE"""),"")
A5: 45370.875 | B5: Bitanya | C5: FALSE | H5: 101 | J5: Dinner | K5: 45370 | L5: Tuesday | M5: =IFERROR(__xludf.DUMMYFUNCTION("""COMPUTED_VALUE"""),"")
A6: 45370.876 | B6: Bitanya Hailu | C6: FALSE | H6: 163 | J6: Dinner | K6: 45370 | L6: Tuesday | M6: =IFERROR(__xludf.DUMMYFUNCTION("""COMPUTED_VALUE"""),296.47) -> 296.47
A7: 45371.395 | B7: Kayleigh O’Mealia | C7: FALSE | H7: 21.8 | J7: Breakfast | K7: 45371 | L7: Wednesday | M7: =IFERROR(__xludf.DUMMYFUNCTION("""COMPUTED_VALUE"""),"")
A8: 45371.47 | B8: Westin Palumbo | C8: FALSE | H8: 45.8 | J8: Lunch | K8: 45371 | L8: Wednesday | M8: =IFERROR(__xludf.DUMMYFUNCTION("""COMPUTED_VALUE"""),"")
A9: 45371.487 | B9: Westin Palumbo | C9: FALSE | H9: 7.61 | J9: Lunch | K9: 45371 | L9: Wednesday | M9: =IFERROR(__xludf.DUMMYFUNCTION("""COMPUTED_VALUE"""),"")
A10: 45371.656 | B10: Bitanya Hailu | C10: FALSE | H10: 113 | J10: Lunch | K10: 45371 | L10: Wednesday | M10: =IFERROR(__xludf.DUMMYFUNCTION("""COMPUTED_VALUE"""),"")
A11: 45371.656 | B11: Bitanya Hailu | C11: FALSE | H11: 88 | J11: Lunch | K11: 45371 | L11: Wednesday | M11: =IFERROR(__xludf.DUMMYFUNCTION("""COMPUTED_VALUE"""),276.21) -> 276.21
A12: 45372.669 | B12: Skyler Bobinski | C12: FALSE | H12: 93.1 | J12: Dinner | K12: 45372 | L12: Thursday | M12: =IFERROR(__xludf.DUMMYFUNCTION("""COMPUTED_VALUE"""),93.1) -> 93.1
A13: 45373.396 | B13: Kayleigh O’Mealia | C13: FALSE | H13: 46.38 | J13: Breakfast | K13: 45373 | L13: Friday | M13: =IFERROR(__xludf.DUMMYFUNCTION("""COMPUTED_VALUE"""),46.38) -> 46.38
A14: 45376.396 | B14: Kayleigh Omealia | C14: FALSE | H14: 50 | J14: Breakfast | K14: 45376 | L14: Monday | M14: =IFERROR(__xludf.DUMMYFUNCTION("""COMPUTED_VALUE"""),"")
A15: 45376.492 | B15: Westin Palumbo | C15: FALSE | H15: 40 | J15: Lunch | K15: 45376 | L15: Monday | M15: =IFERROR(__xludf.DUMMYFUNCTION("""COMPUTED_VALUE"""),"")
A16: 45376.586 | B16: Skyler Bobinski | C16: FALSE | H16: 134.3 | J16: Lunch | K16: 45376 | L16: Monday | M16: =IFERROR(__xludf.DUMMYFUNCTION("""COMPUTED_VALUE"""),"")
A17: 45376.651 | B17: Bitanya Hailu | C17: FALSE | H17: 131 | J17: Lunch | K17: 45376 | L17: Monday | M17: =IFERROR(__xludf.DUMMYFUNCTION("""COMPUTED_VALUE"""),"")
A18: 45376.651 | B18: Bitanya Hailu | C18: FALSE | H18: 75 | J18: Lunch | K18: 45376 | L18: Monday | M18: =IFERROR(__xludf.DUMMYFUNCTION("""COMPUTED_VALUE"""),"")
A19: 45376.747 | B19: Rushil Nepal | C19: FALSE | H19: 65 | J19: Dinner | K19: 45376 | L19: Monday | M19: =IFERROR(__xludf.DUMMYFUNCTION("""COMPUTED_VALUE"""),"")
A20: 45376.876 | B20: Rushil Nepal | C20: FALSE | H20: 167 | J20: Dinner | K20: 45376 | L20: Monday | M20: =IFERROR(__xludf.DUMMYFUNCTION("""COMPUTED_VALUE"""),662.3) -> 662.3
A21: 45377.491 | B21: Katie Field | C21: FALSE | H21: 104 | J21: Lunch | K21: 45377 | L21: Tuesday | M21: =IFERROR(__xludf.DUMMYFUNCTION("""COMPUTED_VALUE"""),"")
A22: 45377.604 | B22: Kayleigh O’Mealia | C22: FALSE | H22: 56 | J22: Lunch | K22: 45377 | L22: Tuesday | M22: =IFERROR(__xludf.DUMMYFUNCTION("""COMPUTED_VALUE"""),"")
A23: 45377.839 | B23: Bitanya Hailu | C23: FALSE | H23: 115 | J23: Dinner | K23: 45377 | L23: Tuesday | M23: =IFERROR(__xludf.DUMMYFUNCTION("""COMPUTED_VALUE"""),275.0) -> 275
A24: 45378.396 | B24: Kayleigh O’Mealia | C24: FALSE | H24: 24 | J24: Breakfast | K24: 45378 | L24: Wednesday | M24: =IFERROR(__xludf.DUMMYFUNCTION("""COMPUTED_VALUE"""),"")
A25: 45378.495 | B25: Westin Palumbo | C25: FALSE | H25: 59 | J25: Lunch | K25: 45378 | L25: Wednesday | M25: =IFERROR(__xludf.DUMMYFUNCTION("""COMPUTED_VALUE"""),"")
A26: 45378.94 | B26: Bitanya Hailu | C26: FALSE | H26: 204 | K26: 45378 | L26: Wednesday | M26: =IFERROR(__xludf.DUMMYFUNCTION("""COMPUTED_VALUE"""),287.0) -> 287
A27: 45379.494 | B27: Katie Field | C27: FALSE | H27: 107 | J27: Lunch | K27: 45379 | L27: Thursday | M27: =IFERROR(__xludf.DUMMYFUNCTION("""COMPUTED_VALUE"""),"")
A28: 45379.668 | B28: Skyler Bobinski | C28: FALSE | H28: 78.8 | J28: Dinner | K28: 45379 | L28: Thursday | M28: =IFERROR(__xludf.DUMMYFUNCTION("""COMPUTED_VALUE"""),"")
A29: 45379.733 | B29: Skyler Bobinski | C29: FALSE | H29: 25 | J29: Dinner | K29: 45379 | L29: Thursday | M29: =IFERROR(__xludf.DUMMYFUNCTION("""COMPUTED_VALUE"""),210.8) -> 210.8
A30: 45380.395 | B30: Kayleigh O’Mealia | C30: FALSE | H30: 38 | J30: Breakfast | K30: 45380 | L30: Friday | M30: =IFERROR(__xludf.DUMMYFUNCTION("""COMPUTED_VALUE"""),38.0) -> 38
A31: 45383.396 | B31: Kayleigh O’Mealia | C31: FALSE | H31: 49 | J31: Breakfast | K31: 45383 | L31: Monday | M31: =IFERROR(__xludf.DUMMYFUNCTION("""COMPUTED_VALUE"""),"")
A32: 45383.491 | B32: Westin Palumbo | C32: FALSE | H32: 62 | J32: Lunch | K32: 45383 | L32: Monday | M32: =IFERROR(__xludf.DUMMYFUNCTION("""COMPUTED_VALUE"""),111.0) -> 111
A33: 45384.312 | B33: Bitanya | C33: FALSE | H33: 123 | J33: Breakfast | K33: 45384 | L33: Tuesday | M33: =IFERROR(__xludf.DUMMYFUNCTION("""COMPUTED_VALUE"""),"")
A34: 45384.495 | B34: Katherine Field | C34: FALSE | H34: 123 | J34: Lunch | K34: 45384 | L34: Tuesday | M34: =IFERROR(__xludf.DUMMYFUNCTION("""COMPUTED_VALUE"""),"")
A35: 45384.6 | B35: Kayleigh O’Mealia | C35: FALSE | H35: 78 | J35: Lunch | K35: 45384 | L35: Tuesday | M35: =IFERROR(__xludf.DUMMYFUNCTION("""COMPUTED_VALUE"""),"")
A36: 45384.668 | B36: Skyler Bobinski | C36: FALSE | H36: 81.4 | J36: Dinner | K36: 45384 | L36: Tuesday | M36: =IFERROR(__xludf.DUMMYFUNCTION("""COMPUTED_VALUE"""),405.4) -> 405.4
A37: 45385.395 | B37: Kayleigh O’Mealia | C37: FALSE | H37: 27 | J37: Breakfast | K37: 45385 | L37: Wednesday | M37: =IFERROR(__xludf.DUMMYFUNCTION("""COMPUTED_VALUE"""),"")
A38: 45385.494 | B38: Westin Palumbo | C38: FALSE | H38: 68 | J38: Lunch | K38: 45385 | L38: Wednesday | M38: =IFERROR(__xludf.DUMMYFUNCTION("""COMPUTED_VALUE"""),95.0) -> 95
A39: 45386.495 | B39: Katherine Field | C39: FALSE | H39: 101 | J39: Lunch | K39: 45386 | L39: Thursday | M39: =IFERROR(__xludf.DUMMYFUNCTION("""COMPUTED_VALUE"""),"")
A40: 45386.725 | B40: Skyler Bobinski | C40: FALSE | H40: 119.6 | J40: Dinner | K40: 45386 | L40: Thursday | M40: =IFERROR(__xludf.DUMMYFUNCTION("""COMPUTED_VALUE"""),220.6) -> 220.6
A41: 45387.394 | B41: Kayleigh Omealia | C41: FALSE | H41: 45 | J41: Breakfast | K41: 45387 | L41: Friday | M41: =IFERROR(__xludf.DUMMYFUNCTION("""COMPUTED_VALUE"""),45.0) -> 45
A42: 45390.396 | B42: Kayleigh Omealia | C42: FALSE | H42: 53 | J42: Breakfast | K42: 45390 | L42: Monday | M42: =IFERROR(__xludf.DUMMYFUNCTION("""COMPUTED_VALUE"""),"")
A43: 45390.495 | B43: Westin Palumbo | C43: FALSE | H43: 66 | J43: Lunch | K43: 45390 | L43: Monday | M43: =IFERROR(__xludf.DUMMYFUNCTION("""COMPUTED_VALUE"""),"")
A44: 45390.58 | B44: Skyler Bobinski | C44: FALSE | H44: 95.4 | J44: Lunch | K44: 45390 | L44: Monday | M44: =IFERROR(__xludf.DUMMYFUNCTION("""COMPUTED_VALUE"""),"")
A45: 45390.639 | B45: Bitanya Hailu | C45: FALSE | H45: 151 | J45: Lunch | K45: 45390 | L45: Monday | M45: =IFERROR(__xludf.DUMMYFUNCTION("""COMPUTED_VALUE"""),365.4) -> 365.4
A46: 45391.494 | B46: Katie Field | C46: FALSE | H46: 123 | J46: Lunch | K46: 45391 | L46: Tuesday | M46: =IFERROR(__xludf.DUMMYFUNCTION("""COMPUTED_VALUE"""),"")
A47: 45391.605 | B47: Kayleigh O’Mealia | C47: FALSE | H47: 95 | J47: Lunch | K47: 45391 | L47: Tuesday | M47: =IFERROR(__xludf.DUMMYFUNCTION("""COMPUTED_VALUE"""),"")
A48: 45391.874 | B48: Bitanya Hailu | C48: FALSE | H48: 227 | J48: Dinner | K48: 45391 | L48: Tuesday | M48: =IFERROR(__xludf.DUMMYFUNCTION("""COMPUTED_VALUE"""),445.0) -> 445
A49: 45392.396 | B49: Kayleigh O’Mealia | C49: FALSE | H49: 24 | J49: Breakfast | K49: 45392 | L49: Wednesday | M49: =IFERROR(__xludf.DUMMYFUNCTION("""COMPUTED_VALUE"""),"")
A50: 45392.537 | B50: Westin Palumbo | C50: FALSE | H50: 62 | J50: Lunch | K50: 45392 | L50: Wednesday | M50: =IFERROR(__xludf.DUMMYFUNCTION("""COMPUTED_VALUE"""),"")
A51: 45392.643 | B51: Bitanya Hailu | C51: FALSE | H51: 161 | J51: Lunch | K51: 45392 | L51: Wednesday | M51: =IFERROR(__xludf.DUMMYFUNCTION("""COMPUTED_VALUE"""),247.0) -> 247
A52: 45393.5 | B52: Katie field | C52: FALSE | H52: 115 | J52: Lunch | K52: 45393 | L52: Thursday | M52: =IFERROR(__xludf.DUMMYFUNCTION("""COMPUTED_VALUE"""),"")
A53: 45393.726 | B53: Skyler Bobinski | C53: FALSE | H53: 115 | J53: Dinner | K53: 45393 | L53: Thursday | M53: =IFERROR(__xludf.DUMMYFUNCTION("""COMPUTED_VALUE"""),230.0) -> 230
A54: 45394.461 | B54: Kayleigh O’Mealia | C54: FALSE | H54: 41 | J54: Lunch | K54: 45394 | L54: Friday | M54: =IFERROR(__xludf.DUMMYFUNCTION("""COMPUTED_VALUE"""),41.0) -> 41
A55: 45397.395 | B55: Kayleigh O’Mealia | C55: FALSE | H55: 54 | J55: Breakfast | K55: 45397 | L55: Monday | M55: =IFERROR(__xludf.DUMMYFUNCTION("""COMPUTED_VALUE"""),"")
A56: 45397.496 | B56: Westin Palumbo | C56: FALSE | H56: 73 | J56: Lunch | K56: 45397 | L56: Monday | M56: =IFERROR(__xludf.DUMMYFUNCTION("""COMPUTED_VALUE"""),"")
A57: 45397.575 | B57: Skyler Bobinski | C57: FALSE | H57: 112 | J57: Lunch | K57: 45397 | L57: Monday | M57: =IFERROR(__xludf.DUMMYFUNCTION("""COMPUTED_VALUE"""),"")
A58: 45397.79 | B58: Bitanya Hailu | C58: FALSE | H58: 183 | J58: Dinner | K58: 45397 | L58: Monday | M58: =IFERROR(__xludf.DUMMYFUNCTION("""COMPUTED_VALUE"""),422.0) -> 422
A59: 45398.498 | B59: Katie Field | C59: FALSE | H59: 129 | J59: Lunch | K59: 45398 | L59: Tuesday | M59: =IFERROR(__xludf.DUMMYFUNCTION("""COMPUTED_VALUE"""),"")
A60: 45398.65 | B60: Skyler Bobinski | C60: FALSE | H60: 108.9 | J60: Lunch | K60: 45398 | L60: Tuesday | M60: =IFERROR(__xludf.DUMMYFUNCTION("""COMPUTED_VALUE"""),"")
A61: 45398.672 | B61: Kayleigh Omealia | C61: FALSE | H61: 68 | J61: Dinner | K61: 45398 | L61: Tuesday | M61: =IFERROR(__xludf.DUMMYFUNCTION("""COMPUTED_VALUE"""),"")
A62: 45398.878 | B62: Bitanya Hailu | C62: FALSE | H62: 252 | J62: Dinner | K62: 45398 | L62: Tuesday | M62: =IFERROR(__xludf.DUMMYFUNCTION("""COMPUTED_VALUE"""),557.9) -> 557.9
A63: 45399.458 | B63: Kayleigh O’Mealia | C63: FALSE | H63: 33 | J63: Lunch | K63: 45399 | L63: Wednesday | M63: =IFERROR(__xludf.DUMMYFUNCTION("""COMPUTED_VALUE"""),"")
A64: 45399.642 | B64: Bitanya Hailu | C64: FALSE | H64: 166 | J64: Lunch | K64: 45399 | L64: Wednesday | M64: =IFERROR(__xludf.DUMMYFUNCTION("""COMPUTED_VALUE"""),199.0) -> 199
A65: 45400.497 | B65: Katie Field | C65: FALSE | H65: 100 | J65: Lunch | K65: 45400 | L65: Thursday | M65: =IFERROR(__xludf.DUMMYFUNCTION("""COMPUTED_VALUE"""),"")
A66: 45400.667 | B66: Skyler Bobinski | C66: FALSE | H66: 85 | J66: Dinner | K66: 45400 | L66: Thursday | M66: =IFERROR(__xludf.DUMMYFUNCTION("""COMPUTED_VALUE"""),185.0) -> 185
A67: 45401.474 | B67: Kayleigh O’Mealia | C67: FALSE | H67: 55 | J67: Lunch | K67: 45401 | L67: Friday | M67: =IFERROR(__xludf.DUMMYFUNCTION("""COMPUTED_VALUE"""),55.0) -> 55
A68: 45404.399 | B68: Westin Palumbo | C68: FALSE | H68: 68 | J68: Breakfast | K68: 45404 | L68: Monday | M68: =IFERROR(__xludf.DUMMYFUNCTION("""COMPUTED_VALUE"""),"")
A69: 45404.478 | B69: Westin Palumbo | C69: FALSE | H69: 27 | J69: Lunch | K69: 45404 | L69: Monday | M69: =IFERROR(__xludf.DUMMYFUNCTION("""COMPUTED_VALUE"""),"")
A70: 45404.653 | B70: Bitanya Hailu | C70: FALSE | H70: 218 | J70: Lunch | K70: 45404 | L70: Monday | M70: =IFERROR(__xludf.DUMMYFUNCTION("""COMPUTED_VALUE"""),313.0) -> 313
A71: 45405.491 | B71: Katie Field | C71: FALSE | H71: 128 | J71: Lunch | K71: 45405 | L71: Tuesday | M71: =IFERROR(__xludf.DUMMYFUNCTION("""COMPUTED_VALUE"""),"")
A72: 45405.759 | B72: Kayleigh O’Mealia | C72: FALSE | H72: 73 | J72: Dinner | K72: 45405 | L72: Tuesday | M72: =IFERROR(__xludf.DUMMYFUNCTION("""COMPUTED_VALUE"""),"")
A73: 45405.886 | B73: Bitanya Hailu | C73: FALSE | H73: 335 | J73: Dinner | K73: 45405 | L73: Tuesday | M73: =IFERROR(__xludf.DUMMYFUNCTION("""COMPUTED_VALUE"""),536.0) -> 536
A74: 45406.396 | B74: Kayleigh O’Mealia | C74: FALSE | H74: 30 | J74: Breakfast | K74: 45406 | L74: Wednesday | M74: =IFERROR(__xludf.DUMMYFUNCTION("""COMPUTED_VALUE"""),30.0) -> 30
A75: 45407.493 | B75: Katie Field | C75: FALSE | H75: 107 | J75: Lunch | K75: 45407 | L75: Thursday | M75: =IFERROR(__xludf.DUMMYFUNCTION("""COMPUTED_VALUE"""),"")
A76: 45407.679 | B76: Skyler Bobinski | C76: FALSE | H76: 85 | J76: Dinner | K76: 45407 | L76: Thursday | M76: =IFERROR(__xludf.DUMMYFUNCTION("""COMPUTED_VALUE"""),192.0) -> 192
A77: 45408.461 | B77: Kayleigh O’Mealia | C77: FALSE | H77: 45 | J77: Lunch | K77: 45408 | L77: Friday | M77: =IFERROR(__xludf.DUMMYFUNCTION("""COMPUTED_VALUE"""),45.0) -> 45
A78: 45411.363 | B78: Westin Palumbo | C78: FALSE | H78: 74 | J78: Breakfast | K78: 45411 | L78: Monday | M78: =IFERROR(__xludf.DUMMYFUNCTION("""COMPUTED_VALUE"""),"")
A79: 45411.497 | B79: Westin Palumbo | C79: FALSE | H79: 79 | J79: Lunch | K79: 45411 | L79: Monday | M79: =IFERROR(__xludf.DUMMYFUNCTION("""COMPUTED_VALUE"""),153.0) -> 153
M80: =IFERROR(__xludf.DUMMYFUNCTION("""COMPUTED_VALUE"""),"")
M81: =IFERROR(__xludf.DUMMYFUNCTION("""COMPUTED_VALUE"""),"")
M82: =IFERROR(__xludf.DUMMYFUNCTION("""COMPUTED_VALUE"""),"")
M83: =IFERROR(__xludf.DUMMYFUNCTION("""COMPUTED_VALUE"""),"")
M84: =IFERROR(__xludf.DUMMYFUNCTION("""COMPUTED_VALUE"""),"")
M85: =IFERROR(__xludf.DUMMYFUNCTION("""COMPUTED_VALUE"""),"")
M86: =IFERROR(__xludf.DUMMYFUNCTION("""COMPUTED_VALUE"""),"")
M87: =IFERROR(__xludf.DUMMYFUNCTION("""COMPUTED_VALUE"""),"")
M88: =IFERROR(__xludf.DUMMYFUNCTION("""COMPUTED_VALUE"""),"")
M89: =IFERROR(__xludf.DUMMYFUNCTION("""COMPUTED_VALUE"""),"")
M90: =IFERROR(__xludf.DUMMYFUNCTION("""COMPUTED_VALUE"""),"")
M91: =IFERROR(__xludf.DUMMYFUNCTION("""COMPUTED_VALUE"""),"")
... M782: =IFERROR(__xludf.DUMMYFUNCTION("""COMPUTED_VALUE"""),"")

Sheet F24
A1: Timestamp | B1: Name | C1: double name | D1: start hour | E1: hours worked | F1: end hour | G1: hours pp | H1: Derived Weight | I1: lb/hr per shift | J1: period | K1: Date | L1: Weekday | M1: dining hall | N1: MF lbs td | O1: BF lbs td | P1: lbs td
A2: 45544.866 | B2: Lizzie Welch | C2: FALSE | H2: 87 | J2: Dinner | K2: 45544 | L2: Monday | M2: MF | N2: =IFERROR(__xludf.DUMMYFUNCTION("BYROW('F24'!K2:K282, LAMBDA(r, IF(r="""","""", LET( nextVal, IFERROR(INDEX('F24'!K2:K282, ROW(r)-ROW('F24'!K2)+2), """"), IF(r <> nextVal, IFERROR( SUM(FILTER('F24'!H2:H282, 'F24'!K2:K282 = r, 'F24'!M2:M282 = ""MF""))"&", """" ), """" ) ) ) ))"),"") | O2: =IFERROR(__xludf.DUMMYFUNCTION("BYROW('F24'!K2:K282, LAMBDA(r, IF(r="""","""", LET( nextVal, IFERROR(INDEX('F24'!K2:K282, ROW(r)-ROW('F24'!K2)+2), """"), IF(r <> nextVal, IFERROR( SUM(FILTER('F24'!H2:H282, 'F24'!K2:K282 = r, 'F24'!M2:M282 = ""BF""))"&", """" ), """" ) ) ) ))"),"") | P2: =IFERROR(__xludf.DUMMYFUNCTION("BYROW('F24'!K2:K282, LAMBDA(r, IF(r="""","""", LET( nextVal, IFERROR(INDEX('F24'!K2:K282, ROW(r)-ROW('F24'!K2)+2), """"), IF(r <> nextVal, IFERROR( SUM(FILTER('F24'!H2:H282, 'F24'!K2:K282 = r)), """" "&" ), """" ) ) ) )) "),"")
A3: 45545.363 | B3: Kayleigh Omealia | C3: FALSE | H3: 43 | J3: Dinner | K3: 45544 | L3: Monday | M3: BF | N3: =IFERROR(__xludf.DUMMYFUNCTION("""COMPUTED_VALUE"""),87.0) -> 87 | O3: =IFERROR(__xludf.DUMMYFUNCTION("""COMPUTED_VALUE"""),43.0) -> 43 | P3: =IFERROR(__xludf.DUMMYFUNCTION("""COMPUTED_VALUE"""),130.0) -> 130
A4: 45545.62 | B4: Kayleigh Omealia | C4: FALSE | H4: 42 | J4: Lunch | K4: 45545 | L4: Tuesday | M4: BF | N4: =IFERROR(__xludf.DUMMYFUNCTION("""COMPUTED_VALUE"""),"") | O4: =IFERROR(__xludf.DUMMYFUNCTION("""COMPUTED_VALUE"""),"") | P4: =IFERROR(__xludf.DUMMYFUNCTION("""COMPUTED_VALUE"""),"")
A5: 45545.878 | B5: Kaya Pernini | C5: FALSE | H5: 61 | J5: Dinner | K5: 45545 | L5: Tuesday | M5: BF | N5: =IFERROR(__xludf.DUMMYFUNCTION("""COMPUTED_VALUE"""),"") | O5: =IFERROR(__xludf.DUMMYFUNCTION("""COMPUTED_VALUE"""),"") | P5: =IFERROR(__xludf.DUMMYFUNCTION("""COMPUTED_VALUE"""),"")
A6: 45545.887 | B6: Bitanya Hailu | C6: FALSE | H6: 145 | J6: Dinner | K6: 45545 | L6: Tuesday | M6: MF | N6: =IFERROR(__xludf.DUMMYFUNCTION("""COMPUTED_VALUE"""),145.0) -> 145 | O6: =IFERROR(__xludf.DUMMYFUNCTION("""COMPUTED_VALUE"""),103.0) -> 103 | P6: =IFERROR(__xludf.DUMMYFUNCTION("""COMPUTED_VALUE"""),248.0) -> 248
A7: 45546.433 | B7: Skyler Bobinski | C7: FALSE | H7: 39 | J7: Breakfast | K7: 45546 | L7: Wednesday | M7: BF | N7: =IFERROR(__xludf.DUMMYFUNCTION("""COMPUTED_VALUE"""),"") | O7: =IFERROR(__xludf.DUMMYFUNCTION("""COMPUTED_VALUE"""),"") | P7: =IFERROR(__xludf.DUMMYFUNCTION("""COMPUTED_VALUE"""),"")
A8: 45546.626 | B8: Kaya Pernini | C8: FALSE | H8: 38 | J8: Lunch | K8: 45546 | L8: Wednesday | M8: BF | N8: =IFERROR(__xludf.DUMMYFUNCTION("""COMPUTED_VALUE"""),"") | O8: =IFERROR(__xludf.DUMMYFUNCTION("""COMPUTED_VALUE"""),"") | P8: =IFERROR(__xludf.DUMMYFUNCTION("""COMPUTED_VALUE"""),"")
A9: 45546.649 | B9: Lizzie Welch | C9: FALSE | H9: 89 | J9: Lunch | K9: 45546 | L9: Wednesday | M9: MF | N9: =IFERROR(__xludf.DUMMYFUNCTION("""COMPUTED_VALUE"""),"") | O9: =IFERROR(__xludf.DUMMYFUNCTION("""COMPUTED_VALUE"""),"") | P9: =IFERROR(__xludf.DUMMYFUNCTION("""COMPUTED_VALUE"""),"")
A10: 45546.783 | B10: Cassidy Haskell | C10: FALSE | H10: 27 | J10: Dinner | K10: 45546 | L10: Wednesday | M10: BF | N10: =IFERROR(__xludf.DUMMYFUNCTION("""COMPUTED_VALUE"""),"") | O10: =IFERROR(__xludf.DUMMYFUNCTION("""COMPUTED_VALUE"""),"") | P10: =IFERROR(__xludf.DUMMYFUNCTION("""COMPUTED_VALUE"""),"")
A11: 45547.562 | B11: astou dieng | C11: FALSE | H11: 31 | J11: Dinner | K11: 45546 | L11: Wednesday | M11: BF | N11: =IFERROR(__xludf.DUMMYFUNCTION("""COMPUTED_VALUE"""),89.0) -> 89 | O11: =IFERROR(__xludf.DUMMYFUNCTION("""COMPUTED_VALUE"""),135.0) -> 135 | P11: =IFERROR(__xludf.DUMMYFUNCTION("""COMPUTED_VALUE"""),224.0) -> 224
A12: 45547.596 | B12: Lucas Meier | C12: FALSE | H12: 48 | J12: Lunch | K12: 45547 | L12: Thursday | M12: MF | N12: =IFERROR(__xludf.DUMMYFUNCTION("""COMPUTED_VALUE"""),"") | O12: =IFERROR(__xludf.DUMMYFUNCTION("""COMPUTED_VALUE"""),"") | P12: =IFERROR(__xludf.DUMMYFUNCTION("""COMPUTED_VALUE"""),"")
A13: 45547.626 | B13: Kaya Pernini | C13: FALSE | H13: 66 | J13: Lunch | K13: 45547 | L13: Thursday | M13: BF | N13: =IFERROR(__xludf.DUMMYFUNCTION("""COMPUTED_VALUE"""),"") | O13: =IFERROR(__xludf.DUMMYFUNCTION("""COMPUTED_VALUE"""),"") | P13: =IFERROR(__xludf.DUMMYFUNCTION("""COMPUTED_VALUE"""),"")
A14: 45547.822 | B14: Lizzie Welch | C14: FALSE | H14: 156 | J14: Dinner | K14: 45547 | L14: Thursday | M14: BF | N14: =IFERROR(__xludf.DUMMYFUNCTION("""COMPUTED_VALUE"""),"") | O14: =IFERROR(__xludf.DUMMYFUNCTION("""COMPUTED_VALUE"""),"") | P14: =IFERROR(__xludf.DUMMYFUNCTION("""COMPUTED_VALUE"""),"")
A15: 45547.875 | B15: Lizzie Welch | C15: FALSE | H15: 52 | J15: Dinner | K15: 45547 | L15: Thursday | M15: BF | N15: =IFERROR(__xludf.DUMMYFUNCTION("""COMPUTED_VALUE"""),48.0) -> 48 | O15: =IFERROR(__xludf.DUMMYFUNCTION("""COMPUTED_VALUE"""),274.0) -> 274 | P15: =IFERROR(__xludf.DUMMYFUNCTION("""COMPUTED_VALUE"""),322.0) -> 322
A16: 45548.391 | B16: Skyler Bobinski | C16: FALSE | H16: 31 | J16: Breakfast | K16: 45548 | L16: Friday | M16: BF | N16: =IFERROR(__xludf.DUMMYFUNCTION("""COMPUTED_VALUE"""),"") | O16: =IFERROR(__xludf.DUMMYFUNCTION("""COMPUTED_VALUE"""),"") | P16: =IFERROR(__xludf.DUMMYFUNCTION("""COMPUTED_VALUE"""),"")
A17: 45548.559 | B17: astou dieng | C17: FALSE | H17: 125 | J17: Breakfast/Lunch | K17: 45548 | L17: Friday | M17: BF | N17: =IFERROR(__xludf.DUMMYFUNCTION("""COMPUTED_VALUE"""),"") | O17: =IFERROR(__xludf.DUMMYFUNCTION("""COMPUTED_VALUE"""),"") | P17: =IFERROR(__xludf.DUMMYFUNCTION("""COMPUTED_VALUE"""),"")
A18: 45548.643 | B18: Westin Palumbo | C18: FALSE | H18: 86 | J18: Lunch | K18: 45548 | L18: Friday | M18: MF | N18: =IFERROR(__xludf.DUMMYFUNCTION("""COMPUTED_VALUE"""),86.0) -> 86 | O18: =IFERROR(__xludf.DUMMYFUNCTION("""COMPUTED_VALUE"""),156.0) -> 156 | P18: =IFERROR(__xludf.DUMMYFUNCTION("""COMPUTED_VALUE"""),242.0) -> 242
A19: 45551.611 | B19: Kaya Pernini | C19: FALSE | H19: 23 | J19: Lunch | K19: 45551 | L19: Monday | M19: BF | N19: =IFERROR(__xludf.DUMMYFUNCTION("""COMPUTED_VALUE"""),"") | O19: =IFERROR(__xludf.DUMMYFUNCTION("""COMPUTED_VALUE"""),"") | P19: =IFERROR(__xludf.DUMMYFUNCTION("""COMPUTED_VALUE"""),"")
A20: 45554.815 | B20: Lizzie Welch | C20: FALSE | H20: 106 | J20: Dinner | K20: 45551 | L20: Monday | M20: BF | N20: =IFERROR(__xludf.DUMMYFUNCTION("""COMPUTED_VALUE"""),"") | O20: =IFERROR(__xludf.DUMMYFUNCTION("""COMPUTED_VALUE"""),"") | P20: =IFERROR(__xludf.DUMMYFUNCTION("""COMPUTED_VALUE"""),"")
A21: 45551.645 | B21: Lizzie Welch | C21: FALSE | H21: 110 | J21: Lunch | K21: 45551 | L21: Monday | M21: MF | N21: =IFERROR(__xludf.DUMMYFUNCTION("""COMPUTED_VALUE"""),"") | O21: =IFERROR(__xludf.DUMMYFUNCTION("""COMPUTED_VALUE"""),"") | P21: =IFERROR(__xludf.DUMMYFUNCTION("""COMPUTED_VALUE"""),"")
A22: 45551.757 | B22: Westin Palumbo | C22: FALSE | H22: 6 | J22: Lunch | K22: 45551 | L22: Monday | M22: MF | N22: =IFERROR(__xludf.DUMMYFUNCTION("""COMPUTED_VALUE"""),"") | O22: =IFERROR(__xludf.DUMMYFUNCTION("""COMPUTED_VALUE"""),"") | P22: =IFERROR(__xludf.DUMMYFUNCTION("""COMPUTED_VALUE"""),"")
A23: 45552.014 | B23: astou dieng | C23: FALSE | H23: 41 | J23: Dinner | K23: 45551 | L23: Monday | M23: BF | N23: =IFERROR(__xludf.DUMMYFUNCTION("""COMPUTED_VALUE"""),"") | O23: =IFERROR(__xludf.DUMMYFUNCTION("""COMPUTED_VALUE"""),"") | P23: =IFERROR(__xludf.DUMMYFUNCTION("""COMPUTED_VALUE"""),"")
A24: 45552.348 | B24: Kayleigh O’Mealia | C24: FALSE | H24: 31 | J24: Dinner | K24: 45551 | L24: Monday | M24: BF | N24: =IFERROR(__xludf.DUMMYFUNCTION("""COMPUTED_VALUE"""),"") | O24: =IFERROR(__xludf.DUMMYFUNCTION("""COMPUTED_VALUE"""),"") | P24: =IFERROR(__xludf.DUMMYFUNCTION("""COMPUTED_VALUE"""),"")
A25: 45554.322 | B25: Tyson Enes | C25: FALSE | H25: 60 | J25: Breakfast | K25: 45551 | L25: Monday | M25: BF | N25: =IFERROR(__xludf.DUMMYFUNCTION("""COMPUTED_VALUE"""),116.0) -> 116 | O25: =IFERROR(__xludf.DUMMYFUNCTION("""COMPUTED_VALUE"""),261.0) -> 261 | P25: =IFERROR(__xludf.DUMMYFUNCTION("""COMPUTED_VALUE"""),377.0) -> 377
A26: 45552.545 | B26: Cassidy Haskell | C26: FALSE | H26: 72 | J26: Lunch | K26: 45552 | L26: Tuesday | M26: MF | N26: =IFERROR(__xludf.DUMMYFUNCTION("""COMPUTED_VALUE"""),"") | O26: =IFERROR(__xludf.DUMMYFUNCTION("""COMPUTED_VALUE"""),"") | P26: =IFERROR(__xludf.DUMMYFUNCTION("""COMPUTED_VALUE"""),"")
A27: 45552.621 | B27: Lucas Meier | C27: FALSE | H27: 43 | J27: Lunch | K27: 45552 | L27: Tuesday | M27: MF | N27: =IFERROR(__xludf.DUMMYFUNCTION("""COMPUTED_VALUE"""),"") | O27: =IFERROR(__xludf.DUMMYFUNCTION("""COMPUTED_VALUE"""),"") | P27: =IFERROR(__xludf.DUMMYFUNCTION("""COMPUTED_VALUE"""),"")
A28: 45552.625 | B28: Kayleigh O’Mealia | C28: FALSE | H28: 66 | J28: Lunch | K28: 45552 | L28: Tuesday | M28: BF | N28: =IFERROR(__xludf.DUMMYFUNCTION("""COMPUTED_VALUE"""),"") | O28: =IFERROR(__xludf.DUMMYFUNCTION("""COMPUTED_VALUE"""),"") | P28: =IFERROR(__xludf.DUMMYFUNCTION("""COMPUTED_VALUE"""),"")
A29: 45552.871 | B29: Bitanya Hailu | C29: FALSE | H29: 228 | J29: Dinner | K29: 45552 | L29: Tuesday | M29: MF | N29: =IFERROR(__xludf.DUMMYFUNCTION("""COMPUTED_VALUE"""),"") | O29: =IFERROR(__xludf.DUMMYFUNCTION("""COMPUTED_VALUE"""),"") | P29: =IFERROR(__xludf.DUMMYFUNCTION("""COMPUTED_VALUE"""),"")
A30: 45552.873 | B30: Kaya Pernini | C30: FALSE | H30: 58 | J30: Dinner | K30: 45552 | L30: Tuesday | M30: BF | N30: =IFERROR(__xludf.DUMMYFUNCTION("""COMPUTED_VALUE"""),343.0) -> 343 | O30: =IFERROR(__xludf.DUMMYFUNCTION("""COMPUTED_VALUE"""),124.0) -> 124 | P30: =IFERROR(__xludf.DUMMYFUNCTION("""COMPUTED_VALUE"""),467.0) -> 467
A31: 45553.423 | B31: Skyler bobinski | C31: FALSE | H31: 56 | J31: Breakfast | K31: 45553 | L31: Wednesday | M31: BF | N31: =IFERROR(__xludf.DUMMYFUNCTION("""COMPUTED_VALUE"""),"") | O31: =IFERROR(__xludf.DUMMYFUNCTION("""COMPUTED_VALUE"""),"") | P31: =IFERROR(__xludf.DUMMYFUNCTION("""COMPUTED_VALUE"""),"")
A32: 45553.5 | B32: Westin Palumbo | C32: FALSE | H32: 4 | J32: Lunch | K32: 45553 | L32: Wednesday | M32: MF | N32: =IFERROR(__xludf.DUMMYFUNCTION("""COMPUTED_VALUE"""),"") | O32: =IFERROR(__xludf.DUMMYFUNCTION("""COMPUTED_VALUE"""),"") | P32: =IFERROR(__xludf.DUMMYFUNCTION("""COMPUTED_VALUE"""),"")
A33: 45553.646 | B33: Lizzie Welch | C33: FALSE | H33: 102 | J33: Lunch | K33: 45553 | L33: Wednesday | M33: MF | N33: =IFERROR(__xludf.DUMMYFUNCTION("""COMPUTED_VALUE"""),"") | O33: =IFERROR(__xludf.DUMMYFUNCTION("""COMPUTED_VALUE"""),"") | P33: =IFERROR(__xludf.DUMMYFUNCTION("""COMPUTED_VALUE"""),"")
A34: 45554.754 | B34: astou dieng | C34: FALSE | H34: 60 | J34: Dinner | K34: 45553 | L34: Wednesday | M34: BF | N34: =IFERROR(__xludf.DUMMYFUNCTION("""COMPUTED_VALUE"""),106.0) -> 106 | O34: =IFERROR(__xludf.DUMMYFUNCTION("""COMPUTED_VALUE"""),116.0) -> 116 | P34: =IFERROR(__xludf.DUMMYFUNCTION("""COMPUTED_VALUE"""),222.0) -> 222
A35: 45554.474 | B35: Tyson Enes | C35: FALSE | H35: 52 | J35: Breakfast | K35: 45554 | L35: Thursday | M35: BF | N35: =IFERROR(__xludf.DUMMYFUNCTION("""COMPUTED_VALUE"""),"") | O35: =IFERROR(__xludf.DUMMYFUNCTION("""COMPUTED_VALUE"""),"") | P35: =IFERROR(__xludf.DUMMYFUNCTION("""COMPUTED_VALUE"""),"")
A36: 45554.559 | B36: Cassidy Haskell | C36: FALSE | H36: 43 | J36: Lunch | K36: 45554 | L36: Thursday | M36: MF | N36: =IFERROR(__xludf.DUMMYFUNCTION("""COMPUTED_VALUE"""),"") | O36: =IFERROR(__xludf.DUMMYFUNCTION("""COMPUTED_VALUE"""),"") | P36: =IFERROR(__xludf.DUMMYFUNCTION("""COMPUTED_VALUE"""),"")
A37: 45554.627 | B37: Kaya Pernini | C37: FALSE | H37: 66 | J37: Lunch | K37: 45554 | L37: Thursday | M37: BF | N37: =IFERROR(__xludf.DUMMYFUNCTION("""COMPUTED_VALUE"""),"") | O37: =IFERROR(__xludf.DUMMYFUNCTION("""COMPUTED_VALUE"""),"") | P37: =IFERROR(__xludf.DUMMYFUNCTION("""COMPUTED_VALUE"""),"")
A38: 45554.875 | B38: Lizzie Welch | C38: FALSE | H38: 37 | J38: Dinner | K38: 45554 | L38: Thursday | M38: MF | N38: =IFERROR(__xludf.DUMMYFUNCTION("""COMPUTED_VALUE"""),"") | O38: =IFERROR(__xludf.DUMMYFUNCTION("""COMPUTED_VALUE"""),"") | P38: =IFERROR(__xludf.DUMMYFUNCTION("""COMPUTED_VALUE"""),"")
A39: 45554.953 | B39: Lucas Meier | C39: FALSE | H39: 54 | J39: Lunch | K39: 45554 | L39: Thursday | M39: MF | N39: =IFERROR(__xludf.DUMMYFUNCTION("""COMPUTED_VALUE"""),134.0) -> 134 | O39: =IFERROR(__xludf.DUMMYFUNCTION("""COMPUTED_VALUE"""),118.0) -> 118 | P39: =IFERROR(__xludf.DUMMYFUNCTION("""COMPUTED_VALUE"""),252.0) -> 252
A40: 45555.395 | B40: Skyler Bobinski | C40: FALSE | H40: 46 | J40: Breakfast | K40: 45555 | L40: Friday | M40: BF | N40: =IFERROR(__xludf.DUMMYFUNCTION("""COMPUTED_VALUE"""),"") | O40: =IFERROR(__xludf.DUMMYFUNCTION("""COMPUTED_VALUE"""),"") | P40: =IFERROR(__xludf.DUMMYFUNCTION("""COMPUTED_VALUE"""),"")
A41: 45555.648 | B41: Westin Palumbo | C41: FALSE | H41: 129 | J41: Lunch | K41: 45555 | L41: Friday | M41: MF | N41: =IFERROR(__xludf.DUMMYFUNCTION("""COMPUTED_VALUE"""),"") | O41: =IFERROR(__xludf.DUMMYFUNCTION("""COMPUTED_VALUE"""),"") | P41: =IFERROR(__xludf.DUMMYFUNCTION("""COMPUTED_VALUE"""),"")
A42: 45555.729 | B42: Lizzie Welch | C42: FALSE | H42: 25 | J42: Dinner | K42: 45555 | L42: Friday | M42: MF | N42: =IFERROR(__xludf.DUMMYFUNCTION("""COMPUTED_VALUE"""),"") | O42: =IFERROR(__xludf.DUMMYFUNCTION("""COMPUTED_VALUE"""),"") | P42: =IFERROR(__xludf.DUMMYFUNCTION("""COMPUTED_VALUE"""),"")
A43: 45555.834 | B43: Lizzie Welch | C43: FALSE | H43: 116 | J43: Dinner | K43: 45555 | L43: Friday | M43: MF | N43: =IFERROR(__xludf.DUMMYFUNCTION("""COMPUTED_VALUE"""),270.0) -> 270 | O43: =IFERROR(__xludf.DUMMYFUNCTION("""COMPUTED_VALUE"""),46.0) -> 46 | P43: =IFERROR(__xludf.DUMMYFUNCTION("""COMPUTED_VALUE"""),316.0) -> 316
A44: 45558.425 | B44: Skyler Bobinski | C44: FALSE | H44: 44 | J44: Breakfast | K44: 45558 | L44: Monday | M44: BF | N44: =IFERROR(__xludf.DUMMYFUNCTION("""COMPUTED_VALUE"""),"") | O44: =IFERROR(__xludf.DUMMYFUNCTION("""COMPUTED_VALUE"""),"") | P44: =IFERROR(__xludf.DUMMYFUNCTION("""COMPUTED_VALUE"""),"")
A45: 45558.5 | B45: Westin Palumbo | C45: FALSE | H45: 5 | J45: Lunch | K45: 45558 | L45: Monday | M45: MF | N45: =IFERROR(__xludf.DUMMYFUNCTION("""COMPUTED_VALUE"""),"") | O45: =IFERROR(__xludf.DUMMYFUNCTION("""COMPUTED_VALUE"""),"") | P45: =IFERROR(__xludf.DUMMYFUNCTION("""COMPUTED_VALUE"""),"")
A46: 45558.613 | B46: Kaya Pernini | C46: FALSE | H46: 24 | J46: Lunch | K46: 45558 | L46: Monday | M46: BF | N46: =IFERROR(__xludf.DUMMYFUNCTION("""COMPUTED_VALUE"""),"") | O46: =IFERROR(__xludf.DUMMYFUNCTION("""COMPUTED_VALUE"""),"") | P46: =IFERROR(__xludf.DUMMYFUNCTION("""COMPUTED_VALUE"""),"")
A47: 45558.646 | B47: Lizzie Welch | C47: FALSE | H47: 125 | J47: Lunch | K47: 45558 | L47: Monday | M47: MF | N47: =IFERROR(__xludf.DUMMYFUNCTION("""COMPUTED_VALUE"""),"") | O47: =IFERROR(__xludf.DUMMYFUNCTION("""COMPUTED_VALUE"""),"") | P47: =IFERROR(__xludf.DUMMYFUNCTION("""COMPUTED_VALUE"""),"")
A48: 45558.792 | B48: Kayleigh Omealia | C48: FALSE | H48: 60 | J48: Dinner | K48: 45558 | L48: Monday | M48: BF | N48: =IFERROR(__xludf.DUMMYFUNCTION("""COMPUTED_VALUE"""),"") | O48: =IFERROR(__xludf.DUMMYFUNCTION("""COMPUTED_VALUE"""),"") | P48: =IFERROR(__xludf.DUMMYFUNCTION("""COMPUTED_VALUE"""),"")
A49: 45558.922 | B49: Lucas Meier | C49: FALSE | H49: 75 | J49: Dinner | K49: 45558 | L49: Monday | M49: MF | N49: =IFERROR(__xludf.DUMMYFUNCTION("""COMPUTED_VALUE"""),205.0) -> 205 | O49: =IFERROR(__xludf.DUMMYFUNCTION("""COMPUTED_VALUE"""),128.0) -> 128 | P49: =IFERROR(__xludf.DUMMYFUNCTION("""COMPUTED_VALUE"""),333.0) -> 333
A50: 45559.624 | B50: Kayleigh Omealia | C50: FALSE | H50: 67 | J50: Lunch | K50: 45559 | L50: Tuesday | M50: BF | N50: =IFERROR(__xludf.DUMMYFUNCTION("""COMPUTED_VALUE"""),"") | O50: =IFERROR(__xludf.DUMMYFUNCTION("""COMPUTED_VALUE"""),"") | P50: =IFERROR(__xludf.DUMMYFUNCTION("""COMPUTED_VALUE"""),"")
A51: 45559.679 | B51: Lucas Meier | C51: FALSE | H51: 25 | J51: Lunch | K51: 45559 | L51: Tuesday | M51: MF | N51: =IFERROR(__xludf.DUMMYFUNCTION("""COMPUTED_VALUE"""),"") | O51: =IFERROR(__xludf.DUMMYFUNCTION("""COMPUTED_VALUE"""),"") | P51: =IFERROR(__xludf.DUMMYFUNCTION("""COMPUTED_VALUE"""),"")
A52: 45559.877 | B52: Kaya Pernini | C52: FALSE | H52: 81 | J52: Dinner | K52: 45559 | L52: Tuesday | M52: BF | N52: =IFERROR(__xludf.DUMMYFUNCTION("""COMPUTED_VALUE"""),"") | O52: =IFERROR(__xludf.DUMMYFUNCTION("""COMPUTED_VALUE"""),"") | P52: =IFERROR(__xludf.DUMMYFUNCTION("""COMPUTED_VALUE"""),"")
A53: 45561.804 | B53: Tyson Enes | C53: FALSE | H53: 57 | J53: Breakfast | K53: 45559 | L53: Tuesday | M53: BF | N53: =IFERROR(__xludf.DUMMYFUNCTION("""COMPUTED_VALUE"""),25.0) -> 25 | O53: =IFERROR(__xludf.DUMMYFUNCTION("""COMPUTED_VALUE"""),205.0) -> 205 | P53: =IFERROR(__xludf.DUMMYFUNCTION("""COMPUTED_VALUE"""),230.0) -> 230
A54: 45560.516 | B54: Westin Palumbo | C54: FALSE | H54: 4 | J54: Lunch | K54: 45560 | L54: Wednesday | M54: MF | N54: =IFERROR(__xludf.DUMMYFUNCTION("""COMPUTED_VALUE"""),"") | O54: =IFERROR(__xludf.DUMMYFUNCTION("""COMPUTED_VALUE"""),"") | P54: =IFERROR(__xludf.DUMMYFUNCTION("""COMPUTED_VALUE"""),"")
A55: 45560.626 | B55: Kaya Pernini | C55: FALSE | H55: 71 | J55: Lunch | K55: 45560 | L55: Wednesday | M55: BF | N55: =IFERROR(__xludf.DUMMYFUNCTION("""COMPUTED_VALUE"""),"") | O55: =IFERROR(__xludf.DUMMYFUNCTION("""COMPUTED_VALUE"""),"") | P55: =IFERROR(__xludf.DUMMYFUNCTION("""COMPUTED_VALUE"""),"")
A56: 45560.646 | B56: Lizzie Welch | C56: FALSE | H56: 61 | J56: Lunch | K56: 45560 | L56: Wednesday | M56: MF | N56: =IFERROR(__xludf.DUMMYFUNCTION("""COMPUTED_VALUE"""),65.0) -> 65 | O56: =IFERROR(__xludf.DUMMYFUNCTION("""COMPUTED_VALUE"""),71.0) -> 71 | P56: =IFERROR(__xludf.DUMMYFUNCTION("""COMPUTED_VALUE"""),136.0) -> 136
A57: 45561.593 | B57: Cassidy Haskell | C57: FALSE | H57: 51 | J57: Lunch | K57: 45561 | L57: Thursday | M57: MF | N57: =IFERROR(__xludf.DUMMYFUNCTION("""COMPUTED_VALUE"""),"") | O57: =IFERROR(__xludf.DUMMYFUNCTION("""COMPUTED_VALUE"""),"") | P57: =IFERROR(__xludf.DUMMYFUNCTION("""COMPUTED_VALUE"""),"")
A58: 45561.625 | B58: Kaya Pernini | C58: FALSE | H58: 131 | J58: Lunch | K58: 45561 | L58: Thursday | M58: BF | N58: =IFERROR(__xludf.DUMMYFUNCTION("""COMPUTED_VALUE"""),"") | O58: =IFERROR(__xludf.DUMMYFUNCTION("""COMPUTED_VALUE"""),"") | P58: =IFERROR(__xludf.DUMMYFUNCTION("""COMPUTED_VALUE"""),"")
A59: 45561.638 | B59: Lucas Meier | C59: FALSE | H59: 55 | J59: Lunch | K59: 45561 | L59: Thursday | M59: MF | N59: =IFERROR(__xludf.DUMMYFUNCTION("""COMPUTED_VALUE"""),"") | O59: =IFERROR(__xludf.DUMMYFUNCTION("""COMPUTED_VALUE"""),"") | P59: =IFERROR(__xludf.DUMMYFUNCTION("""COMPUTED_VALUE"""),"")
A60: 45561.804 | B60: Tyson Enes | C60: FALSE | H60: 53 | J60: Breakfast | K60: 45561 | L60: Thursday | M60: BF | N60: =IFERROR(__xludf.DUMMYFUNCTION("""COMPUTED_VALUE"""),"") | O60: =IFERROR(__xludf.DUMMYFUNCTION("""COMPUTED_VALUE"""),"") | P60: =IFERROR(__xludf.DUMMYFUNCTION("""COMPUTED_VALUE"""),"")
A61: 45561.874 | B61: Lizzie Welch | C61: FALSE | H61: 146 | J61: Dinner | K61: 45561 | L61: Thursday | M61: BF | N61: =IFERROR(__xludf.DUMMYFUNCTION("""COMPUTED_VALUE"""),106.0) -> 106 | O61: =IFERROR(__xludf.DUMMYFUNCTION("""COMPUTED_VALUE"""),330.0) -> 330 | P61: =IFERROR(__xludf.DUMMYFUNCTION("""COMPUTED_VALUE"""),436.0) -> 436
A62: 45562.391 | B62: Skyler Bobinski | C62: FALSE | H62: 37 | J62: Breakfast | K62: 45562 | L62: Friday | M62: BF | N62: =IFERROR(__xludf.DUMMYFUNCTION("""COMPUTED_VALUE"""),"") | O62: =IFERROR(__xludf.DUMMYFUNCTION("""COMPUTED_VALUE"""),"") | P62: =IFERROR(__xludf.DUMMYFUNCTION("""COMPUTED_VALUE"""),"")
A63: 45562.644 | B63: Westin Palumbo | C63: FALSE | H63: 129 | J63: Lunch | K63: 45562 | L63: Friday | M63: MF | N63: =IFERROR(__xludf.DUMMYFUNCTION("""COMPUTED_VALUE"""),"") | O63: =IFERROR(__xludf.DUMMYFUNCTION("""COMPUTED_VALUE"""),"") | P63: =IFERROR(__xludf.DUMMYFUNCTION("""COMPUTED_VALUE"""),"")
A64: 45562.72 | B64: astou dieng | C64: FALSE | H64: 57 | J64: Breakfast/Lunch | K64: 45562 | L64: Friday | M64: BF | N64: =IFERROR(__xludf.DUMMYFUNCTION("""COMPUTED_VALUE"""),"") | O64: =IFERROR(__xludf.DUMMYFUNCTION("""COMPUTED_VALUE"""),"") | P64: =IFERROR(__xludf.DUMMYFUNCTION("""COMPUTED_VALUE"""),"")
A65: 45562.833 | B65: Lizzie Welch | C65: FALSE | H65: 144 | J65: Dinner | K65: 45562 | L65: Friday | M65: MF | N65: =IFERROR(__xludf.DUMMYFUNCTION("""COMPUTED_VALUE"""),273.0) -> 273 | O65: =IFERROR(__xludf.DUMMYFUNCTION("""COMPUTED_VALUE"""),94.0) -> 94 | P65: =IFERROR(__xludf.DUMMYFUNCTION("""COMPUTED_VALUE"""),367.0) -> 367
A66: 45565.419 | B66: Skyler Bobinski | C66: FALSE | H66: 82 | J66: Breakfast | K66: 45565 | L66: Monday | M66: BF | N66: =IFERROR(__xludf.DUMMYFUNCTION("""COMPUTED_VALUE"""),"") | O66: =IFERROR(__xludf.DUMMYFUNCTION("""COMPUTED_VALUE"""),"") | P66: =IFERROR(__xludf.DUMMYFUNCTION("""COMPUTED_VALUE"""),"")
A67: 45560.593 | B67: Lizzie Welch | C67: FALSE | H67: 129 | J67: Lunch | K67: 45565 | L67: Monday | M67: MF | N67: =IFERROR(__xludf.DUMMYFUNCTION("""COMPUTED_VALUE"""),"") | O67: =IFERROR(__xludf.DUMMYFUNCTION("""COMPUTED_VALUE"""),"") | P67: =IFERROR(__xludf.DUMMYFUNCTION("""COMPUTED_VALUE"""),"")
A68: 45565.503 | B68: Westin Palumbo | C68: FALSE | H68: 5 | J68: Lunch | K68: 45565 | L68: Monday | M68: MF | N68: =IFERROR(__xludf.DUMMYFUNCTION("""COMPUTED_VALUE"""),"") | O68: =IFERROR(__xludf.DUMMYFUNCTION("""COMPUTED_VALUE"""),"") | P68: =IFERROR(__xludf.DUMMYFUNCTION("""COMPUTED_VALUE"""),"")
A69: 45565.645 | B69: Lizzie Welch | C69: FALSE | H69: 174 | J69: Lunch | K69: 45565 | L69: Monday | M69: MF | N69: =IFERROR(__xludf.DUMMYFUNCTION("""COMPUTED_VALUE"""),"") | O69: =IFERROR(__xludf.DUMMYFUNCTION("""COMPUTED_VALUE"""),"") | P69: =IFERROR(__xludf.DUMMYFUNCTION("""COMPUTED_VALUE"""),"")
A70: 45565.754 | B70: Kaya Pernini | C70: FALSE | H70: 51 | J70: Lunch | K70: 45565 | L70: Monday | M70: BF | N70: =IFERROR(__xludf.DUMMYFUNCTION("""COMPUTED_VALUE"""),"") | O70: =IFERROR(__xludf.DUMMYFUNCTION("""COMPUTED_VALUE"""),"") | P70: =IFERROR(__xludf.DUMMYFUNCTION("""COMPUTED_VALUE"""),"")
A71: 45565.756 | B71: Lucas Meier | C71: FALSE | H71: 55 | J71: Dinner | K71: 45565 | L71: Monday | M71: MF | N71: =IFERROR(__xludf.DUMMYFUNCTION("""COMPUTED_VALUE"""),"") | O71: =IFERROR(__xludf.DUMMYFUNCTION("""COMPUTED_VALUE"""),"") | P71: =IFERROR(__xludf.DUMMYFUNCTION("""COMPUTED_VALUE"""),"")
A72: 45565.942 | B72: astou dieng | C72: FALSE | H72: 31 | J72: Dinner | K72: 45565 | L72: Monday | M72: BF | N72: =IFERROR(__xludf.DUMMYFUNCTION("""COMPUTED_VALUE"""),363.0) -> 363 | O72: =IFERROR(__xludf.DUMMYFUNCTION("""COMPUTED_VALUE"""),164.0) -> 164 | P72: =IFERROR(__xludf.DUMMYFUNCTION("""COMPUTED_VALUE"""),527.0) -> 527
A73: 45566.642 | B73: Lucas Meier | C73: FALSE | H73: 65 | J73: Lunch | K73: 45566 | L73: Tuesday | M73: MF | N73: =IFERROR(__xludf.DUMMYFUNCTION("""COMPUTED_VALUE"""),"") | O73: =IFERROR(__xludf.DUMMYFUNCTION("""COMPUTED_VALUE"""),"") | P73: =IFERROR(__xludf.DUMMYFUNCTION("""COMPUTED_VALUE"""),"")
A74: 45566.774 | B74: Kaya Pernini | C74: FALSE | H74: 97 | J74: Dinner | K74: 45566 | L74: Tuesday | M74: BF | N74: =IFERROR(__xludf.DUMMYFUNCTION("""COMPUTED_VALUE"""),"") | O74: =IFERROR(__xludf.DUMMYFUNCTION("""COMPUTED_VALUE"""),"") | P74: =IFERROR(__xludf.DUMMYFUNCTION("""COMPUTED_VALUE"""),"")
A75: 45566.878 | B75: Bitanya Hailu | C75: FALSE | H75: 237 | J75: Dinner | K75: 45566 | L75: Tuesday | M75: MF | N75: =IFERROR(__xludf.DUMMYFUNCTION("""COMPUTED_VALUE"""),"") | O75: =IFERROR(__xludf.DUMMYFUNCTION("""COMPUTED_VALUE"""),"") | P75: =IFERROR(__xludf.DUMMYFUNCTION("""COMPUTED_VALUE"""),"")
A76: 45566.894 | B76: Kaya Pernini | C76: FALSE | H76: 90 | J76: Dinner | K76: 45566 | L76: Tuesday | M76: BF | N76: =IFERROR(__xludf.DUMMYFUNCTION("""COMPUTED_VALUE"""),302.0) -> 302 | O76: =IFERROR(__xludf.DUMMYFUNCTION("""COMPUTED_VALUE"""),187.0) -> 187 | P76: =IFERROR(__xludf.DUMMYFUNCTION("""COMPUTED_VALUE"""),489.0) -> 489
A77: 45567.423 | B77: Skyler Bobinski | C77: FALSE | H77: 80 | J77: Breakfast | K77: 45567 | L77: Wednesday | M77: BF | N77: =IFERROR(__xludf.DUMMYFUNCTION("""COMPUTED_VALUE"""),"") | O77: =IFERROR(__xludf.DUMMYFUNCTION("""COMPUTED_VALUE"""),"") | P77: =IFERROR(__xludf.DUMMYFUNCTION("""COMPUTED_VALUE"""),"")
A78: 45567.508 | B78: Westin Palumbo | C78: FALSE | H78: 6 | J78: Lunch | K78: 45567 | L78: Wednesday | M78: MF | N78: =IFERROR(__xludf.DUMMYFUNCTION("""COMPUTED_VALUE"""),"") | O78: =IFERROR(__xludf.DUMMYFUNCTION("""COMPUTED_VALUE"""),"") | P78: =IFERROR(__xludf.DUMMYFUNCTION("""COMPUTED_VALUE"""),"")
A79: 45567.628 | B79: Kaya Pernini | C79: FALSE | H79: 161 | J79: Lunch | K79: 45567 | L79: Wednesday | M79: BF | N79: =IFERROR(__xludf.DUMMYFUNCTION("""COMPUTED_VALUE"""),"") | O79: =IFERROR(__xludf.DUMMYFUNCTION("""COMPUTED_VALUE"""),"") | P79: =IFERROR(__xludf.DUMMYFUNCTION("""COMPUTED_VALUE"""),"")
A80: 45567.644 | B80: Lizzie Welch | C80: FALSE | H80: 147 | J80: Lunch | K80: 45567 | L80: Wednesday | M80: MF | N80: =IFERROR(__xludf.DUMMYFUNCTION("""COMPUTED_VALUE"""),153.0) -> 153 | O80: =IFERROR(__xludf.DUMMYFUNCTION("""COMPUTED_VALUE"""),241.0) -> 241 | P80: =IFERROR(__xludf.DUMMYFUNCTION("""COMPUTED_VALUE"""),394.0) -> 394
A81: 45568.56 | B81: Cassidy Haskell | C81: FALSE | H81: 91 | J81: Lunch | K81: 45568 | L81: Thursday | M81: MF | N81: =IFERROR(__xludf.DUMMYFUNCTION("""COMPUTED_VALUE"""),"") | O81: =IFERROR(__xludf.DUMMYFUNCTION("""COMPUTED_VALUE"""),"") | P81: =IFERROR(__xludf.DUMMYFUNCTION("""COMPUTED_VALUE"""),"")
A82: 45568.629 | B82: Kaya Pernini | C82: FALSE | H82: 165 | J82: Lunch | K82: 45568 | L82: Thursday | M82: BF | N82: =IFERROR(__xludf.DUMMYFUNCTION("""COMPUTED_VALUE"""),"") | O82: =IFERROR(__xludf.DUMMYFUNCTION("""COMPUTED_VALUE"""),"") | P82: =IFERROR(__xludf.DUMMYFUNCTION("""COMPUTED_VALUE"""),"")
A83: 45568.874 | B83: Bitanya Hailu | C83: FALSE | H83: 83 | J83: Dinner | K83: 45568 | L83: Thursday | M83: MF | N83: =IFERROR(__xludf.DUMMYFUNCTION("""COMPUTED_VALUE"""),"") | O83: =IFERROR(__xludf.DUMMYFUNCTION("""COMPUTED_VALUE"""),"") | P83: =IFERROR(__xludf.DUMMYFUNCTION("""COMPUTED_VALUE"""),"")
A84: 45568.876 | B84: Lizzie Welch | C84: FALSE | H84: 249 | J84: Dinner | K84: 45568 | L84: Thursday | M84: BF | N84: =IFERROR(__xludf.DUMMYFUNCTION("""COMPUTED_VALUE"""),"") | O84: =IFERROR(__xludf.DUMMYFUNCTION("""COMPUTED_VALUE"""),"") | P84: =IFERROR(__xludf.DUMMYFUNCTION("""COMPUTED_VALUE"""),"")
A85: 45569.417 | B85: Lucas Meier | C85: FALSE | H85: 20 | J85: Lunch | K85: 45568 | L85: Thursday | M85: MF | N85: =IFERROR(__xludf.DUMMYFUNCTION("""COMPUTED_VALUE"""),194.0) -> 194 | O85: =IFERROR(__xludf.DUMMYFUNCTION("""COMPUTED_VALUE"""),414.0) -> 414 | P85: =IFERROR(__xludf.DUMMYFUNCTION("""COMPUTED_VALUE"""),608.0) -> 608
A86: 45569.392 | B86: Skyler Bobinski | C86: FALSE | H86: 57 | J86: Breakfast | K86: 45569 | L86: Friday | M86: BF | N86: =IFERROR(__xludf.DUMMYFUNCTION("""COMPUTED_VALUE"""),"") | O86: =IFERROR(__xludf.DUMMYFUNCTION("""COMPUTED_VALUE"""),"") | P86: =IFERROR(__xludf.DUMMYFUNCTION("""COMPUTED_VALUE"""),"")
A87: 45569.489 | B87: astou dieng | C87: FALSE | H87: 104 | J87: Breakfast/Lunch | K87: 45569 | L87: Friday | M87: BF | N87: =IFERROR(__xludf.DUMMYFUNCTION("""COMPUTED_VALUE"""),"") | O87: =IFERROR(__xludf.DUMMYFUNCTION("""COMPUTED_VALUE"""),"") | P87: =IFERROR(__xludf.DUMMYFUNCTION("""COMPUTED_VALUE"""),"")
A88: 45569.603 | B88: Westin Palumbo | C88: FALSE | H88: 97 | J88: Lunch | K88: 45569 | L88: Friday | M88: MF | N88: =IFERROR(__xludf.DUMMYFUNCTION("""COMPUTED_VALUE"""),"") | O88: =IFERROR(__xludf.DUMMYFUNCTION("""COMPUTED_VALUE"""),"") | P88: =IFERROR(__xludf.DUMMYFUNCTION("""COMPUTED_VALUE"""),"")
A89: 45569.833 | B89: Lizzie Welch | C89: FALSE | H89: 208 | J89: Dinner | K89: 45569 | L89: Friday | M89: MF | N89: =IFERROR(__xludf.DUMMYFUNCTION("""COMPUTED_VALUE"""),"") | O89: =IFERROR(__xludf.DUMMYFUNCTION("""COMPUTED_VALUE"""),"") | P89: =IFERROR(__xludf.DUMMYFUNCTION("""COMPUTED_VALUE"""),"")
A90: 45569.849 | B90: astou dieng | C90: FALSE | H90: 37 | J90: Lunch | K90: 45569 | L90: Friday | M90: BF | N90: =IFERROR(__xludf.DUMMYFUNCTION("""COMPUTED_VALUE"""),305.0) -> 305 | O90: =IFERROR(__xludf.DUMMYFUNCTION("""COMPUTED_VALUE"""),198.0) -> 198 | P90: =IFERROR(__xludf.DUMMYFUNCTION("""COMPUTED_VALUE"""),503.0) -> 503
A91: 45572.433 | B91: Skyler Bobinski | C91: FALSE | H91: 77 | J91: Breakfast | K91: 45572 | L91: Monday | M91: BF | N91: =IFERROR(__xludf.DUMMYFUNCTION("""COMPUTED_VALUE"""),"") | O91: =IFERROR(__xludf.DUMMYFUNCTION("""COMPUTED_VALUE"""),"") | P91: =IFERROR(__xludf.DUMMYFUNCTION("""COMPUTED_VALUE"""),"")
A92: 45572.5 | B92: Westin Palumbo | C92: FALSE | H92: 5 | J92: Lunch | K92: 45572 | L92: Monday | M92: MF | N92: =IFERROR(__xludf.DUMMYFUNCTION("""COMPUTED_VALUE"""),"") | O92: =IFERROR(__xludf.DUMMYFUNCTION("""COMPUTED_VALUE"""),"") | P92: =IFERROR(__xludf.DUMMYFUNCTION("""COMPUTED_VALUE"""),"")
A93: 45572.544 | B93: Bitanya Hailu | C93: FALSE | H93: 109 | J93: Lunch | K93: 45572 | L93: Monday | M93: BF | N93: =IFERROR(__xludf.DUMMYFUNCTION("""COMPUTED_VALUE"""),"") | O93: =IFERROR(__xludf.DUMMYFUNCTION("""COMPUTED_VALUE"""),"") | P93: =IFERROR(__xludf.DUMMYFUNCTION("""COMPUTED_VALUE"""),"")
A94: 45572.606 | B94: Kaya Pernini | C94: FALSE | H94: 74 | J94: Lunch | K94: 45572 | L94: Monday | M94: BF | N94: =IFERROR(__xludf.DUMMYFUNCTION("""COMPUTED_VALUE"""),"") | O94: =IFERROR(__xludf.DUMMYFUNCTION("""COMPUTED_VALUE"""),"") | P94: =IFERROR(__xludf.DUMMYFUNCTION("""COMPUTED_VALUE"""),"")
A95: 45572.645 | B95: Lizzie Welch | C95: FALSE | H95: 129 | J95: Lunch | K95: 45572 | L95: Monday | M95: MF | N95: =IFERROR(__xludf.DUMMYFUNCTION("""COMPUTED_VALUE"""),134.0) -> 134 | O95: =IFERROR(__xludf.DUMMYFUNCTION("""COMPUTED_VALUE"""),260.0) -> 260 | P95: =IFERROR(__xludf.DUMMYFUNCTION("""COMPUTED_VALUE"""),394.0) -> 394
A96: 45573.417 | B96: Tyson Enes | C96: FALSE | H96: 66 | J96: Breakfast | K96: 45573 | L96: Tuesday | M96: BF | N96: =IFERROR(__xludf.DUMMYFUNCTION("""COMPUTED_VALUE"""),"") | O96: =IFERROR(__xludf.DUMMYFUNCTION("""COMPUTED_VALUE"""),"") | P96: =IFERROR(__xludf.DUMMYFUNCTION("""COMPUTED_VALUE"""),"")
A97: 45573.561 | B97: Cassidy Haskell | C97: FALSE | H97: 68 | J97: Lunch | K97: 45573 | L97: Tuesday | M97: MF | N97: =IFERROR(__xludf.DUMMYFUNCTION("""COMPUTED_VALUE"""),"") | O97: =IFERROR(__xludf.DUMMYFUNCTION("""COMPUTED_VALUE"""),"") | P97: =IFERROR(__xludf.DUMMYFUNCTION("""COMPUTED_VALUE"""),"")
A98: 45573.625 | B98: Kayleigh Omealia | C98: FALSE | H98: 92 | J98: Lunch | K98: 45573 | L98: Tuesday | M98: BF | N98: =IFERROR(__xludf.DUMMYFUNCTION("""COMPUTED_VALUE"""),"") | O98: =IFERROR(__xludf.DUMMYFUNCTION("""COMPUTED_VALUE"""),"") | P98: =IFERROR(__xludf.DUMMYFUNCTION("""COMPUTED_VALUE"""),"")
A99: 45573.77 | B99: Kaya Pernini | C99: FALSE | H99: 75 | J99: Dinner | K99: 45573 | L99: Tuesday | M99: BF | N99: =IFERROR(__xludf.DUMMYFUNCTION("""COMPUTED_VALUE"""),"") | O99: =IFERROR(__xludf.DUMMYFUNCTION("""COMPUTED_VALUE"""),"") | P99: =IFERROR(__xludf.DUMMYFUNCTION("""COMPUTED_VALUE"""),"")
A100: 45573.876 | B100: Kaya Pernini | C100: FALSE | H100: 88 | J100: Dinner | K100: 45573 | L100: Tuesday | M100: BF | N100: =IFERROR(__xludf.DUMMYFUNCTION("""COMPUTED_VALUE"""),68.0) -> 68 | O100: =IFERROR(__xludf.DUMMYFUNCTION("""COMPUTED_VALUE"""),321.0) -> 321 | P100: =IFERROR(__xludf.DUMMYFUNCTION("""COMPUTED_VALUE"""),389.0) -> 389
...

Sheet S25
A1: Timestamp | B1: Name | C1: double name | D1: start hour | E1: hours worked | F1: end hour | G1: hours pp | H1: Derived Weight | I1: lb/hr per shift | J1: period | K1: Date | L1: Weekday | M1: dining hall | N1: MF lbs td | O1: BF lbs td | P1: lbs td
A2: 45677 | B2: N/A | C2: FALSE | H2: 0 | K2: 45677 | L2: Monday
A3: 45681 | B3: N/A | C3: FALSE | H3: 0 | K3: 45681 | L3: Friday
A4: 45684.632 | B4: Tyson Enes | C4: FALSE | H4: 50 | J4: Lunch | K4: 45684 | L4: Monday | M4: BF | N4: =IFERROR(__xludf.DUMMYFUNCTION("BYROW('S25'!K4:K784, LAMBDA(r, IF(r="""","""", LET( nextVal, IFERROR(INDEX('S25'!K4:K784, ROW(r)-ROW('S25'!K4)+2), """"), IF(r <> nextVal, IFERROR( SUM(FILTER('S25'!H4:H784, 'S25'!K4:K784 = r, 'S25'!M4:M784 = ""MF""))"&", """" ), """" ) ) ) ))"),"") | O4: =IFERROR(__xludf.DUMMYFUNCTION("BYROW('S25'!K4:K784, LAMBDA(r, IF(r="""","""", LET( nextVal, IFERROR(INDEX('S25'!K4:K784, ROW(r)-ROW('S25'!K4)+2), """"), IF(r <> nextVal, IFERROR( SUM(FILTER('S25'!H4:H784, 'S25'!K4:K784 = r, 'S25'!M4:M784 = ""BF""))"&", """" ), """" ) ) ) ))"),"") | P4: =IFERROR(__xludf.DUMMYFUNCTION("BYROW('S25'!K4:K784, LAMBDA(r, IF(r="""","""", LET( nextVal, IFERROR(INDEX('S25'!K4:K784, ROW(r)-ROW('S25'!K4)+2), """"), IF(r <> nextVal, IFERROR( SUM(FILTER('S25'!H4:H784, 'S25'!K4:K784 = r)), """" "&" ), """" ) ) ) )) "),"")
A5: 45684.876 | B5: Kaya Pernini | C5: FALSE | H5: 204 | J5: Dinner | K5: 45684 | L5: Monday | M5: BF | N5: =IFERROR(__xludf.DUMMYFUNCTION("""COMPUTED_VALUE"""),"") | O5: =IFERROR(__xludf.DUMMYFUNCTION("""COMPUTED_VALUE"""),254.0) -> 254 | P5: =IFERROR(__xludf.DUMMYFUNCTION("""COMPUTED_VALUE"""),254.0) -> 254
A6: 45685.456 | B6: Marley Ahlijanian | C6: FALSE | H6: 94 | J6: Breakfast | K6: 45685 | L6: Tuesday | M6: BF | N6: =IFERROR(__xludf.DUMMYFUNCTION("""COMPUTED_VALUE"""),"") | O6: =IFERROR(__xludf.DUMMYFUNCTION("""COMPUTED_VALUE"""),"") | P6: =IFERROR(__xludf.DUMMYFUNCTION("""COMPUTED_VALUE"""),"")
A7: 45685.648 | B7: marley ahlijanian | C7: FALSE | H7: 142 | J7: Lunch | K7: 45685 | L7: Tuesday | M7: MF | N7: =IFERROR(__xludf.DUMMYFUNCTION("""COMPUTED_VALUE"""),"") | O7: =IFERROR(__xludf.DUMMYFUNCTION("""COMPUTED_VALUE"""),"") | P7: =IFERROR(__xludf.DUMMYFUNCTION("""COMPUTED_VALUE"""),"")
A8: 45685.724 | B8: Maureen Surgot | C8: FALSE | H8: 197 | J8: Dinner | K8: 45685 | L8: Tuesday | M8: MF | N8: =IFERROR(__xludf.DUMMYFUNCTION("""COMPUTED_VALUE"""),"") | O8: =IFERROR(__xludf.DUMMYFUNCTION("""COMPUTED_VALUE"""),"") | P8: =IFERROR(__xludf.DUMMYFUNCTION("""COMPUTED_VALUE"""),"")
A9: 45685.874 | B9: Anna Cunha | C9: FALSE | H9: 221 | J9: Dinner | K9: 45685 | L9: Tuesday | M9: MF | N9: =IFERROR(__xludf.DUMMYFUNCTION("""COMPUTED_VALUE"""),"") | O9: =IFERROR(__xludf.DUMMYFUNCTION("""COMPUTED_VALUE"""),"") | P9: =IFERROR(__xludf.DUMMYFUNCTION("""COMPUTED_VALUE"""),"")
A10: 45685.88 | B10: Kaya Pernini | C10: FALSE | H10: 127 | J10: Dinner | K10: 45685 | L10: Tuesday | M10: BF | N10: =IFERROR(__xludf.DUMMYFUNCTION("""COMPUTED_VALUE"""),560.0) -> 560 | O10: =IFERROR(__xludf.DUMMYFUNCTION("""COMPUTED_VALUE"""),221.0) -> 221 | P10: =IFERROR(__xludf.DUMMYFUNCTION("""COMPUTED_VALUE"""),781.0) -> 781
A11: 45686.554 | B11: Kaitlyn Deierlein | C11: FALSE | H11: 72 | J11: Breakfast | K11: 45686 | L11: Wednesday | M11: BF | N11: =IFERROR(__xludf.DUMMYFUNCTION("""COMPUTED_VALUE"""),"") | O11: =IFERROR(__xludf.DUMMYFUNCTION("""COMPUTED_VALUE"""),"") | P11: =IFERROR(__xludf.DUMMYFUNCTION("""COMPUTED_VALUE"""),"")
A12: 45686.65 | B12: Tyson Enes | C12: FALSE | H12: 178 | J12: Lunch | K12: 45686 | L12: Wednesday | M12: BF | N12: =IFERROR(__xludf.DUMMYFUNCTION("""COMPUTED_VALUE"""),"") | O12: =IFERROR(__xludf.DUMMYFUNCTION("""COMPUTED_VALUE"""),"") | P12: =IFERROR(__xludf.DUMMYFUNCTION("""COMPUTED_VALUE"""),"")
A13: 45686.884 | B13: Maureen Surgot | C13: FALSE | H13: 140 | J13: Dinner | K13: 45686 | L13: Wednesday | M13: MF | N13: =IFERROR(__xludf.DUMMYFUNCTION("""COMPUTED_VALUE"""),"") | O13: =IFERROR(__xludf.DUMMYFUNCTION("""COMPUTED_VALUE"""),"") | P13: =IFERROR(__xludf.DUMMYFUNCTION("""COMPUTED_VALUE"""),"")
A14: 45686.888 | B14: Leisly Aceituno | C14: FALSE | H14: 46 | J14: Lunch | K14: 45686 | L14: Wednesday | M14: MF | N14: =IFERROR(__xludf.DUMMYFUNCTION("""COMPUTED_VALUE"""),186.0) -> 186 | O14: =IFERROR(__xludf.DUMMYFUNCTION("""COMPUTED_VALUE"""),250.0) -> 250 | P14: =IFERROR(__xludf.DUMMYFUNCTION("""COMPUTED_VALUE"""),436.0) -> 436
A15: 45687.382 | B15: Skyler Bobinski | C15: FALSE | H15: 40 | J15: Breakfast | K15: 45687 | L15: Thursday | M15: BF | N15: =IFERROR(__xludf.DUMMYFUNCTION("""COMPUTED_VALUE"""),"") | O15: =IFERROR(__xludf.DUMMYFUNCTION("""COMPUTED_VALUE"""),"") | P15: =IFERROR(__xludf.DUMMYFUNCTION("""COMPUTED_VALUE"""),"")
A16: 45687.623 | B16: Lizzie Welch | C16: FALSE | H16: 107 | J16: Lunch | K16: 45687 | L16: Thursday | M16: BF | N16: =IFERROR(__xludf.DUMMYFUNCTION("""COMPUTED_VALUE"""),"") | O16: =IFERROR(__xludf.DUMMYFUNCTION("""COMPUTED_VALUE"""),"") | P16: =IFERROR(__xludf.DUMMYFUNCTION("""COMPUTED_VALUE"""),"")
A17: 45687.785 | B17: Kate Stanwood | C17: FALSE | H17: 190 | J17: Dinner | K17: 45687 | L17: Thursday | M17: MF | N17: =IFERROR(__xludf.DUMMYFUNCTION("""COMPUTED_VALUE"""),190.0) -> 190 | O17: =IFERROR(__xludf.DUMMYFUNCTION("""COMPUTED_VALUE"""),147.0) -> 147 | P17: =IFERROR(__xludf.DUMMYFUNCTION("""COMPUTED_VALUE"""),337.0) -> 337
A18: 45688.579 | B18: Kate Stanwood | C18: FALSE | H18: 174 | J18: Lunch | K18: 45688 | L18: Friday | M18: BF | N18: =IFERROR(__xludf.DUMMYFUNCTION("""COMPUTED_VALUE"""),"") | O18: =IFERROR(__xludf.DUMMYFUNCTION("""COMPUTED_VALUE"""),"") | P18: =IFERROR(__xludf.DUMMYFUNCTION("""COMPUTED_VALUE"""),"")
A19: 45688.643 | B19: Leisly Aceituno | C19: FALSE | H19: 143 | J19: Lunch | K19: 45688 | L19: Friday | M19: MF | N19: =IFERROR(__xludf.DUMMYFUNCTION("""COMPUTED_VALUE"""),"") | O19: =IFERROR(__xludf.DUMMYFUNCTION("""COMPUTED_VALUE"""),"") | P19: =IFERROR(__xludf.DUMMYFUNCTION("""COMPUTED_VALUE"""),"")
A20: 45688.927 | B20: Bitanya Hailu | C20: FALSE | H20: 167 | J20: Dinner | K20: 45688 | L20: Friday | M20: MF | N20: =IFERROR(__xludf.DUMMYFUNCTION("""COMPUTED_VALUE"""),310.0) -> 310 | O20: =IFERROR(__xludf.DUMMYFUNCTION("""COMPUTED_VALUE"""),174.0) -> 174 | P20: =IFERROR(__xludf.DUMMYFUNCTION("""COMPUTED_VALUE"""),484.0) -> 484
A21: 45691.438 | B21: Kaitlyn Deierlein | C21: FALSE | H21: 67 | J21: Breakfast | K21: 45691 | L21: Monday | M21: BF | N21: =IFERROR(__xludf.DUMMYFUNCTION("""COMPUTED_VALUE"""),"") | O21: =IFERROR(__xludf.DUMMYFUNCTION("""COMPUTED_VALUE"""),"") | P21: =IFERROR(__xludf.DUMMYFUNCTION("""COMPUTED_VALUE"""),"")
A22: 45691.876 | B22: Kaya Pernini | C22: FALSE | H22: 221 | J22: Dinner | K22: 45691 | L22: Monday | M22: BF | N22: =IFERROR(__xludf.DUMMYFUNCTION("""COMPUTED_VALUE"""),"") | O22: =IFERROR(__xludf.DUMMYFUNCTION("""COMPUTED_VALUE"""),"") | P22: =IFERROR(__xludf.DUMMYFUNCTION("""COMPUTED_VALUE"""),"")
A23: 45691.916 | B23: Maureen Surgot | C23: FALSE | H23: 189 | J23: Dinner | K23: 45691 | L23: Monday | M23: MF | N23: =IFERROR(__xludf.DUMMYFUNCTION("""COMPUTED_VALUE"""),"") | O23: =IFERROR(__xludf.DUMMYFUNCTION("""COMPUTED_VALUE"""),"") | P23: =IFERROR(__xludf.DUMMYFUNCTION("""COMPUTED_VALUE"""),"")
A24: 45714.518 | B24: Brynn Hornig | C24: FALSE | H24: 143 | J24: Lunch | K24: 45691 | L24: Monday | M24: MF | N24: =IFERROR(__xludf.DUMMYFUNCTION("""COMPUTED_VALUE"""),"") | O24: =IFERROR(__xludf.DUMMYFUNCTION("""COMPUTED_VALUE"""),"") | P24: =IFERROR(__xludf.DUMMYFUNCTION("""COMPUTED_VALUE"""),"")
A25: 45693.649 | B25: Tyson Enes | C25: FALSE | H25: 143 | J25: Lunch | K25: 45691 | L25: Monday | M25: BF | N25: =IFERROR(__xludf.DUMMYFUNCTION("""COMPUTED_VALUE"""),332.0) -> 332 | O25: =IFERROR(__xludf.DUMMYFUNCTION("""COMPUTED_VALUE"""),431.0) -> 431 | P25: =IFERROR(__xludf.DUMMYFUNCTION("""COMPUTED_VALUE"""),763.0) -> 763
A26: 45692.491 | B26: marley ahlijanian | C26: FALSE | H26: 83 | J26: Breakfast | K26: 45692 | L26: Tuesday | M26: BF | N26: =IFERROR(__xludf.DUMMYFUNCTION("""COMPUTED_VALUE"""),"") | O26: =IFERROR(__xludf.DUMMYFUNCTION("""COMPUTED_VALUE"""),"") | P26: =IFERROR(__xludf.DUMMYFUNCTION("""COMPUTED_VALUE"""),"")
A27: 45692.616 | B27: Lizzie Welch | C27: FALSE | H27: 117 | J27: Lunch | K27: 45692 | L27: Tuesday | M27: BF | N27: =IFERROR(__xludf.DUMMYFUNCTION("""COMPUTED_VALUE"""),"") | O27: =IFERROR(__xludf.DUMMYFUNCTION("""COMPUTED_VALUE"""),"") | P27: =IFERROR(__xludf.DUMMYFUNCTION("""COMPUTED_VALUE"""),"")
A28: 45692.82 | B28: Anna Cunha | C28: FALSE | H28: 241 | J28: Dinner | K28: 45692 | L28: Tuesday | M28: MF | N28: =IFERROR(__xludf.DUMMYFUNCTION("""COMPUTED_VALUE"""),"") | O28: =IFERROR(__xludf.DUMMYFUNCTION("""COMPUTED_VALUE"""),"") | P28: =IFERROR(__xludf.DUMMYFUNCTION("""COMPUTED_VALUE"""),"")
A29: 45692.918 | B29: Kaya Pernini | C29: FALSE | H29: 123 | J29: Dinner | K29: 45692 | L29: Tuesday | M29: BF | N29: =IFERROR(__xludf.DUMMYFUNCTION("""COMPUTED_VALUE"""),"") | O29: =IFERROR(__xludf.DUMMYFUNCTION("""COMPUTED_VALUE"""),"") | P29: =IFERROR(__xludf.DUMMYFUNCTION("""COMPUTED_VALUE"""),"")
A30: 45692.948 | B30: marley ahlijanian | C30: FALSE | H30: 105 | J30: Lunch | K30: 45692 | L30: Tuesday | M30: MF | N30: =IFERROR(__xludf.DUMMYFUNCTION("""COMPUTED_VALUE"""),346.0) -> 346 | O30: =IFERROR(__xludf.DUMMYFUNCTION("""COMPUTED_VALUE"""),323.0) -> 323 | P30: =IFERROR(__xludf.DUMMYFUNCTION("""COMPUTED_VALUE"""),669.0) -> 669
A31: 45693.376 | B31: Kaitlyn Deierlein | C31: FALSE | H31: 65 | J31: Breakfast | K31: 45693 | L31: Wednesday | M31: BF | N31: =IFERROR(__xludf.DUMMYFUNCTION("""COMPUTED_VALUE"""),"") | O31: =IFERROR(__xludf.DUMMYFUNCTION("""COMPUTED_VALUE"""),"") | P31: =IFERROR(__xludf.DUMMYFUNCTION("""COMPUTED_VALUE"""),"")
A32: 45693.441 | B32: Kaitlyn Deierlein | C32: FALSE | H32: 44 | J32: Breakfast | K32: 45693 | L32: Wednesday | M32: BF | N32: =IFERROR(__xludf.DUMMYFUNCTION("""COMPUTED_VALUE"""),"") | O32: =IFERROR(__xludf.DUMMYFUNCTION("""COMPUTED_VALUE"""),"") | P32: =IFERROR(__xludf.DUMMYFUNCTION("""COMPUTED_VALUE"""),"")
A33: 45693.57 | B33: Leisly Aceituno | C33: FALSE | H33: 71 | J33: Lunch | K33: 45693 | L33: Wednesday | M33: MF | N33: =IFERROR(__xludf.DUMMYFUNCTION("""COMPUTED_VALUE"""),"") | O33: =IFERROR(__xludf.DUMMYFUNCTION("""COMPUTED_VALUE"""),"") | P33: =IFERROR(__xludf.DUMMYFUNCTION("""COMPUTED_VALUE"""),"")
A34: 45693.988 | B34: Maureen Surgot | C34: FALSE | H34: 147 | J34: Dinner | K34: 45693 | L34: Wednesday | M34: MF | N34: =IFERROR(__xludf.DUMMYFUNCTION("""COMPUTED_VALUE"""),218.0) -> 218 | O34: =IFERROR(__xludf.DUMMYFUNCTION("""COMPUTED_VALUE"""),109.0) -> 109 | P34: =IFERROR(__xludf.DUMMYFUNCTION("""COMPUTED_VALUE"""),327.0) -> 327
A35: 45693.65 | B35: Tyson Enes | C35: FALSE | H35: 143 | J35: Lunch | K35: 45694 | L35: Thursday | M35: BF | N35: =IFERROR(__xludf.DUMMYFUNCTION("""COMPUTED_VALUE"""),"") | O35: =IFERROR(__xludf.DUMMYFUNCTION("""COMPUTED_VALUE"""),"") | P35: =IFERROR(__xludf.DUMMYFUNCTION("""COMPUTED_VALUE"""),"")
A36: 45694.421 | B36: Skyler Bobinski | C36: FALSE | H36: 40 | J36: Breakfast | K36: 45694 | L36: Thursday | M36: BF | N36: =IFERROR(__xludf.DUMMYFUNCTION("""COMPUTED_VALUE"""),"") | O36: =IFERROR(__xludf.DUMMYFUNCTION("""COMPUTED_VALUE"""),"") | P36: =IFERROR(__xludf.DUMMYFUNCTION("""COMPUTED_VALUE"""),"")
A37: 45694.623 | B37: Lizzie Welch | C37: FALSE | H37: 150 | J37: Lunch | K37: 45694 | L37: Thursday | M37: BF | N37: =IFERROR(__xludf.DUMMYFUNCTION("""COMPUTED_VALUE"""),"") | O37: =IFERROR(__xludf.DUMMYFUNCTION("""COMPUTED_VALUE"""),333.0) -> 333 | P37: =IFERROR(__xludf.DUMMYFUNCTION("""COMPUTED_VALUE"""),333.0) -> 333
A38: 45695.584 | B38: Leisly Aceituno | C38: FALSE | H38: 185 | J38: Lunch | K38: 45695 | L38: Friday | M38: MF | N38: =IFERROR(__xludf.DUMMYFUNCTION("""COMPUTED_VALUE"""),"") | O38: =IFERROR(__xludf.DUMMYFUNCTION("""COMPUTED_VALUE"""),"") | P38: =IFERROR(__xludf.DUMMYFUNCTION("""COMPUTED_VALUE"""),"")
A39: 45695.644 | B39: Leisly Aceituno | C39: FALSE | H39: 85 | J39: Lunch | K39: 45695 | L39: Friday | M39: MF | N39: =IFERROR(__xludf.DUMMYFUNCTION("""COMPUTED_VALUE"""),"") | O39: =IFERROR(__xludf.DUMMYFUNCTION("""COMPUTED_VALUE"""),"") | P39: =IFERROR(__xludf.DUMMYFUNCTION("""COMPUTED_VALUE"""),"")
A40: 45696.345 | B40: Bitanya Hailu | C40: FALSE | H40: 219 | J40: Dinner | K40: 45695 | L40: Friday | M40: MF | N40: =IFERROR(__xludf.DUMMYFUNCTION("""COMPUTED_VALUE"""),489.0) -> 489 | O40: =IFERROR(__xludf.DUMMYFUNCTION("""COMPUTED_VALUE"""),"") | P40: =IFERROR(__xludf.DUMMYFUNCTION("""COMPUTED_VALUE"""),489.0) -> 489
A41: 45698.447 | B41: Kaitlyn Deierlein | C41: FALSE | H41: 84 | J41: Breakfast | K41: 45698 | L41: Monday | M41: BF | N41: =IFERROR(__xludf.DUMMYFUNCTION("""COMPUTED_VALUE"""),"") | O41: =IFERROR(__xludf.DUMMYFUNCTION("""COMPUTED_VALUE"""),"") | P41: =IFERROR(__xludf.DUMMYFUNCTION("""COMPUTED_VALUE"""),"")
A42: 45698.877 | B42: Kaya Pernini | C42: FALSE | H42: 189 | J42: Dinner | K42: 45698 | L42: Monday | M42: BF | N42: =IFERROR(__xludf.DUMMYFUNCTION("""COMPUTED_VALUE"""),"") | O42: =IFERROR(__xludf.DUMMYFUNCTION("""COMPUTED_VALUE"""),"") | P42: =IFERROR(__xludf.DUMMYFUNCTION("""COMPUTED_VALUE"""),"")
A43: 45714.519 | B43: Brynn Hornig | C43: FALSE | H43: 129 | J43: Lunch | K43: 45698 | L43: Monday | M43: MF | N43: =IFERROR(__xludf.DUMMYFUNCTION("""COMPUTED_VALUE"""),"") | O43: =IFERROR(__xludf.DUMMYFUNCTION("""COMPUTED_VALUE"""),"") | P43: =IFERROR(__xludf.DUMMYFUNCTION("""COMPUTED_VALUE"""),"")
A44: 45698.958 | B44: Maureen Surgot | C44: FALSE | H44: 196 | J44: Dinner | K44: 45698 | L44: Monday | M44: MF | N44: =IFERROR(__xludf.DUMMYFUNCTION("""COMPUTED_VALUE"""),325.0) -> 325 | O44: =IFERROR(__xludf.DUMMYFUNCTION("""COMPUTED_VALUE"""),273.0) -> 273 | P44: =IFERROR(__xludf.DUMMYFUNCTION("""COMPUTED_VALUE"""),598.0) -> 598
A45: 45699.487 | B45: marley ahlijanian | C45: FALSE | H45: 80 | J45: Breakfast | K45: 45699 | L45: Tuesday | M45: BF | N45: =IFERROR(__xludf.DUMMYFUNCTION("""COMPUTED_VALUE"""),"") | O45: =IFERROR(__xludf.DUMMYFUNCTION("""COMPUTED_VALUE"""),"") | P45: =IFERROR(__xludf.DUMMYFUNCTION("""COMPUTED_VALUE"""),"")
A46: 45699.616 | B46: Lizzie Welch | C46: FALSE | H46: 108 | J46: Lunch | K46: 45699 | L46: Tuesday | M46: BF | N46: =IFERROR(__xludf.DUMMYFUNCTION("""COMPUTED_VALUE"""),"") | O46: =IFERROR(__xludf.DUMMYFUNCTION("""COMPUTED_VALUE"""),"") | P46: =IFERROR(__xludf.DUMMYFUNCTION("""COMPUTED_VALUE"""),"")
A47: 45699.672 | B47: marley ahlijanian | C47: FALSE | H47: 145 | J47: Lunch | K47: 45699 | L47: Tuesday | M47: MF | N47: =IFERROR(__xludf.DUMMYFUNCTION("""COMPUTED_VALUE"""),"") | O47: =IFERROR(__xludf.DUMMYFUNCTION("""COMPUTED_VALUE"""),"") | P47: =IFERROR(__xludf.DUMMYFUNCTION("""COMPUTED_VALUE"""),"")
A48: 45699.877 | B48: Anna Cunha | C48: FALSE | H48: 313 | J48: Dinner | K48: 45699 | L48: Tuesday | M48: MF | N48: =IFERROR(__xludf.DUMMYFUNCTION("""COMPUTED_VALUE"""),"") | O48: =IFERROR(__xludf.DUMMYFUNCTION("""COMPUTED_VALUE"""),"") | P48: =IFERROR(__xludf.DUMMYFUNCTION("""COMPUTED_VALUE"""),"")
A49: 45699.877 | B49: Kaya Pernini | C49: FALSE | H49: 201 | J49: Dinner | K49: 45699 | L49: Tuesday | M49: BF | N49: =IFERROR(__xludf.DUMMYFUNCTION("""COMPUTED_VALUE"""),458.0) -> 458 | O49: =IFERROR(__xludf.DUMMYFUNCTION("""COMPUTED_VALUE"""),389.0) -> 389 | P49: =IFERROR(__xludf.DUMMYFUNCTION("""COMPUTED_VALUE"""),847.0) -> 847
A50: 45700.445 | B50: Kaitlyn Deierlein | C50: FALSE | H50: 83 | J50: Breakfast | K50: 45700 | L50: Wednesday | M50: BF | N50: =IFERROR(__xludf.DUMMYFUNCTION("""COMPUTED_VALUE"""),"") | O50: =IFERROR(__xludf.DUMMYFUNCTION("""COMPUTED_VALUE"""),"") | P50: =IFERROR(__xludf.DUMMYFUNCTION("""COMPUTED_VALUE"""),"")
A51: 45700.566 | B51: Leisly Aceituno | C51: FALSE | H51: 92 | J51: Lunch | K51: 45700 | L51: Wednesday | M51: MF | N51: =IFERROR(__xludf.DUMMYFUNCTION("""COMPUTED_VALUE"""),"") | O51: =IFERROR(__xludf.DUMMYFUNCTION("""COMPUTED_VALUE"""),"") | P51: =IFERROR(__xludf.DUMMYFUNCTION("""COMPUTED_VALUE"""),"")
A52: 45700.666 | B52: Tyson Enes | C52: FALSE | H52: 161 | J52: Breakfast | K52: 45700 | L52: Wednesday | M52: BF | N52: =IFERROR(__xludf.DUMMYFUNCTION("""COMPUTED_VALUE"""),"") | O52: =IFERROR(__xludf.DUMMYFUNCTION("""COMPUTED_VALUE"""),"") | P52: =IFERROR(__xludf.DUMMYFUNCTION("""COMPUTED_VALUE"""),"")
A53: 45700.681 | B53: Tyson Enes | C53: FALSE | H53: 149 | J53: Lunch | K53: 45700 | L53: Wednesday | M53: BF | N53: =IFERROR(__xludf.DUMMYFUNCTION("""COMPUTED_VALUE"""),"") | O53: =IFERROR(__xludf.DUMMYFUNCTION("""COMPUTED_VALUE"""),"") | P53: =IFERROR(__xludf.DUMMYFUNCTION("""COMPUTED_VALUE"""),"")
A54: 45700.684 | B54: Tyson Enes | C54: FALSE | H54: 120 | J54: Lunch | K54: 45700 | L54: Wednesday | M54: BF | N54: =IFERROR(__xludf.DUMMYFUNCTION("""COMPUTED_VALUE"""),92.0) -> 92 | O54: =IFERROR(__xludf.DUMMYFUNCTION("""COMPUTED_VALUE"""),513.0) -> 513 | P54: =IFERROR(__xludf.DUMMYFUNCTION("""COMPUTED_VALUE"""),605.0) -> 605
A55: 45701.419 | B55: Skyler Bobinski | C55: FALSE | H55: 36 | J55: Breakfast | K55: 45701 | L55: Thursday | M55: BF | N55: =IFERROR(__xludf.DUMMYFUNCTION("""COMPUTED_VALUE"""),"") | O55: =IFERROR(__xludf.DUMMYFUNCTION("""COMPUTED_VALUE"""),"") | P55: =IFERROR(__xludf.DUMMYFUNCTION("""COMPUTED_VALUE"""),"")
A56: 45701.507 | B56: Maureen Surgot | C56: FALSE | H56: 133 | J56: Dinner | K56: 45701 | L56: Thursday | M56: MF | N56: =IFERROR(__xludf.DUMMYFUNCTION("""COMPUTED_VALUE"""),"") | O56: =IFERROR(__xludf.DUMMYFUNCTION("""COMPUTED_VALUE"""),"") | P56: =IFERROR(__xludf.DUMMYFUNCTION("""COMPUTED_VALUE"""),"")
A57: 45701.622 | B57: Lizzie Welch | C57: FALSE | H57: 143 | J57: Lunch | K57: 45701 | L57: Thursday | M57: BF | N57: =IFERROR(__xludf.DUMMYFUNCTION("""COMPUTED_VALUE"""),"") | O57: =IFERROR(__xludf.DUMMYFUNCTION("""COMPUTED_VALUE"""),"") | P57: =IFERROR(__xludf.DUMMYFUNCTION("""COMPUTED_VALUE"""),"")
A58: 45701.703 | B58: Kate Stanwood | C58: FALSE | H58: 170 | J58: Lunch | K58: 45701 | L58: Thursday | M58: MF | N58: =IFERROR(__xludf.DUMMYFUNCTION("""COMPUTED_VALUE"""),"") | O58: =IFERROR(__xludf.DUMMYFUNCTION("""COMPUTED_VALUE"""),"") | P58: =IFERROR(__xludf.DUMMYFUNCTION("""COMPUTED_VALUE"""),"")
A59: 45701.79 | B59: Leisly Aceituno | C59: FALSE | H59: 65 | J59: Dinner | K59: 45701 | L59: Thursday | M59: MF | N59: =IFERROR(__xludf.DUMMYFUNCTION("""COMPUTED_VALUE"""),368.0) -> 368 | O59: =IFERROR(__xludf.DUMMYFUNCTION("""COMPUTED_VALUE"""),179.0) -> 179 | P59: =IFERROR(__xludf.DUMMYFUNCTION("""COMPUTED_VALUE"""),547.0) -> 547
A60: 45702.414 | B60: Skyler Bobinski | C60: FALSE | H60: 41 | J60: Breakfast | K60: 45702 | L60: Friday | M60: BF | N60: =IFERROR(__xludf.DUMMYFUNCTION("""COMPUTED_VALUE"""),"") | O60: =IFERROR(__xludf.DUMMYFUNCTION("""COMPUTED_VALUE"""),"") | P60: =IFERROR(__xludf.DUMMYFUNCTION("""COMPUTED_VALUE"""),"")
A61: 45702.577 | B61: Kate Stanwood | C61: FALSE | H61: 110 | J61: Lunch | K61: 45702 | L61: Friday | M61: BF | N61: =IFERROR(__xludf.DUMMYFUNCTION("""COMPUTED_VALUE"""),"") | O61: =IFERROR(__xludf.DUMMYFUNCTION("""COMPUTED_VALUE"""),"") | P61: =IFERROR(__xludf.DUMMYFUNCTION("""COMPUTED_VALUE"""),"")
A62: 45709.817 | B62: Bitanya Hailu | C62: FALSE | H62: 109 | J62: Dinner | K62: 45702 | L62: Friday | M62: MF | N62: =IFERROR(__xludf.DUMMYFUNCTION("""COMPUTED_VALUE"""),109.0) -> 109 | O62: =IFERROR(__xludf.DUMMYFUNCTION("""COMPUTED_VALUE"""),151.0) -> 151 | P62: =IFERROR(__xludf.DUMMYFUNCTION("""COMPUTED_VALUE"""),260.0) -> 260
A63: 45706.524 | B63: marley ahlijanian | C63: FALSE | H63: 63 | J63: Breakfast | K63: 45706 | L63: Tuesday | M63: BF | N63: =IFERROR(__xludf.DUMMYFUNCTION("""COMPUTED_VALUE"""),"") | O63: =IFERROR(__xludf.DUMMYFUNCTION("""COMPUTED_VALUE"""),"") | P63: =IFERROR(__xludf.DUMMYFUNCTION("""COMPUTED_VALUE"""),"")
A64: 45706.615 | B64: Lizzie Welch | C64: FALSE | H64: 116 | J64: Lunch | K64: 45706 | L64: Tuesday | M64: BF | N64: =IFERROR(__xludf.DUMMYFUNCTION("""COMPUTED_VALUE"""),"") | O64: =IFERROR(__xludf.DUMMYFUNCTION("""COMPUTED_VALUE"""),"") | P64: =IFERROR(__xludf.DUMMYFUNCTION("""COMPUTED_VALUE"""),"")
A65: 45706.74 | B65: marley ahlijanian | C65: FALSE | H65: 109 | J65: Lunch | K65: 45706 | L65: Tuesday | M65: MF | N65: =IFERROR(__xludf.DUMMYFUNCTION("""COMPUTED_VALUE"""),"") | O65: =IFERROR(__xludf.DUMMYFUNCTION("""COMPUTED_VALUE"""),"") | P65: =IFERROR(__xludf.DUMMYFUNCTION("""COMPUTED_VALUE"""),"")
A66: 45706.879 | B66: Kaya Pernini | C66: FALSE | H66: 120 | J66: Dinner | K66: 45706 | L66: Tuesday | M66: BF | N66: =IFERROR(__xludf.DUMMYFUNCTION("""COMPUTED_VALUE"""),109.0) -> 109 | O66: =IFERROR(__xludf.DUMMYFUNCTION("""COMPUTED_VALUE"""),299.0) -> 299 | P66: =IFERROR(__xludf.DUMMYFUNCTION("""COMPUTED_VALUE"""),408.0) -> 408
A67: 45707.437 | B67: Kaitlyn Deierlein | C67: FALSE | H67: 107 | J67: Breakfast | K67: 45707 | L67: Wednesday | M67: BF | N67: =IFERROR(__xludf.DUMMYFUNCTION("""COMPUTED_VALUE"""),"") | O67: =IFERROR(__xludf.DUMMYFUNCTION("""COMPUTED_VALUE"""),"") | P67: =IFERROR(__xludf.DUMMYFUNCTION("""COMPUTED_VALUE"""),"")
A68: 45707.688 | B68: Leisly Aceituno | C68: FALSE | H68: 74 | J68: Lunch | K68: 45707 | L68: Wednesday | M68: MF | N68: =IFERROR(__xludf.DUMMYFUNCTION("""COMPUTED_VALUE"""),"") | O68: =IFERROR(__xludf.DUMMYFUNCTION("""COMPUTED_VALUE"""),"") | P68: =IFERROR(__xludf.DUMMYFUNCTION("""COMPUTED_VALUE"""),"")
A69: 45707.89 | B69: Maureen Surgot | C69: FALSE | H69: 456 | J69: Dinner | K69: 45707 | L69: Wednesday | M69: MF | N69: =IFERROR(__xludf.DUMMYFUNCTION("""COMPUTED_VALUE"""),"") | O69: =IFERROR(__xludf.DUMMYFUNCTION("""COMPUTED_VALUE"""),"") | P69: =IFERROR(__xludf.DUMMYFUNCTION("""COMPUTED_VALUE"""),"")
A70: 45708.586 | B70: Tyson Enes | C70: FALSE | H70: 159 | J70: Lunch | K70: 45707 | L70: Wednesday | M70: BF | N70: =IFERROR(__xludf.DUMMYFUNCTION("""COMPUTED_VALUE"""),530.0) -> 530 | O70: =IFERROR(__xludf.DUMMYFUNCTION("""COMPUTED_VALUE"""),266.0) -> 266 | P70: =IFERROR(__xludf.DUMMYFUNCTION("""COMPUTED_VALUE"""),796.0) -> 796
A71: 45708.411 | B71: Skyler Bobinski | C71: FALSE | H71: 61 | J71: Breakfast | K71: 45708 | L71: Thursday | M71: BF | N71: =IFERROR(__xludf.DUMMYFUNCTION("""COMPUTED_VALUE"""),"") | O71: =IFERROR(__xludf.DUMMYFUNCTION("""COMPUTED_VALUE"""),"") | P71: =IFERROR(__xludf.DUMMYFUNCTION("""COMPUTED_VALUE"""),"")
A72: 45708.623 | B72: Lizzie Welch | C72: FALSE | H72: 100 | J72: Lunch | K72: 45708 | L72: Thursday | M72: BF | N72: =IFERROR(__xludf.DUMMYFUNCTION("""COMPUTED_VALUE"""),"") | O72: =IFERROR(__xludf.DUMMYFUNCTION("""COMPUTED_VALUE"""),"") | P72: =IFERROR(__xludf.DUMMYFUNCTION("""COMPUTED_VALUE"""),"")
A73: 45709.122 | B73: Leisly Aceituno | C73: FALSE | H73: 157 | J73: Dinner | K73: 45708 | L73: Thursday | M73: MF | N73: =IFERROR(__xludf.DUMMYFUNCTION("""COMPUTED_VALUE"""),"") | O73: =IFERROR(__xludf.DUMMYFUNCTION("""COMPUTED_VALUE"""),"") | P73: =IFERROR(__xludf.DUMMYFUNCTION("""COMPUTED_VALUE"""),"")
A74: 45709.542 | B74: Kate Stanwood | C74: FALSE | H74: 180 | J74: Lunch | K74: 45708 | L74: Thursday | M74: MF | N74: =IFERROR(__xludf.DUMMYFUNCTION("""COMPUTED_VALUE"""),337.0) -> 337 | O74: =IFERROR(__xludf.DUMMYFUNCTION("""COMPUTED_VALUE"""),161.0) -> 161 | P74: =IFERROR(__xludf.DUMMYFUNCTION("""COMPUTED_VALUE"""),498.0) -> 498
A75: 45709.58 | B75: Kate Stanwood | C75: FALSE | H75: 149 | J75: Lunch | K75: 45709 | L75: Friday | M75: BF | N75: =IFERROR(__xludf.DUMMYFUNCTION("""COMPUTED_VALUE"""),"") | O75: =IFERROR(__xludf.DUMMYFUNCTION("""COMPUTED_VALUE"""),"") | P75: =IFERROR(__xludf.DUMMYFUNCTION("""COMPUTED_VALUE"""),"")
A76: 45709.616 | B76: Skyler Bobinski | C76: FALSE | H76: 54 | J76: Breakfast | K76: 45709 | L76: Friday | M76: BF | N76: =IFERROR(__xludf.DUMMYFUNCTION("""COMPUTED_VALUE"""),"") | O76: =IFERROR(__xludf.DUMMYFUNCTION("""COMPUTED_VALUE"""),"") | P76: =IFERROR(__xludf.DUMMYFUNCTION("""COMPUTED_VALUE"""),"")
A77: 45709.636 | B77: Leisly Aceituno | C77: FALSE | H77: 121 | J77: Lunch | K77: 45709 | L77: Friday | M77: MF | N77: =IFERROR(__xludf.DUMMYFUNCTION("""COMPUTED_VALUE"""),"") | O77: =IFERROR(__xludf.DUMMYFUNCTION("""COMPUTED_VALUE"""),"") | P77: =IFERROR(__xludf.DUMMYFUNCTION("""COMPUTED_VALUE"""),"")
A78: 45709.831 | B78: Bitanya Hailu | C78: FALSE | H78: 346 | J78: Dinner | K78: 45709 | L78: Friday | M78: MF | N78: =IFERROR(__xludf.DUMMYFUNCTION("""COMPUTED_VALUE"""),467.0) -> 467 | O78: =IFERROR(__xludf.DUMMYFUNCTION("""COMPUTED_VALUE"""),203.0) -> 203 | P78: =IFERROR(__xludf.DUMMYFUNCTION("""COMPUTED_VALUE"""),670.0) -> 670
A79: 45712.454 | B79: Kaitlyn Deierlein | C79: FALSE | H79: 131 | J79: Breakfast | K79: 45712 | L79: Monday | M79: BF | N79: =IFERROR(__xludf.DUMMYFUNCTION("""COMPUTED_VALUE"""),"") | O79: =IFERROR(__xludf.DUMMYFUNCTION("""COMPUTED_VALUE"""),"") | P79: =IFERROR(__xludf.DUMMYFUNCTION("""COMPUTED_VALUE"""),"")
A80: 45712.712 | B80: Tyson Enes | C80: FALSE | H80: 162 | J80: Lunch | K80: 45712 | L80: Monday | M80: BF | N80: =IFERROR(__xludf.DUMMYFUNCTION("""COMPUTED_VALUE"""),"") | O80: =IFERROR(__xludf.DUMMYFUNCTION("""COMPUTED_VALUE"""),"") | P80: =IFERROR(__xludf.DUMMYFUNCTION("""COMPUTED_VALUE"""),"")
A81: 45714.52 | B81: Brynn Hornig | C81: FALSE | H81: 84 | J81: Lunch | K81: 45712 | L81: Monday | M81: MF | N81: =IFERROR(__xludf.DUMMYFUNCTION("""COMPUTED_VALUE"""),"") | O81: =IFERROR(__xludf.DUMMYFUNCTION("""COMPUTED_VALUE"""),"") | P81: =IFERROR(__xludf.DUMMYFUNCTION("""COMPUTED_VALUE"""),"")
A82: 45712.874 | B82: Kaya Pernini | C82: FALSE | H82: 143 | J82: Dinner | K82: 45712 | L82: Monday | M82: BF | N82: =IFERROR(__xludf.DUMMYFUNCTION("""COMPUTED_VALUE"""),84.0) -> 84 | O82: =IFERROR(__xludf.DUMMYFUNCTION("""COMPUTED_VALUE"""),436.0) -> 436 | P82: =IFERROR(__xludf.DUMMYFUNCTION("""COMPUTED_VALUE"""),520.0) -> 520
A83: 45713.503 | B83: marley ahlijanian | C83: FALSE | H83: 78 | J83: Breakfast | K83: 45713 | L83: Tuesday | M83: BF | N83: =IFERROR(__xludf.DUMMYFUNCTION("""COMPUTED_VALUE"""),"") | O83: =IFERROR(__xludf.DUMMYFUNCTION("""COMPUTED_VALUE"""),"") | P83: =IFERROR(__xludf.DUMMYFUNCTION("""COMPUTED_VALUE"""),"")
A84: 45713.613 | B84: Lizzie Welch | C84: FALSE | H84: 141 | J84: Lunch | K84: 45713 | L84: Tuesday | M84: BF | N84: =IFERROR(__xludf.DUMMYFUNCTION("""COMPUTED_VALUE"""),"") | O84: =IFERROR(__xludf.DUMMYFUNCTION("""COMPUTED_VALUE"""),"") | P84: =IFERROR(__xludf.DUMMYFUNCTION("""COMPUTED_VALUE"""),"")
A85: 45713.638 | B85: marley ahlijanian | C85: FALSE | H85: 153 | J85: Lunch | K85: 45713 | L85: Tuesday | M85: MF | N85: =IFERROR(__xludf.DUMMYFUNCTION("""COMPUTED_VALUE"""),"") | O85: =IFERROR(__xludf.DUMMYFUNCTION("""COMPUTED_VALUE"""),"") | P85: =IFERROR(__xludf.DUMMYFUNCTION("""COMPUTED_VALUE"""),"")
A86: 45713.875 | B86: Kaya Pernini | C86: FALSE | H86: 158 | J86: Dinner | K86: 45713 | L86: Tuesday | M86: BF | N86: =IFERROR(__xludf.DUMMYFUNCTION("""COMPUTED_VALUE"""),153.0) -> 153 | O86: =IFERROR(__xludf.DUMMYFUNCTION("""COMPUTED_VALUE"""),377.0) -> 377 | P86: =IFERROR(__xludf.DUMMYFUNCTION("""COMPUTED_VALUE"""),530.0) -> 530
A87: 45714.37 | B87: Kaitlyn Deierlein | C87: FALSE | H87: 46 | J87: Breakfast | K87: 45714 | L87: Wednesday | M87: BF | N87: =IFERROR(__xludf.DUMMYFUNCTION("""COMPUTED_VALUE"""),"") | O87: =IFERROR(__xludf.DUMMYFUNCTION("""COMPUTED_VALUE"""),"") | P87: =IFERROR(__xludf.DUMMYFUNCTION("""COMPUTED_VALUE"""),"")
A88: 45714.424 | B88: Kaitlyn Deierlein | C88: FALSE | H88: 48 | J88: Breakfast | K88: 45714 | L88: Wednesday | M88: BF | N88: =IFERROR(__xludf.DUMMYFUNCTION("""COMPUTED_VALUE"""),"") | O88: =IFERROR(__xludf.DUMMYFUNCTION("""COMPUTED_VALUE"""),"") | P88: =IFERROR(__xludf.DUMMYFUNCTION("""COMPUTED_VALUE"""),"")
A89: 45714.749 | B89: Leisly Aceituno | C89: FALSE | H89: 86 | J89: Lunch | K89: 45714 | L89: Wednesday | M89: MF | N89: =IFERROR(__xludf.DUMMYFUNCTION("""COMPUTED_VALUE"""),"") | O89: =IFERROR(__xludf.DUMMYFUNCTION("""COMPUTED_VALUE"""),"") | P89: =IFERROR(__xludf.DUMMYFUNCTION("""COMPUTED_VALUE"""),"")
A90: 45714.757 | B90: Maureen Surgot | C90: FALSE | H90: 109 | J90: Dinner | K90: 45714 | L90: Wednesday | M90: MF | N90: =IFERROR(__xludf.DUMMYFUNCTION("""COMPUTED_VALUE"""),"") | O90: =IFERROR(__xludf.DUMMYFUNCTION("""COMPUTED_VALUE"""),"") | P90: =IFERROR(__xludf.DUMMYFUNCTION("""COMPUTED_VALUE"""),"")
A91: 45714.871 | B91: Maureen Surgot | C91: FALSE | H91: 97 | J91: Dinner | K91: 45714 | L91: Wednesday | M91: MF | N91: =IFERROR(__xludf.DUMMYFUNCTION("""COMPUTED_VALUE"""),292.0) -> 292 | O91: =IFERROR(__xludf.DUMMYFUNCTION("""COMPUTED_VALUE"""),94.0) -> 94 | P91: =IFERROR(__xludf.DUMMYFUNCTION("""COMPUTED_VALUE"""),386.0) -> 386
A92: 45714.517 | B92: Brynn Hornig | C92: FALSE | H92: 137 | J92: Lunch | K92: 45715 | L92: Thursday | M92: MF | N92: =IFERROR(__xludf.DUMMYFUNCTION("""COMPUTED_VALUE"""),"") | O92: =IFERROR(__xludf.DUMMYFUNCTION("""COMPUTED_VALUE"""),"") | P92: =IFERROR(__xludf.DUMMYFUNCTION("""COMPUTED_VALUE"""),"")
A93: 45715.41 | B93: Skyler Bobinski | C93: FALSE | H93: 99 | J93: Breakfast | K93: 45715 | L93: Thursday | M93: BF | N93: =IFERROR(__xludf.DUMMYFUNCTION("""COMPUTED_VALUE"""),"") | O93: =IFERROR(__xludf.DUMMYFUNCTION("""COMPUTED_VALUE"""),"") | P93: =IFERROR(__xludf.DUMMYFUNCTION("""COMPUTED_VALUE"""),"")
A94: 45715.618 | B94: Lizzie Welch | C94: FALSE | H94: 148 | J94: Lunch | K94: 45715 | L94: Thursday | M94: BF | N94: =IFERROR(__xludf.DUMMYFUNCTION("""COMPUTED_VALUE"""),"") | O94: =IFERROR(__xludf.DUMMYFUNCTION("""COMPUTED_VALUE"""),"") | P94: =IFERROR(__xludf.DUMMYFUNCTION("""COMPUTED_VALUE"""),"")
A95: 45715.698 | B95: Kate Stanwood | C95: FALSE | H95: 194 | J95: Lunch | K95: 45715 | L95: Thursday | M95: MF | N95: =IFERROR(__xludf.DUMMYFUNCTION("""COMPUTED_VALUE"""),"") | O95: =IFERROR(__xludf.DUMMYFUNCTION("""COMPUTED_VALUE"""),"") | P95: =IFERROR(__xludf.DUMMYFUNCTION("""COMPUTED_VALUE"""),"")
A96: 45716.027 | B96: Leisly Aceituno | C96: FALSE | H96: 74 | J96: Dinner | K96: 45715 | L96: Thursday | M96: MF | N96: =IFERROR(__xludf.DUMMYFUNCTION("""COMPUTED_VALUE"""),405.0) -> 405 | O96: =IFERROR(__xludf.DUMMYFUNCTION("""COMPUTED_VALUE"""),247.0) -> 247 | P96: =IFERROR(__xludf.DUMMYFUNCTION("""COMPUTED_VALUE"""),652.0) -> 652
A97: 45716.436 | B97: Skyler Bobinski | C97: FALSE | H97: 71 | J97: Breakfast | K97: 45716 | L97: Friday | M97: BF | N97: =IFERROR(__xludf.DUMMYFUNCTION("""COMPUTED_VALUE"""),"") | O97: =IFERROR(__xludf.DUMMYFUNCTION("""COMPUTED_VALUE"""),"") | P97: =IFERROR(__xludf.DUMMYFUNCTION("""COMPUTED_VALUE"""),"")
A98: 45716.582 | B98: Kate Stanwood | C98: FALSE | H98: 129 | J98: Lunch | K98: 45716 | L98: Friday | M98: BF | N98: =IFERROR(__xludf.DUMMYFUNCTION("""COMPUTED_VALUE"""),"") | O98: =IFERROR(__xludf.DUMMYFUNCTION("""COMPUTED_VALUE"""),"") | P98: =IFERROR(__xludf.DUMMYFUNCTION("""COMPUTED_VALUE"""),"")
A99: 45716.905 | B99: Leisly Aceituno | C99: FALSE | H99: 157 | J99: Lunch | K99: 45716 | L99: Friday | M99: MF | N99: =IFERROR(__xludf.DUMMYFUNCTION("""COMPUTED_VALUE"""),"") | O99: =IFERROR(__xludf.DUMMYFUNCTION("""COMPUTED_VALUE"""),"") | P99: =IFERROR(__xludf.DUMMYFUNCTION("""COMPUTED_VALUE"""),"")
A100: 45723.804 | B100: Bitanya Hailu | C100: FALSE | H100: 162 | J100: Dinner | K100: 45716 | L100: Friday | M100: MF | N100: =IFERROR(__xludf.DUMMYFUNCTION("""COMPUTED_VALUE"""),319.0) -> 319 | O100: =IFERROR(__xludf.DUMMYFUNCTION("""COMPUTED_VALUE"""),200.0) -> 200 | P100: =IFERROR(__xludf.DUMMYFUNCTION("""COMPUTED_VALUE"""),519.0) -> 519
...

Sheet F25
A1: =IFERROR(__xludf.DUMMYFUNCTION("IMPORTRANGE(""https://docs.google.com/spreadsheets/d/1FVkv22394ssci35RmN8kGDBHtj7A6Fh_Ev7bb_YthHw/edit?gid=1085129964#gid=1085129964"",""'Bulk Data'!A:AB"")"),"auto") -> auto | B1: =IFERROR(__xludf.DUMMYFUNCTION("""COMPUTED_VALUE"""),"auto") -> auto | C1: =IFERROR(__xludf.DUMMYFUNCTION("""COMPUTED_VALUE"""),"<=") -> <= | D1: =IFERROR(__xludf.DUMMYFUNCTION("""COMPUTED_VALUE"""),"auto") -> auto | E1: =IFERROR(__xludf.DUMMYFUNCTION("""COMPUTED_VALUE"""),"auto") -> auto | F1: =IFERROR(__xludf.DUMMYFUNCTION("""COMPUTED_VALUE"""),"auto") -> auto | G1: =IFERROR(__xludf.DUMMYFUNCTION("""COMPUTED_VALUE"""),"<=") -> <= | H1: =IFERROR(__xludf.DUMMYFUNCTION("""COMPUTED_VALUE"""),"auto") -> auto | I1: =IFERROR(__xludf.DUMMYFUNCTION("""COMPUTED_VALUE"""),"<=") -> <= | J1: =IFERROR(__xludf.DUMMYFUNCTION("""COMPUTED_VALUE"""),"array<=") -> array<= | K1: =IFERROR(__xludf.DUMMYFUNCTION("""COMPUTED_VALUE"""),"auto") -> auto | L1: =IFERROR(__xludf.DUMMYFUNCTION("""COMPUTED_VALUE"""),"<=") -> <= | M1: =IFERROR(__xludf.DUMMYFUNCTION("""COMPUTED_VALUE"""),"auto") -> auto | N1: =IFERROR(__xludf.DUMMYFUNCTION("""COMPUTED_VALUE"""),"array<=") -> array<= | O1: =IFERROR(__xludf.DUMMYFUNCTION("""COMPUTED_VALUE"""),"array<=") -> array<= | P1: =IFERROR(__xludf.DUMMYFUNCTION("""COMPUTED_VALUE"""),"array<=") -> array<= | Q1: =IFERROR(__xludf.DUMMYFUNCTION("""COMPUTED_VALUE"""),"array<=") -> array<= | R1: =IFERROR(__xludf.DUMMYFUNCTION("""COMPUTED_VALUE"""),"array<=") -> array<= | S1: =IFERROR(__xludf.DUMMYFUNCTION("""COMPUTED_VALUE"""),"<=") -> <= | T1: =IFERROR(__xludf.DUMMYFUNCTION("""COMPUTED_VALUE"""),"<=") -> <= | U1: =IFERROR(__xludf.DUMMYFUNCTION("""COMPUTED_VALUE"""),"array<=") -> array<= | V1: =IFERROR(__xludf.DUMMYFUNCTION("""COMPUTED_VALUE"""),"array<=") -> array<= | W1: =IFERROR(__xludf.DUMMYFUNCTION("""COMPUTED_VALUE"""),"<=") -> <= | X1: =IFERROR(__xludf.DUMMYFUNCTION("""COMPUTED_VALUE"""),"array<=") -> array<= | Y1: =IFERROR(__xludf.DUMMYFUNCTION("""COMPUTED_VALUE"""),"array<=") -> array<= | Z1: =IFERROR(__xludf.DUMMYFUNCTION("""COMPUTED_VALUE"""),"auto") -> auto | AA1: =IFERROR(__xludf.DUMMYFUNCTION("""COMPUTED_VALUE"""),"auto") -> auto | AB1: =IFERROR(__xludf.DUMMYFUNCTION("""COMPUTED_VALUE"""),"<=") -> <=
A2: =IFERROR(__xludf.DUMMYFUNCTION("""COMPUTED_VALUE"""),"Timestamp") -> Timestamp | B2: =IFERROR(__xludf.DUMMYFUNCTION("""COMPUTED_VALUE"""),"Name") -> Name | C2: =IFERROR(__xludf.DUMMYFUNCTION("""COMPUTED_VALUE"""),"double name") -> double name | D2: =IFERROR(__xludf.DUMMYFUNCTION("""COMPUTED_VALUE"""),"start hour") -> start hour | E2: =IFERROR(__xludf.DUMMYFUNCTION("""COMPUTED_VALUE"""),"hours worked") -> hours worked | F2: =IFERROR(__xludf.DUMMYFUNCTION("""COMPUTED_VALUE"""),"end hour") -> end hour | G2: =IFERROR(__xludf.DUMMYFUNCTION("""COMPUTED_VALUE"""),"hours pp") -> hours pp | H2: =IFERROR(__xludf.DUMMYFUNCTION("""COMPUTED_VALUE"""),"Derived Weight") -> Derived Weight | I2: =IFERROR(__xludf.DUMMYFUNCTION("""COMPUTED_VALUE"""),"lb/hr per shift") -> lb/hr per shift | J2: =IFERROR(__xludf.DUMMYFUNCTION("""COMPUTED_VALUE"""),"period") -> period | K2: =IFERROR(__xludf.DUMMYFUNCTION("""COMPUTED_VALUE"""),"Date") -> Date | L2: =IFERROR(__xludf.DUMMYFUNCTION("""COMPUTED_VALUE"""),"Weekday") -> Weekday | M2: =IFERROR(__xludf.DUMMYFUNCTION("""COMPUTED_VALUE"""),"dining hall") -> dining hall | N2: =IFERROR(__xludf.DUMMYFUNCTION("""COMPUTED_VALUE"""),"effeciency score") -> effeciency score | O2: =IFERROR(__xludf.DUMMYFUNCTION("""COMPUTED_VALUE"""),"MF lbs td") -> MF lbs td | P2: =IFERROR(__xludf.DUMMYFUNCTION("""COMPUTED_VALUE"""),"BF lbs td") -> BF lbs td | Q2: =IFERROR(__xludf.DUMMYFUNCTION("""COMPUTED_VALUE"""),"MF hrs td") -> MF hrs td | R2: =IFERROR(__xludf.DUMMYFUNCTION("""COMPUTED_VALUE"""),"BF hrs td") -> BF hrs td | S2: =IFERROR(__xludf.DUMMYFUNCTION("""COMPUTED_VALUE"""),"MF lbs/hr td") -> MF lbs/hr td | T2: =IFERROR(__xludf.DUMMYFUNCTION("""COMPUTED_VALUE"""),"BF lbs/hr td") -> BF lbs/hr td | U2: =IFERROR(__xludf.DUMMYFUNCTION("""COMPUTED_VALUE"""),"lbs td") -> lbs td | V2: =IFERROR(__xludf.DUMMYFUNCTION("""COMPUTED_VALUE"""),"hours td") -> hours td | W2: =IFERROR(__xludf.DUMMYFUNCTION("""COMPUTED_VALUE"""),"lbs/hr td") -> lbs/hr td | X2: =IFERROR(__xludf.DUMMYFUNCTION("""COMPUTED_VALUE"""),"avg ambassador lbs/hr") -> avg ambassador lbs/hr | Y2: =IFERROR(__xludf.DUMMYFUNCTION("""COMPUTED_VALUE"""),"effeciency score td") -> effeciency score td | Z2: =IFERROR(__xludf.DUMMYFUNCTION("""COMPUTED_VALUE"""),"MF diners td") -> MF diners td | AA2: =IFERROR(__xludf.DUMMYFUNCTION("""COMPUTED_VALUE"""),"BF diners td") -> BF diners td | AB2: =IFERROR(__xludf.DUMMYFUNCTION("""COMPUTED_VALUE"""),"Diners Today") -> Diners Today
A3: =IFERROR(__xludf.DUMMYFUNCTION("""COMPUTED_VALUE"""),45908.59112728009) -> 45908.591 | B3: =IFERROR(__xludf.DUMMYFUNCTION("""COMPUTED_VALUE"""),"Orpheus Wilson") -> Orpheus Wilson | C3: =IFERROR(__xludf.DUMMYFUNCTION("""COMPUTED_VALUE"""),FALSE) -> FALSE | H3: =IFERROR(__xludf.DUMMYFUNCTION("""COMPUTED_VALUE"""),101.0) -> 101 | J3: =IFERROR(__xludf.DUMMYFUNCTION("""COMPUTED_VALUE"""),"Lunch") -> Lunch | K3: =IFERROR(__xludf.DUMMYFUNCTION("""COMPUTED_VALUE"""),45908.0) -> 45908 | L3: =IFERROR(__xludf.DUMMYFUNCTION("""COMPUTED_VALUE"""),"Monday") -> Monday | M3: =IFERROR(__xludf.DUMMYFUNCTION("""COMPUTED_VALUE"""),"MF") -> MF | O3: =IFERROR(__xludf.DUMMYFUNCTION("""COMPUTED_VALUE"""),"") | P3: =IFERROR(__xludf.DUMMYFUNCTION("""COMPUTED_VALUE"""),"") | U3: =IFERROR(__xludf.DUMMYFUNCTION("""COMPUTED_VALUE"""),"") | Z3: =IFERROR(__xludf.DUMMYFUNCTION("""COMPUTED_VALUE"""),"") | AA3: =IFERROR(__xludf.DUMMYFUNCTION("""COMPUTED_VALUE"""),"") | AB3: =IFERROR(__xludf.DUMMYFUNCTION("""COMPUTED_VALUE"""),"")
A4: =IFERROR(__xludf.DUMMYFUNCTION("""COMPUTED_VALUE"""),45908.632124525466) -> 45908.632 | B4: =IFERROR(__xludf.DUMMYFUNCTION("""COMPUTED_VALUE"""),"Greta Traynor") -> Greta Traynor | C4: =IFERROR(__xludf.DUMMYFUNCTION("""COMPUTED_VALUE"""),FALSE) -> FALSE | H4: =IFERROR(__xludf.DUMMYFUNCTION("""COMPUTED_VALUE"""),34.0) -> 34 | J4: =IFERROR(__xludf.DUMMYFUNCTION("""COMPUTED_VALUE"""),"Lunch") -> Lunch | K4: =IFERROR(__xludf.DUMMYFUNCTION("""COMPUTED_VALUE"""),45908.0) -> 45908 | L4: =IFERROR(__xludf.DUMMYFUNCTION("""COMPUTED_VALUE"""),"Monday") -> Monday | M4: =IFERROR(__xludf.DUMMYFUNCTION("""COMPUTED_VALUE"""),"MF") -> MF | O4: =IFERROR(__xludf.DUMMYFUNCTION("""COMPUTED_VALUE"""),"") | P4: =IFERROR(__xludf.DUMMYFUNCTION("""COMPUTED_VALUE"""),"") | U4: =IFERROR(__xludf.DUMMYFUNCTION("""COMPUTED_VALUE"""),"") | Z4: =IFERROR(__xludf.DUMMYFUNCTION("""COMPUTED_VALUE"""),"") | AA4: =IFERROR(__xludf.DUMMYFUNCTION("""COMPUTED_VALUE"""),"") | AB4: =IFERROR(__xludf.DUMMYFUNCTION("""COMPUTED_VALUE"""),"")
A5: =IFERROR(__xludf.DUMMYFUNCTION("""COMPUTED_VALUE"""),45908.66001197917) -> 45908.66 | B5: =IFERROR(__xludf.DUMMYFUNCTION("""COMPUTED_VALUE"""),"Emma Korsu") -> Emma Korsu | C5: =IFERROR(__xludf.DUMMYFUNCTION("""COMPUTED_VALUE"""),FALSE) -> FALSE | H5: =IFERROR(__xludf.DUMMYFUNCTION("""COMPUTED_VALUE"""),158.0) -> 158 | J5: =IFERROR(__xludf.DUMMYFUNCTION("""COMPUTED_VALUE"""),"Lunch") -> Lunch | K5: =IFERROR(__xludf.DUMMYFUNCTION("""COMPUTED_VALUE"""),45908.0) -> 45908 | L5: =IFERROR(__xludf.DUMMYFUNCTION("""COMPUTED_VALUE"""),"Monday") -> Monday | M5: =IFERROR(__xludf.DUMMYFUNCTION("""COMPUTED_VALUE"""),"BF") -> BF | O5: =IFERROR(__xludf.DUMMYFUNCTION("""COMPUTED_VALUE"""),"") | P5: =IFERROR(__xludf.DUMMYFUNCTION("""COMPUTED_VALUE"""),"") | U5: =IFERROR(__xludf.DUMMYFUNCTION("""COMPUTED_VALUE"""),"") | Z5: =IFERROR(__xludf.DUMMYFUNCTION("""COMPUTED_VALUE"""),"") | AA5: =IFERROR(__xludf.DUMMYFUNCTION("""COMPUTED_VALUE"""),"") | AB5: =IFERROR(__xludf.DUMMYFUNCTION("""COMPUTED_VALUE"""),"")
A6: =IFERROR(__xludf.DUMMYFUNCTION("""COMPUTED_VALUE"""),45908.77573083334) -> 45908.776 | B6: =IFERROR(__xludf.DUMMYFUNCTION("""COMPUTED_VALUE"""),"Emmett Khan") -> Emmett Khan | C6: =IFERROR(__xludf.DUMMYFUNCTION("""COMPUTED_VALUE"""),FALSE) -> FALSE | H6: =IFERROR(__xludf.DUMMYFUNCTION("""COMPUTED_VALUE"""),123.0) -> 123 | J6: =IFERROR(__xludf.DUMMYFUNCTION("""COMPUTED_VALUE"""),"Dinner") -> Dinner | K6: =IFERROR(__xludf.DUMMYFUNCTION("""COMPUTED_VALUE"""),45908.0) -> 45908 | L6: =IFERROR(__xludf.DUMMYFUNCTION("""COMPUTED_VALUE"""),"Monday") -> Monday | M6: =IFERROR(__xludf.DUMMYFUNCTION("""COMPUTED_VALUE"""),"MF") -> MF | O6: =IFERROR(__xludf.DUMMYFUNCTION("""COMPUTED_VALUE"""),"") | P6: =IFERROR(__xludf.DUMMYFUNCTION("""COMPUTED_VALUE"""),"") | U6: =IFERROR(__xludf.DUMMYFUNCTION("""COMPUTED_VALUE"""),"") | Z6: =IFERROR(__xludf.DUMMYFUNCTION("""COMPUTED_VALUE"""),"") | AA6: =IFERROR(__xludf.DUMMYFUNCTION("""COMPUTED_VALUE"""),"") | AB6: =IFERROR(__xludf.DUMMYFUNCTION("""COMPUTED_VALUE"""),"")
A7: =IFERROR(__xludf.DUMMYFUNCTION("""COMPUTED_VALUE"""),45908.86813994213) -> 45908.868 | B7: =IFERROR(__xludf.DUMMYFUNCTION("""COMPUTED_VALUE"""),"Sarah Wilme") -> Sarah Wilme | C7: =IFERROR(__xludf.DUMMYFUNCTION("""COMPUTED_VALUE"""),FALSE) -> FALSE | H7: =IFERROR(__xludf.DUMMYFUNCTION("""COMPUTED_VALUE"""),38.0) -> 38 | J7: =IFERROR(__xludf.DUMMYFUNCTION("""COMPUTED_VALUE"""),"Dinner") -> Dinner | K7: =IFERROR(__xludf.DUMMYFUNCTION("""COMPUTED_VALUE"""),45908.0) -> 45908 | L7: =IFERROR(__xludf.DUMMYFUNCTION("""COMPUTED_VALUE"""),"Monday") -> Monday | M7: =IFERROR(__xludf.DUMMYFUNCTION("""COMPUTED_VALUE"""),"MF") -> MF | O7: =IFERROR(__xludf.DUMMYFUNCTION("""COMPUTED_VALUE"""),"") | P7: =IFERROR(__xludf.DUMMYFUNCTION("""COMPUTED_VALUE"""),"") | U7: =IFERROR(__xludf.DUMMYFUNCTION("""COMPUTED_VALUE"""),"") | Z7: =IFERROR(__xludf.DUMMYFUNCTION("""COMPUTED_VALUE"""),"") | AA7: =IFERROR(__xludf.DUMMYFUNCTION("""COMPUTED_VALUE"""),"") | AB7: =IFERROR(__xludf.DUMMYFUNCTION("""COMPUTED_VALUE"""),"")
A8: =IFERROR(__xludf.DUMMYFUNCTION("""COMPUTED_VALUE"""),45908.86855119213) -> 45908.869 | B8: =IFERROR(__xludf.DUMMYFUNCTION("""COMPUTED_VALUE"""),"Sarah Wilme") -> Sarah Wilme | C8: =IFERROR(__xludf.DUMMYFUNCTION("""COMPUTED_VALUE"""),TRUE) -> TRUE | H8: =IFERROR(__xludf.DUMMYFUNCTION("""COMPUTED_VALUE"""),105.0) -> 105 | J8: =IFERROR(__xludf.DUMMYFUNCTION("""COMPUTED_VALUE"""),"Dinner") -> Dinner | K8: =IFERROR(__xludf.DUMMYFUNCTION("""COMPUTED_VALUE"""),45908.0) -> 45908 | L8: =IFERROR(__xludf.DUMMYFUNCTION("""COMPUTED_VALUE"""),"Monday") -> Monday | M8: =IFERROR(__xludf.DUMMYFUNCTION("""COMPUTED_VALUE"""),"MF") -> MF | O8: =IFERROR(__xludf.DUMMYFUNCTION("""COMPUTED_VALUE"""),401.0) -> 401 | P8: =IFERROR(__xludf.DUMMYFUNCTION("""COMPUTED_VALUE"""),158.0) -> 158 | U8: =IFERROR(__xludf.DUMMYFUNCTION("""COMPUTED_VALUE"""),559.0) -> 559 | Z8: =IFERROR(__xludf.DUMMYFUNCTION("""COMPUTED_VALUE"""),4559.0) -> 4559 | AA8: =IFERROR(__xludf.DUMMYFUNCTION("""COMPUTED_VALUE"""),5024.0) -> 5024 | AB8: =IFERROR(__xludf.DUMMYFUNCTION("""COMPUTED_VALUE"""),9583.0) -> 9583
A9: =IFERROR(__xludf.DUMMYFUNCTION("""COMPUTED_VALUE"""),45909.63024474537) -> 45909.63 | B9: =IFERROR(__xludf.DUMMYFUNCTION("""COMPUTED_VALUE"""),"Maureen Surgot") -> Maureen Surgot | C9: =IFERROR(__xludf.DUMMYFUNCTION("""COMPUTED_VALUE"""),FALSE) -> FALSE | H9: =IFERROR(__xludf.DUMMYFUNCTION("""COMPUTED_VALUE"""),142.0) -> 142 | J9: =IFERROR(__xludf.DUMMYFUNCTION("""COMPUTED_VALUE"""),"Lunch") -> Lunch | K9: =IFERROR(__xludf.DUMMYFUNCTION("""COMPUTED_VALUE"""),45909.0) -> 45909 | L9: =IFERROR(__xludf.DUMMYFUNCTION("""COMPUTED_VALUE"""),"Tuesday") -> Tuesday | M9: =IFERROR(__xludf.DUMMYFUNCTION("""COMPUTED_VALUE"""),"MF") -> MF | O9: =IFERROR(__xludf.DUMMYFUNCTION("""COMPUTED_VALUE"""),"") | P9: =IFERROR(__xludf.DUMMYFUNCTION("""COMPUTED_VALUE"""),"") | U9: =IFERROR(__xludf.DUMMYFUNCTION("""COMPUTED_VALUE"""),"") | Z9: =IFERROR(__xludf.DUMMYFUNCTION("""COMPUTED_VALUE"""),"") | AA9: =IFERROR(__xludf.DUMMYFUNCTION("""COMPUTED_VALUE"""),"") | AB9: =IFERROR(__xludf.DUMMYFUNCTION("""COMPUTED_VALUE"""),"")
A10: =IFERROR(__xludf.DUMMYFUNCTION("""COMPUTED_VALUE"""),45909.660384166666) -> 45909.66 | B10: =IFERROR(__xludf.DUMMYFUNCTION("""COMPUTED_VALUE"""),"Brynn Hornig") -> Brynn Hornig | C10: =IFERROR(__xludf.DUMMYFUNCTION("""COMPUTED_VALUE"""),FALSE) -> FALSE | H10: =IFERROR(__xludf.DUMMYFUNCTION("""COMPUTED_VALUE"""),128.0) -> 128 | J10: =IFERROR(__xludf.DUMMYFUNCTION("""COMPUTED_VALUE"""),"Lunch") -> Lunch | K10: =IFERROR(__xludf.DUMMYFUNCTION("""COMPUTED_VALUE"""),45909.0) -> 45909 | L10: =IFERROR(__xludf.DUMMYFUNCTION("""COMPUTED_VALUE"""),"Tuesday") -> Tuesday | M10: =IFERROR(__xludf.DUMMYFUNCTION("""COMPUTED_VALUE"""),"BF") -> BF | O10: =IFERROR(__xludf.DUMMYFUNCTION("""COMPUTED_VALUE"""),"") | P10: =IFERROR(__xludf.DUMMYFUNCTION("""COMPUTED_VALUE"""),"") | U10: =IFERROR(__xludf.DUMMYFUNCTION("""COMPUTED_VALUE"""),"") | Z10: =IFERROR(__xludf.DUMMYFUNCTION("""COMPUTED_VALUE"""),"") | AA10: =IFERROR(__xludf.DUMMYFUNCTION("""COMPUTED_VALUE"""),"") | AB10: =IFERROR(__xludf.DUMMYFUNCTION("""COMPUTED_VALUE"""),"")
A11: =IFERROR(__xludf.DUMMYFUNCTION("""COMPUTED_VALUE"""),45909.870084953705) -> 45909.87 | B11: =IFERROR(__xludf.DUMMYFUNCTION("""COMPUTED_VALUE"""),"Leisly Aceituno") -> Leisly Aceituno | C11: =IFERROR(__xludf.DUMMYFUNCTION("""COMPUTED_VALUE"""),FALSE) -> FALSE | H11: =IFERROR(__xludf.DUMMYFUNCTION("""COMPUTED_VALUE"""),225.0) -> 225 | J11: =IFERROR(__xludf.DUMMYFUNCTION("""COMPUTED_VALUE"""),"Dinner") -> Dinner | K11: =IFERROR(__xludf.DUMMYFUNCTION("""COMPUTED_VALUE"""),45909.0) -> 45909 | L11: =IFERROR(__xludf.DUMMYFUNCTION("""COMPUTED_VALUE"""),"Tuesday") -> Tuesday | M11: =IFERROR(__xludf.DUMMYFUNCTION("""COMPUTED_VALUE"""),"MF") -> MF | O11: =IFERROR(__xludf.DUMMYFUNCTION("""COMPUTED_VALUE"""),367.0) -> 367 | P11: =IFERROR(__xludf.DUMMYFUNCTION("""COMPUTED_VALUE"""),128.0) -> 128 | U11: =IFERROR(__xludf.DUMMYFUNCTION("""COMPUTED_VALUE"""),495.0) -> 495 | Z11: =IFERROR(__xludf.DUMMYFUNCTION("""COMPUTED_VALUE"""),4530.0) -> 4530 | AA11: =IFERROR(__xludf.DUMMYFUNCTION("""COMPUTED_VALUE"""),4153.0) -> 4153 | AB11: =IFERROR(__xludf.DUMMYFUNCTION("""COMPUTED_VALUE"""),8683.0) -> 8683
A12: =IFERROR(__xludf.DUMMYFUNCTION("""COMPUTED_VALUE"""),45910.63344855324) -> 45910.633 | B12: =IFERROR(__xludf.DUMMYFUNCTION("""COMPUTED_VALUE"""),"Greta Traynor") -> Greta Traynor | C12: =IFERROR(__xludf.DUMMYFUNCTION("""COMPUTED_VALUE"""),FALSE) -> FALSE | H12: =IFERROR(__xludf.DUMMYFUNCTION("""COMPUTED_VALUE"""),65.0) -> 65 | J12: =IFERROR(__xludf.DUMMYFUNCTION("""COMPUTED_VALUE"""),"Lunch") -> Lunch | K12: =IFERROR(__xludf.DUMMYFUNCTION("""COMPUTED_VALUE"""),45910.0) -> 45910 | L12: =IFERROR(__xludf.DUMMYFUNCTION("""COMPUTED_VALUE"""),"Wednesday") -> Wednesday | M12: =IFERROR(__xludf.DUMMYFUNCTION("""COMPUTED_VALUE"""),"MF") -> MF | O12: =IFERROR(__xludf.DUMMYFUNCTION("""COMPUTED_VALUE"""),"") | P12: =IFERROR(__xludf.DUMMYFUNCTION("""COMPUTED_VALUE"""),"") | U12: =IFERROR(__xludf.DUMMYFUNCTION("""COMPUTED_VALUE"""),"") | Z12: =IFERROR(__xludf.DUMMYFUNCTION("""COMPUTED_VALUE"""),"") | AA12: =IFERROR(__xludf.DUMMYFUNCTION("""COMPUTED_VALUE"""),"") | AB12: =IFERROR(__xludf.DUMMYFUNCTION("""COMPUTED_VALUE"""),"")
A13: =IFERROR(__xludf.DUMMYFUNCTION("""COMPUTED_VALUE"""),45910.74880765047) -> 45910.749 | B13: =IFERROR(__xludf.DUMMYFUNCTION("""COMPUTED_VALUE"""),"Orpheus Wilson") -> Orpheus Wilson | C13: =IFERROR(__xludf.DUMMYFUNCTION("""COMPUTED_VALUE"""),FALSE) -> FALSE | H13: =IFERROR(__xludf.DUMMYFUNCTION("""COMPUTED_VALUE"""),65.0) -> 65 | J13: =IFERROR(__xludf.DUMMYFUNCTION("""COMPUTED_VALUE"""),"Dinner") -> Dinner | K13: =IFERROR(__xludf.DUMMYFUNCTION("""COMPUTED_VALUE"""),45910.0) -> 45910 | L13: =IFERROR(__xludf.DUMMYFUNCTION("""COMPUTED_VALUE"""),"Wednesday") -> Wednesday | M13: =IFERROR(__xludf.DUMMYFUNCTION("""COMPUTED_VALUE"""),"MF") -> MF | O13: =IFERROR(__xludf.DUMMYFUNCTION("""COMPUTED_VALUE"""),"") | P13: =IFERROR(__xludf.DUMMYFUNCTION("""COMPUTED_VALUE"""),"") | U13: =IFERROR(__xludf.DUMMYFUNCTION("""COMPUTED_VALUE"""),"") | Z13: =IFERROR(__xludf.DUMMYFUNCTION("""COMPUTED_VALUE"""),"") | AA13: =IFERROR(__xludf.DUMMYFUNCTION("""COMPUTED_VALUE"""),"") | AB13: =IFERROR(__xludf.DUMMYFUNCTION("""COMPUTED_VALUE"""),"")
A14: =IFERROR(__xludf.DUMMYFUNCTION("""COMPUTED_VALUE"""),45910.75103585648) -> 45910.751 | B14: =IFERROR(__xludf.DUMMYFUNCTION("""COMPUTED_VALUE"""),"Sarah Wilme") -> Sarah Wilme | C14: =IFERROR(__xludf.DUMMYFUNCTION("""COMPUTED_VALUE"""),FALSE) -> FALSE | H14: =IFERROR(__xludf.DUMMYFUNCTION("""COMPUTED_VALUE"""),194.0) -> 194 | J14: =IFERROR(__xludf.DUMMYFUNCTION("""COMPUTED_VALUE"""),"Dinner") -> Dinner | K14: =IFERROR(__xludf.DUMMYFUNCTION("""COMPUTED_VALUE"""),45910.0) -> 45910 | L14: =IFERROR(__xludf.DUMMYFUNCTION("""COMPUTED_VALUE"""),"Wednesday") -> Wednesday | M14: =IFERROR(__xludf.DUMMYFUNCTION("""COMPUTED_VALUE"""),"BF") -> BF | O14: =IFERROR(__xludf.DUMMYFUNCTION("""COMPUTED_VALUE"""),"") | P14: =IFERROR(__xludf.DUMMYFUNCTION("""COMPUTED_VALUE"""),"") | U14: =IFERROR(__xludf.DUMMYFUNCTION("""COMPUTED_VALUE"""),"") | Z14: =IFERROR(__xludf.DUMMYFUNCTION("""COMPUTED_VALUE"""),"") | AA14: =IFERROR(__xludf.DUMMYFUNCTION("""COMPUTED_VALUE"""),"") | AB14: =IFERROR(__xludf.DUMMYFUNCTION("""COMPUTED_VALUE"""),"")
A15: =IFERROR(__xludf.DUMMYFUNCTION("""COMPUTED_VALUE"""),45910.87202634259) -> 45910.872 | B15: =IFERROR(__xludf.DUMMYFUNCTION("""COMPUTED_VALUE"""),"Kaylie Forgue") -> Kaylie Forgue | C15: =IFERROR(__xludf.DUMMYFUNCTION("""COMPUTED_VALUE"""),FALSE) -> FALSE | H15: =IFERROR(__xludf.DUMMYFUNCTION("""COMPUTED_VALUE"""),81.0) -> 81 | J15: =IFERROR(__xludf.DUMMYFUNCTION("""COMPUTED_VALUE"""),"Dinner") -> Dinner | K15: =IFERROR(__xludf.DUMMYFUNCTION("""COMPUTED_VALUE"""),45910.0) -> 45910 | L15: =IFERROR(__xludf.DUMMYFUNCTION("""COMPUTED_VALUE"""),"Wednesday") -> Wednesday | M15: =IFERROR(__xludf.DUMMYFUNCTION("""COMPUTED_VALUE"""),"MF") -> MF | O15: =IFERROR(__xludf.DUMMYFUNCTION("""COMPUTED_VALUE"""),211.0) -> 211 | P15: =IFERROR(__xludf.DUMMYFUNCTION("""COMPUTED_VALUE"""),194.0) -> 194 | U15: =IFERROR(__xludf.DUMMYFUNCTION("""COMPUTED_VALUE"""),405.0) -> 405 | Z15: =IFERROR(__xludf.DUMMYFUNCTION("""COMPUTED_VALUE"""),3950.0) -> 3950 | AA15: =IFERROR(__xludf.DUMMYFUNCTION("""COMPUTED_VALUE"""),4886.0) -> 4886 | AB15: =IFERROR(__xludf.DUMMYFUNCTION("""COMPUTED_VALUE"""),8836.0) -> 8836
A16: =IFERROR(__xludf.DUMMYFUNCTION("""COMPUTED_VALUE"""),45911.55644688658) -> 45911.556 | B16: =IFERROR(__xludf.DUMMYFUNCTION("""COMPUTED_VALUE"""),"Maureen Surgot") -> Maureen Surgot | C16: =IFERROR(__xludf.DUMMYFUNCTION("""COMPUTED_VALUE"""),FALSE) -> FALSE | H16: =IFERROR(__xludf.DUMMYFUNCTION("""COMPUTED_VALUE"""),71.0) -> 71 | J16: =IFERROR(__xludf.DUMMYFUNCTION("""COMPUTED_VALUE"""),"Lunch") -> Lunch | K16: =IFERROR(__xludf.DUMMYFUNCTION("""COMPUTED_VALUE"""),45911.0) -> 45911 | L16: =IFERROR(__xludf.DUMMYFUNCTION("""COMPUTED_VALUE"""),"Thursday") -> Thursday | M16: =IFERROR(__xludf.DUMMYFUNCTION("""COMPUTED_VALUE"""),"MF") -> MF | O16: =IFERROR(__xludf.DUMMYFUNCTION("""COMPUTED_VALUE"""),"") | P16: =IFERROR(__xludf.DUMMYFUNCTION("""COMPUTED_VALUE"""),"") | U16: =IFERROR(__xludf.DUMMYFUNCTION("""COMPUTED_VALUE"""),"") | Z16: =IFERROR(__xludf.DUMMYFUNCTION("""COMPUTED_VALUE"""),"") | AA16: =IFERROR(__xludf.DUMMYFUNCTION("""COMPUTED_VALUE"""),"") | AB16: =IFERROR(__xludf.DUMMYFUNCTION("""COMPUTED_VALUE"""),"")
A17: =IFERROR(__xludf.DUMMYFUNCTION("""COMPUTED_VALUE"""),45911.640290474534) -> 45911.64 | B17: =IFERROR(__xludf.DUMMYFUNCTION("""COMPUTED_VALUE"""),"Brynn Hornig") -> Brynn Hornig | C17: =IFERROR(__xludf.DUMMYFUNCTION("""COMPUTED_VALUE"""),FALSE) -> FALSE | H17: =IFERROR(__xludf.DUMMYFUNCTION("""COMPUTED_VALUE"""),68.0) -> 68 | J17: =IFERROR(__xludf.DUMMYFUNCTION("""COMPUTED_VALUE"""),"Lunch") -> Lunch | K17: =IFERROR(__xludf.DUMMYFUNCTION("""COMPUTED_VALUE"""),45911.0) -> 45911 | L17: =IFERROR(__xludf.DUMMYFUNCTION("""COMPUTED_VALUE"""),"Thursday") -> Thursday | M17: =IFERROR(__xludf.DUMMYFUNCTION("""COMPUTED_VALUE"""),"MF") -> MF | O17: =IFERROR(__xludf.DUMMYFUNCTION("""COMPUTED_VALUE"""),"") | P17: =IFERROR(__xludf.DUMMYFUNCTION("""COMPUTED_VALUE"""),"") | U17: =IFERROR(__xludf.DUMMYFUNCTION("""COMPUTED_VALUE"""),"") | Z17: =IFERROR(__xludf.DUMMYFUNCTION("""COMPUTED_VALUE"""),"") | AA17: =IFERROR(__xludf.DUMMYFUNCTION("""COMPUTED_VALUE"""),"") | AB17: =IFERROR(__xludf.DUMMYFUNCTION("""COMPUTED_VALUE"""),"")
A18: =IFERROR(__xludf.DUMMYFUNCTION("""COMPUTED_VALUE"""),45911.67635799768) -> 45911.676 | B18: =IFERROR(__xludf.DUMMYFUNCTION("""COMPUTED_VALUE"""),"Emma Korsu") -> Emma Korsu | C18: =IFERROR(__xludf.DUMMYFUNCTION("""COMPUTED_VALUE"""),FALSE) -> FALSE | H18: =IFERROR(__xludf.DUMMYFUNCTION("""COMPUTED_VALUE"""),194.0) -> 194 | J18: =IFERROR(__xludf.DUMMYFUNCTION("""COMPUTED_VALUE"""),"Dinner") -> Dinner | K18: =IFERROR(__xludf.DUMMYFUNCTION("""COMPUTED_VALUE"""),45911.0) -> 45911 | L18: =IFERROR(__xludf.DUMMYFUNCTION("""COMPUTED_VALUE"""),"Thursday") -> Thursday | M18: =IFERROR(__xludf.DUMMYFUNCTION("""COMPUTED_VALUE"""),"BF") -> BF | O18: =IFERROR(__xludf.DUMMYFUNCTION("""COMPUTED_VALUE"""),"") | P18: =IFERROR(__xludf.DUMMYFUNCTION("""COMPUTED_VALUE"""),"") | U18: =IFERROR(__xludf.DUMMYFUNCTION("""COMPUTED_VALUE"""),"") | Z18: =IFERROR(__xludf.DUMMYFUNCTION("""COMPUTED_VALUE"""),"") | AA18: =IFERROR(__xludf.DUMMYFUNCTION("""COMPUTED_VALUE"""),"") | AB18: =IFERROR(__xludf.DUMMYFUNCTION("""COMPUTED_VALUE"""),"")
A19: =IFERROR(__xludf.DUMMYFUNCTION("""COMPUTED_VALUE"""),45911.6942159375) -> 45911.694 | B19: =IFERROR(__xludf.DUMMYFUNCTION("""COMPUTED_VALUE"""),"Emmett Khan") -> Emmett Khan | C19: =IFERROR(__xludf.DUMMYFUNCTION("""COMPUTED_VALUE"""),FALSE) -> FALSE | H19: =IFERROR(__xludf.DUMMYFUNCTION("""COMPUTED_VALUE"""),54.0) -> 54 | J19: =IFERROR(__xludf.DUMMYFUNCTION("""COMPUTED_VALUE"""),"Lunch") -> Lunch | K19: =IFERROR(__xludf.DUMMYFUNCTION("""COMPUTED_VALUE"""),45911.0) -> 45911 | L19: =IFERROR(__xludf.DUMMYFUNCTION("""COMPUTED_VALUE"""),"Thursday") -> Thursday | M19: =IFERROR(__xludf.DUMMYFUNCTION("""COMPUTED_VALUE"""),"BF") -> BF | O19: =IFERROR(__xludf.DUMMYFUNCTION("""COMPUTED_VALUE"""),"") | P19: =IFERROR(__xludf.DUMMYFUNCTION("""COMPUTED_VALUE"""),"") | U19: =IFERROR(__xludf.DUMMYFUNCTION("""COMPUTED_VALUE"""),"") | Z19: =IFERROR(__xludf.DUMMYFUNCTION("""COMPUTED_VALUE"""),"") | AA19: =IFERROR(__xludf.DUMMYFUNCTION("""COMPUTED_VALUE"""),"") | AB19: =IFERROR(__xludf.DUMMYFUNCTION("""COMPUTED_VALUE"""),"")
A20: =IFERROR(__xludf.DUMMYFUNCTION("""COMPUTED_VALUE"""),45911.776443298615) -> 45911.776 | B20: =IFERROR(__xludf.DUMMYFUNCTION("""COMPUTED_VALUE"""),"Emmett Khan") -> Emmett Khan | C20: =IFERROR(__xludf.DUMMYFUNCTION("""COMPUTED_VALUE"""),TRUE) -> TRUE | H20: =IFERROR(__xludf.DUMMYFUNCTION("""COMPUTED_VALUE"""),122.0) -> 122 | J20: =IFERROR(__xludf.DUMMYFUNCTION("""COMPUTED_VALUE"""),"Dinner") -> Dinner | K20: =IFERROR(__xludf.DUMMYFUNCTION("""COMPUTED_VALUE"""),45911.0) -> 45911 | L20: =IFERROR(__xludf.DUMMYFUNCTION("""COMPUTED_VALUE"""),"Thursday") -> Thursday | M20: =IFERROR(__xludf.DUMMYFUNCTION("""COMPUTED_VALUE"""),"BF") -> BF | O20: =IFERROR(__xludf.DUMMYFUNCTION("""COMPUTED_VALUE"""),139.0) -> 139 | P20: =IFERROR(__xludf.DUMMYFUNCTION("""COMPUTED_VALUE"""),370.0) -> 370 | U20: =IFERROR(__xludf.DUMMYFUNCTION("""COMPUTED_VALUE"""),509.0) -> 509 | Z20: =IFERROR(__xludf.DUMMYFUNCTION("""COMPUTED_VALUE"""),3965.0) -> 3965 | AA20: =IFERROR(__xludf.DUMMYFUNCTION("""COMPUTED_VALUE"""),4593.0) -> 4593 | AB20: =IFERROR(__xludf.DUMMYFUNCTION("""COMPUTED_VALUE"""),8558.0) -> 8558
A21: =IFERROR(__xludf.DUMMYFUNCTION("""COMPUTED_VALUE"""),45912.58861394676) -> 45912.589 | B21: =IFERROR(__xludf.DUMMYFUNCTION("""COMPUTED_VALUE"""),"Greta Traynor") -> Greta Traynor | C21: =IFERROR(__xludf.DUMMYFUNCTION("""COMPUTED_VALUE"""),FALSE) -> FALSE | H21: =IFERROR(__xludf.DUMMYFUNCTION("""COMPUTED_VALUE"""),68.0) -> 68 | J21: =IFERROR(__xludf.DUMMYFUNCTION("""COMPUTED_VALUE"""),"Lunch") -> Lunch | K21: =IFERROR(__xludf.DUMMYFUNCTION("""COMPUTED_VALUE"""),45912.0) -> 45912 | L21: =IFERROR(__xludf.DUMMYFUNCTION("""COMPUTED_VALUE"""),"Friday") -> Friday | M21: =IFERROR(__xludf.DUMMYFUNCTION("""COMPUTED_VALUE"""),"MF") -> MF | O21: =IFERROR(__xludf.DUMMYFUNCTION("""COMPUTED_VALUE"""),68.0) -> 68 | P21: =IFERROR(__xludf.DUMMYFUNCTION("""COMPUTED_VALUE"""),"") | U21: =IFERROR(__xludf.DUMMYFUNCTION("""COMPUTED_VALUE"""),68.0) -> 68 | Z21: =IFERROR(__xludf.DUMMYFUNCTION("""COMPUTED_VALUE"""),4102.0) -> 4102 | AA21: =IFERROR(__xludf.DUMMYFUNCTION("""COMPUTED_VALUE"""),2529.0) -> 2529 | AB21: =IFERROR(__xludf.DUMMYFUNCTION("""COMPUTED_VALUE"""),6631.0) -> 6631
A22: =IFERROR(__xludf.DUMMYFUNCTION("""COMPUTED_VALUE"""),45915.44181483796) -> 45915.442 | B22: =IFERROR(__xludf.DUMMYFUNCTION("""COMPUTED_VALUE"""),"Sarah Wilme") -> Sarah Wilme | C22: =IFERROR(__xludf.DUMMYFUNCTION("""COMPUTED_VALUE"""),FALSE) -> FALSE | H22: =IFERROR(__xludf.DUMMYFUNCTION("""COMPUTED_VALUE"""),113.0) -> 113 | J22: =IFERROR(__xludf.DUMMYFUNCTION("""COMPUTED_VALUE"""),"Breakfast") -> Breakfast | K22: =IFERROR(__xludf.DUMMYFUNCTION("""COMPUTED_VALUE"""),45915.0) -> 45915 | L22: =IFERROR(__xludf.DUMMYFUNCTION("""COMPUTED_VALUE"""),"Monday") -> Monday | M22: =IFERROR(__xludf.DUMMYFUNCTION("""COMPUTED_VALUE"""),"BF") -> BF | O22: =IFERROR(__xludf.DUMMYFUNCTION("""COMPUTED_VALUE"""),"") | P22: =IFERROR(__xludf.DUMMYFUNCTION("""COMPUTED_VALUE"""),"") | U22: =IFERROR(__xludf.DUMMYFUNCTION("""COMPUTED_VALUE"""),"") | Z22: =IFERROR(__xludf.DUMMYFUNCTION("""COMPUTED_VALUE"""),"") | AA22: =IFERROR(__xludf.DUMMYFUNCTION("""COMPUTED_VALUE"""),"") | AB22: =IFERROR(__xludf.DUMMYFUNCTION("""COMPUTED_VALUE"""),"")
A23: =IFERROR(__xludf.DUMMYFUNCTION("""COMPUTED_VALUE"""),45915.568060185185) -> 45915.568 | B23: =IFERROR(__xludf.DUMMYFUNCTION("""COMPUTED_VALUE"""),"Orpheus Wilson") -> Orpheus Wilson | C23: =IFERROR(__xludf.DUMMYFUNCTION("""COMPUTED_VALUE"""),FALSE) -> FALSE | H23: =IFERROR(__xludf.DUMMYFUNCTION("""COMPUTED_VALUE"""),144.0) -> 144 | J23: =IFERROR(__xludf.DUMMYFUNCTION("""COMPUTED_VALUE"""),"Lunch") -> Lunch | K23: =IFERROR(__xludf.DUMMYFUNCTION("""COMPUTED_VALUE"""),45915.0) -> 45915 | L23: =IFERROR(__xludf.DUMMYFUNCTION("""COMPUTED_VALUE"""),"Monday") -> Monday | M23: =IFERROR(__xludf.DUMMYFUNCTION("""COMPUTED_VALUE"""),"MF") -> MF | O23: =IFERROR(__xludf.DUMMYFUNCTION("""COMPUTED_VALUE"""),"") | P23: =IFERROR(__xludf.DUMMYFUNCTION("""COMPUTED_VALUE"""),"") | U23: =IFERROR(__xludf.DUMMYFUNCTION("""COMPUTED_VALUE"""),"") | Z23: =IFERROR(__xludf.DUMMYFUNCTION("""COMPUTED_VALUE"""),"") | AA23: =IFERROR(__xludf.DUMMYFUNCTION("""COMPUTED_VALUE"""),"") | AB23: =IFERROR(__xludf.DUMMYFUNCTION("""COMPUTED_VALUE"""),"")
A24: =IFERROR(__xludf.DUMMYFUNCTION("""COMPUTED_VALUE"""),45915.66044424768) -> 45915.66 | B24: =IFERROR(__xludf.DUMMYFUNCTION("""COMPUTED_VALUE"""),"Emma Korsu") -> Emma Korsu | C24: =IFERROR(__xludf.DUMMYFUNCTION("""COMPUTED_VALUE"""),FALSE) -> FALSE | H24: =IFERROR(__xludf.DUMMYFUNCTION("""COMPUTED_VALUE"""),149.0) -> 149 | J24: =IFERROR(__xludf.DUMMYFUNCTION("""COMPUTED_VALUE"""),"Lunch") -> Lunch | K24: =IFERROR(__xludf.DUMMYFUNCTION("""COMPUTED_VALUE"""),45915.0) -> 45915 | L24: =IFERROR(__xludf.DUMMYFUNCTION("""COMPUTED_VALUE"""),"Monday") -> Monday | M24: =IFERROR(__xludf.DUMMYFUNCTION("""COMPUTED_VALUE"""),"BF") -> BF | O24: =IFERROR(__xludf.DUMMYFUNCTION("""COMPUTED_VALUE"""),"") | P24: =IFERROR(__xludf.DUMMYFUNCTION("""COMPUTED_VALUE"""),"") | U24: =IFERROR(__xludf.DUMMYFUNCTION("""COMPUTED_VALUE"""),"") | Z24: =IFERROR(__xludf.DUMMYFUNCTION("""COMPUTED_VALUE"""),"") | AA24: =IFERROR(__xludf.DUMMYFUNCTION("""COMPUTED_VALUE"""),"") | AB24: =IFERROR(__xludf.DUMMYFUNCTION("""COMPUTED_VALUE"""),"")
A25: =IFERROR(__xludf.DUMMYFUNCTION("""COMPUTED_VALUE"""),45915.765308773145) -> 45915.765 | B25: =IFERROR(__xludf.DUMMYFUNCTION("""COMPUTED_VALUE"""),"Maureen Surgot") -> Maureen Surgot | C25: =IFERROR(__xludf.DUMMYFUNCTION("""COMPUTED_VALUE"""),FALSE) -> FALSE | H25: =IFERROR(__xludf.DUMMYFUNCTION("""COMPUTED_VALUE"""),75.0) -> 75 | J25: =IFERROR(__xludf.DUMMYFUNCTION("""COMPUTED_VALUE"""),"Dinner") -> Dinner | K25: =IFERROR(__xludf.DUMMYFUNCTION("""COMPUTED_VALUE"""),45915.0) -> 45915 | L25: =IFERROR(__xludf.DUMMYFUNCTION("""COMPUTED_VALUE"""),"Monday") -> Monday | M25: =IFERROR(__xludf.DUMMYFUNCTION("""COMPUTED_VALUE"""),"MF") -> MF | O25: =IFERROR(__xludf.DUMMYFUNCTION("""COMPUTED_VALUE"""),"") | P25: =IFERROR(__xludf.DUMMYFUNCTION("""COMPUTED_VALUE"""),"") | U25: =IFERROR(__xludf.DUMMYFUNCTION("""COMPUTED_VALUE"""),"") | Z25: =IFERROR(__xludf.DUMMYFUNCTION("""COMPUTED_VALUE"""),"") | AA25: =IFERROR(__xludf.DUMMYFUNCTION("""COMPUTED_VALUE"""),"") | AB25: =IFERROR(__xludf.DUMMYFUNCTION("""COMPUTED_VALUE"""),"")
A26: =IFERROR(__xludf.DUMMYFUNCTION("""COMPUTED_VALUE"""),45915.876852500005) -> 45915.877 | B26: =IFERROR(__xludf.DUMMYFUNCTION("""COMPUTED_VALUE"""),"Kaylie Forgue") -> Kaylie Forgue | C26: =IFERROR(__xludf.DUMMYFUNCTION("""COMPUTED_VALUE"""),FALSE) -> FALSE | H26: =IFERROR(__xludf.DUMMYFUNCTION("""COMPUTED_VALUE"""),160.0) -> 160 | J26: =IFERROR(__xludf.DUMMYFUNCTION("""COMPUTED_VALUE"""),"Dinner") -> Dinner | K26: =IFERROR(__xludf.DUMMYFUNCTION("""COMPUTED_VALUE"""),45915.0) -> 45915 | L26: =IFERROR(__xludf.DUMMYFUNCTION("""COMPUTED_VALUE"""),"Monday") -> Monday | M26: =IFERROR(__xludf.DUMMYFUNCTION("""COMPUTED_VALUE"""),"BF") -> BF | O26: =IFERROR(__xludf.DUMMYFUNCTION("""COMPUTED_VALUE"""),219.0) -> 219 | P26: =IFERROR(__xludf.DUMMYFUNCTION("""COMPUTED_VALUE"""),422.0) -> 422 | U26: =IFERROR(__xludf.DUMMYFUNCTION("""COMPUTED_VALUE"""),641.0) -> 641 | Z26: =IFERROR(__xludf.DUMMYFUNCTION("""COMPUTED_VALUE"""),4054.0) -> 4054 | AA26: =IFERROR(__xludf.DUMMYFUNCTION("""COMPUTED_VALUE"""),4907.0) -> 4907 | AB26: =IFERROR(__xludf.DUMMYFUNCTION("""COMPUTED_VALUE"""),8961.0) -> 8961
A27: =IFERROR(__xludf.DUMMYFUNCTION("""COMPUTED_VALUE"""),45916.47897631944) -> 45916.479 | B27: =IFERROR(__xludf.DUMMYFUNCTION("""COMPUTED_VALUE"""),"Emmett Khan") -> Emmett Khan | C27: =IFERROR(__xludf.DUMMYFUNCTION("""COMPUTED_VALUE"""),FALSE) -> FALSE | H27: =IFERROR(__xludf.DUMMYFUNCTION("""COMPUTED_VALUE"""),154.0) -> 154 | J27: =IFERROR(__xludf.DUMMYFUNCTION("""COMPUTED_VALUE"""),"Breakfast") -> Breakfast | K27: =IFERROR(__xludf.DUMMYFUNCTION("""COMPUTED_VALUE"""),45916.0) -> 45916 | L27: =IFERROR(__xludf.DUMMYFUNCTION("""COMPUTED_VALUE"""),"Tuesday") -> Tuesday | M27: =IFERROR(__xludf.DUMMYFUNCTION("""COMPUTED_VALUE"""),"BF") -> BF | O27: =IFERROR(__xludf.DUMMYFUNCTION("""COMPUTED_VALUE"""),"") | P27: =IFERROR(__xludf.DUMMYFUNCTION("""COMPUTED_VALUE"""),"") | U27: =IFERROR(__xludf.DUMMYFUNCTION("""COMPUTED_VALUE"""),"") | Z27: =IFERROR(__xludf.DUMMYFUNCTION("""COMPUTED_VALUE"""),"") | AA27: =IFERROR(__xludf.DUMMYFUNCTION("""COMPUTED_VALUE"""),"") | AB27: =IFERROR(__xludf.DUMMYFUNCTION("""COMPUTED_VALUE"""),"")
A28: =IFERROR(__xludf.DUMMYFUNCTION("""COMPUTED_VALUE"""),45916.879491886575) -> 45916.879 | B28: =IFERROR(__xludf.DUMMYFUNCTION("""COMPUTED_VALUE"""),"Kaylie Forgue") -> Kaylie Forgue | C28: =IFERROR(__xludf.DUMMYFUNCTION("""COMPUTED_VALUE"""),FALSE) -> FALSE | H28: =IFERROR(__xludf.DUMMYFUNCTION("""COMPUTED_VALUE"""),88.0) -> 88 | J28: =IFERROR(__xludf.DUMMYFUNCTION("""COMPUTED_VALUE"""),"Dinner") -> Dinner | K28: =IFERROR(__xludf.DUMMYFUNCTION("""COMPUTED_VALUE"""),45916.0) -> 45916 | L28: =IFERROR(__xludf.DUMMYFUNCTION("""COMPUTED_VALUE"""),"Tuesday") -> Tuesday | M28: =IFERROR(__xludf.DUMMYFUNCTION("""COMPUTED_VALUE"""),"BF") -> BF | O28: =IFERROR(__xludf.DUMMYFUNCTION("""COMPUTED_VALUE"""),"") | P28: =IFERROR(__xludf.DUMMYFUNCTION("""COMPUTED_VALUE"""),"") | U28: =IFERROR(__xludf.DUMMYFUNCTION("""COMPUTED_VALUE"""),"") | Z28: =IFERROR(__xludf.DUMMYFUNCTION("""COMPUTED_VALUE"""),"") | AA28: =IFERROR(__xludf.DUMMYFUNCTION("""COMPUTED_VALUE"""),"") | AB28: =IFERROR(__xludf.DUMMYFUNCTION("""COMPUTED_VALUE"""),"")
A29: =IFERROR(__xludf.DUMMYFUNCTION("""COMPUTED_VALUE"""),45916.92792082176) -> 45916.928 | B29: =IFERROR(__xludf.DUMMYFUNCTION("""COMPUTED_VALUE"""),"Maureen Surgot") -> Maureen Surgot | C29: =IFERROR(__xludf.DUMMYFUNCTION("""COMPUTED_VALUE"""),FALSE) -> FALSE | H29: =IFERROR(__xludf.DUMMYFUNCTION("""COMPUTED_VALUE"""),145.0) -> 145 | J29: =IFERROR(__xludf.DUMMYFUNCTION("""COMPUTED_VALUE"""),"Lunch") -> Lunch | K29: =IFERROR(__xludf.DUMMYFUNCTION("""COMPUTED_VALUE"""),45916.0) -> 45916 | L29: =IFERROR(__xludf.DUMMYFUNCTION("""COMPUTED_VALUE"""),"Tuesday") -> Tuesday | M29: =IFERROR(__xludf.DUMMYFUNCTION("""COMPUTED_VALUE"""),"MF") -> MF | O29: =IFERROR(__xludf.DUMMYFUNCTION("""COMPUTED_VALUE"""),145.0) -> 145 | P29: =IFERROR(__xludf.DUMMYFUNCTION("""COMPUTED_VALUE"""),242.0) -> 242 | U29: =IFERROR(__xludf.DUMMYFUNCTION("""COMPUTED_VALUE"""),387.0) -> 387 | Z29: =IFERROR(__xludf.DUMMYFUNCTION("""COMPUTED_VALUE"""),4281.0) -> 4281 | AA29: =IFERROR(__xludf.DUMMYFUNCTION("""COMPUTED_VALUE"""),4201.0) -> 4201 | AB29: =IFERROR(__xludf.DUMMYFUNCTION("""COMPUTED_VALUE"""),8482.0) -> 8482
A30: =IFERROR(__xludf.DUMMYFUNCTION("""COMPUTED_VALUE"""),45917.75257337963) -> 45917.753 | B30: =IFERROR(__xludf.DUMMYFUNCTION("""COMPUTED_VALUE"""),"Sarah Wilme") -> Sarah Wilme | C30: =IFERROR(__xludf.DUMMYFUNCTION("""COMPUTED_VALUE"""),FALSE) -> FALSE | H30: =IFERROR(__xludf.DUMMYFUNCTION("""COMPUTED_VALUE"""),176.0) -> 176 | J30: =IFERROR(__xludf.DUMMYFUNCTION("""COMPUTED_VALUE"""),"Dinner") -> Dinner | K30: =IFERROR(__xludf.DUMMYFUNCTION("""COMPUTED_VALUE"""),45917.0) -> 45917 | L30: =IFERROR(__xludf.DUMMYFUNCTION("""COMPUTED_VALUE"""),"Wednesday") -> Wednesday | M30: =IFERROR(__xludf.DUMMYFUNCTION("""COMPUTED_VALUE"""),"BF") -> BF | O30: =IFERROR(__xludf.DUMMYFUNCTION("""COMPUTED_VALUE"""),"") | P30: =IFERROR(__xludf.DUMMYFUNCTION("""COMPUTED_VALUE"""),"") | U30: =IFERROR(__xludf.DUMMYFUNCTION("""COMPUTED_VALUE"""),"") | Z30: =IFERROR(__xludf.DUMMYFUNCTION("""COMPUTED_VALUE"""),"") | AA30: =IFERROR(__xludf.DUMMYFUNCTION("""COMPUTED_VALUE"""),"") | AB30: =IFERROR(__xludf.DUMMYFUNCTION("""COMPUTED_VALUE"""),"")
A31: =IFERROR(__xludf.DUMMYFUNCTION("""COMPUTED_VALUE"""),45917.755063703706) -> 45917.755 | B31: =IFERROR(__xludf.DUMMYFUNCTION("""COMPUTED_VALUE"""),"Orpheus Wilson") -> Orpheus Wilson | C31: =IFERROR(__xludf.DUMMYFUNCTION("""COMPUTED_VALUE"""),FALSE) -> FALSE | H31: =IFERROR(__xludf.DUMMYFUNCTION("""COMPUTED_VALUE"""),81.0) -> 81 | J31: =IFERROR(__xludf.DUMMYFUNCTION("""COMPUTED_VALUE"""),"Dinner") -> Dinner | K31: =IFERROR(__xludf.DUMMYFUNCTION("""COMPUTED_VALUE"""),45917.0) -> 45917 | L31: =IFERROR(__xludf.DUMMYFUNCTION("""COMPUTED_VALUE"""),"Wednesday") -> Wednesday | M31: =IFERROR(__xludf.DUMMYFUNCTION("""COMPUTED_VALUE"""),"MF") -> MF | O31: =IFERROR(__xludf.DUMMYFUNCTION("""COMPUTED_VALUE"""),"") | P31: =IFERROR(__xludf.DUMMYFUNCTION("""COMPUTED_VALUE"""),"") | U31: =IFERROR(__xludf.DUMMYFUNCTION("""COMPUTED_VALUE"""),"") | Z31: =IFERROR(__xludf.DUMMYFUNCTION("""COMPUTED_VALUE"""),"") | AA31: =IFERROR(__xludf.DUMMYFUNCTION("""COMPUTED_VALUE"""),"") | AB31: =IFERROR(__xludf.DUMMYFUNCTION("""COMPUTED_VALUE"""),"")
A32: =IFERROR(__xludf.DUMMYFUNCTION("""COMPUTED_VALUE"""),45917.86431993055) -> 45917.864 | B32: =IFERROR(__xludf.DUMMYFUNCTION("""COMPUTED_VALUE"""),"Emma Korsu") -> Emma Korsu | C32: =IFERROR(__xludf.DUMMYFUNCTION("""COMPUTED_VALUE"""),FALSE) -> FALSE | H32: =IFERROR(__xludf.DUMMYFUNCTION("""COMPUTED_VALUE"""),175.0) -> 175 | J32: =IFERROR(__xludf.DUMMYFUNCTION("""COMPUTED_VALUE"""),"Dinner") -> Dinner | K32: =IFERROR(__xludf.DUMMYFUNCTION("""COMPUTED_VALUE"""),45917.0) -> 45917 | L32: =IFERROR(__xludf.DUMMYFUNCTION("""COMPUTED_VALUE"""),"Wednesday") -> Wednesday | M32: =IFERROR(__xludf.DUMMYFUNCTION("""COMPUTED_VALUE"""),"BF") -> BF | O32: =IFERROR(__xludf.DUMMYFUNCTION("""COMPUTED_VALUE"""),"") | P32: =IFERROR(__xludf.DUMMYFUNCTION("""COMPUTED_VALUE"""),"") | U32: =IFERROR(__xludf.DUMMYFUNCTION("""COMPUTED_VALUE"""),"") | Z32: =IFERROR(__xludf.DUMMYFUNCTION("""COMPUTED_VALUE"""),"") | AA32: =IFERROR(__xludf.DUMMYFUNCTION("""COMPUTED_VALUE"""),"") | AB32: =IFERROR(__xludf.DUMMYFUNCTION("""COMPUTED_VALUE"""),"")
A33: =IFERROR(__xludf.DUMMYFUNCTION("""COMPUTED_VALUE"""),45917.87650326389) -> 45917.876 | B33: =IFERROR(__xludf.DUMMYFUNCTION("""COMPUTED_VALUE"""),"Kaylie Forgue") -> Kaylie Forgue | C33: =IFERROR(__xludf.DUMMYFUNCTION("""COMPUTED_VALUE"""),FALSE) -> FALSE | H33: =IFERROR(__xludf.DUMMYFUNCTION("""COMPUTED_VALUE"""),93.0) -> 93 | J33: =IFERROR(__xludf.DUMMYFUNCTION("""COMPUTED_VALUE"""),"Dinner") -> Dinner | K33: =IFERROR(__xludf.DUMMYFUNCTION("""COMPUTED_VALUE"""),45917.0) -> 45917 | L33: =IFERROR(__xludf.DUMMYFUNCTION("""COMPUTED_VALUE"""),"Wednesday") -> Wednesday | M33: =IFERROR(__xludf.DUMMYFUNCTION("""COMPUTED_VALUE"""),"MF") -> MF | O33: =IFERROR(__xludf.DUMMYFUNCTION("""COMPUTED_VALUE"""),174.0) -> 174 | P33: =IFERROR(__xludf.DUMMYFUNCTION("""COMPUTED_VALUE"""),351.0) -> 351 | U33: =IFERROR(__xludf.DUMMYFUNCTION("""COMPUTED_VALUE"""),525.0) -> 525 | Z33: =IFERROR(__xludf.DUMMYFUNCTION("""COMPUTED_VALUE"""),3689.0) -> 3689 | AA33: =IFERROR(__xludf.DUMMYFUNCTION("""COMPUTED_VALUE"""),4602.0) -> 4602 | AB33: =IFERROR(__xludf.DUMMYFUNCTION("""COMPUTED_VALUE"""),8291.0) -> 8291
A34: =IFERROR(__xludf.DUMMYFUNCTION("""COMPUTED_VALUE"""),45918.559144467596) -> 45918.559 | B34: =IFERROR(__xludf.DUMMYFUNCTION("""COMPUTED_VALUE"""),"Maureen Surgot") -> Maureen Surgot | C34: =IFERROR(__xludf.DUMMYFUNCTION("""COMPUTED_VALUE"""),FALSE) -> FALSE | H34: =IFERROR(__xludf.DUMMYFUNCTION("""COMPUTED_VALUE"""),40.0) -> 40 | J34: =IFERROR(__xludf.DUMMYFUNCTION("""COMPUTED_VALUE"""),"Lunch") -> Lunch | K34: =IFERROR(__xludf.DUMMYFUNCTION("""COMPUTED_VALUE"""),45918.0) -> 45918 | L34: =IFERROR(__xludf.DUMMYFUNCTION("""COMPUTED_VALUE"""),"Thursday") -> Thursday | M34: =IFERROR(__xludf.DUMMYFUNCTION("""COMPUTED_VALUE"""),"MF") -> MF | O34: =IFERROR(__xludf.DUMMYFUNCTION("""COMPUTED_VALUE"""),"") | P34: =IFERROR(__xludf.DUMMYFUNCTION("""COMPUTED_VALUE"""),"") | U34: =IFERROR(__xludf.DUMMYFUNCTION("""COMPUTED_VALUE"""),"") | Z34: =IFERROR(__xludf.DUMMYFUNCTION("""COMPUTED_VALUE"""),"") | AA34: =IFERROR(__xludf.DUMMYFUNCTION("""COMPUTED_VALUE"""),"") | AB34: =IFERROR(__xludf.DUMMYFUNCTION("""COMPUTED_VALUE"""),"")
A35: =IFERROR(__xludf.DUMMYFUNCTION("""COMPUTED_VALUE"""),45918.632892291665) -> 45918.633 | B35: =IFERROR(__xludf.DUMMYFUNCTION("""COMPUTED_VALUE"""),"Brynn Hornig") -> Brynn Hornig | C35: =IFERROR(__xludf.DUMMYFUNCTION("""COMPUTED_VALUE"""),FALSE) -> FALSE | H35: =IFERROR(__xludf.DUMMYFUNCTION("""COMPUTED_VALUE"""),91.0) -> 91 | J35: =IFERROR(__xludf.DUMMYFUNCTION("""COMPUTED_VALUE"""),"Lunch") -> Lunch | K35: =IFERROR(__xludf.DUMMYFUNCTION("""COMPUTED_VALUE"""),45918.0) -> 45918 | L35: =IFERROR(__xludf.DUMMYFUNCTION("""COMPUTED_VALUE"""),"Thursday") -> Thursday | M35: =IFERROR(__xludf.DUMMYFUNCTION("""COMPUTED_VALUE"""),"MF") -> MF | O35: =IFERROR(__xludf.DUMMYFUNCTION("""COMPUTED_VALUE"""),"") | P35: =IFERROR(__xludf.DUMMYFUNCTION("""COMPUTED_VALUE"""),"") | U35: =IFERROR(__xludf.DUMMYFUNCTION("""COMPUTED_VALUE"""),"") | Z35: =IFERROR(__xludf.DUMMYFUNCTION("""COMPUTED_VALUE"""),"") | AA35: =IFERROR(__xludf.DUMMYFUNCTION("""COMPUTED_VALUE"""),"") | AB35: =IFERROR(__xludf.DUMMYFUNCTION("""COMPUTED_VALUE"""),"")
A36: =IFERROR(__xludf.DUMMYFUNCTION("""COMPUTED_VALUE"""),45918.7547064699) -> 45918.755 | B36: =IFERROR(__xludf.DUMMYFUNCTION("""COMPUTED_VALUE"""),"Leisly Aceituno") -> Leisly Aceituno | C36: =IFERROR(__xludf.DUMMYFUNCTION("""COMPUTED_VALUE"""),FALSE) -> FALSE | H36: =IFERROR(__xludf.DUMMYFUNCTION("""COMPUTED_VALUE"""),13.0) -> 13 | J36: =IFERROR(__xludf.DUMMYFUNCTION("""COMPUTED_VALUE"""),"Lunch") -> Lunch | K36: =IFERROR(__xludf.DUMMYFUNCTION("""COMPUTED_VALUE"""),45918.0) -> 45918 | L36: =IFERROR(__xludf.DUMMYFUNCTION("""COMPUTED_VALUE"""),"Thursday") -> Thursday | M36: =IFERROR(__xludf.DUMMYFUNCTION("""COMPUTED_VALUE"""),"MF") -> MF | O36: =IFERROR(__xludf.DUMMYFUNCTION("""COMPUTED_VALUE"""),"") | P36: =IFERROR(__xludf.DUMMYFUNCTION("""COMPUTED_VALUE"""),"") | U36: =IFERROR(__xludf.DUMMYFUNCTION("""COMPUTED_VALUE"""),"") | Z36: =IFERROR(__xludf.DUMMYFUNCTION("""COMPUTED_VALUE"""),"") | AA36: =IFERROR(__xludf.DUMMYFUNCTION("""COMPUTED_VALUE"""),"") | AB36: =IFERROR(__xludf.DUMMYFUNCTION("""COMPUTED_VALUE"""),"")
A37: =IFERROR(__xludf.DUMMYFUNCTION("""COMPUTED_VALUE"""),45918.86398947917) -> 45918.864 | B37: =IFERROR(__xludf.DUMMYFUNCTION("""COMPUTED_VALUE"""),"Leisly Aceituno") -> Leisly Aceituno | C37: =IFERROR(__xludf.DUMMYFUNCTION("""COMPUTED_VALUE"""),TRUE) -> TRUE | H37: =IFERROR(__xludf.DUMMYFUNCTION("""COMPUTED_VALUE"""),219.0) -> 219 | J37: =IFERROR(__xludf.DUMMYFUNCTION("""COMPUTED_VALUE"""),"Dinner") -> Dinner | K37: =IFERROR(__xludf.DUMMYFUNCTION("""COMPUTED_VALUE"""),45918.0) -> 45918 | L37: =IFERROR(__xludf.DUMMYFUNCTION("""COMPUTED_VALUE"""),"Thursday") -> Thursday | M37: =IFERROR(__xludf.DUMMYFUNCTION("""COMPUTED_VALUE"""),"BF") -> BF | O37: =IFERROR(__xludf.DUMMYFUNCTION("""COMPUTED_VALUE"""),144.0) -> 144 | P37: =IFERROR(__xludf.DUMMYFUNCTION("""COMPUTED_VALUE"""),219.0) -> 219 | U37: =IFERROR(__xludf.DUMMYFUNCTION("""COMPUTED_VALUE"""),363.0) -> 363 | Z37: =IFERROR(__xludf.DUMMYFUNCTION("""COMPUTED_VALUE"""),3312.0) -> 3312 | AA37: =IFERROR(__xludf.DUMMYFUNCTION("""COMPUTED_VALUE"""),4602.0) -> 4602 | AB37: =IFERROR(__xludf.DUMMYFUNCTION("""COMPUTED_VALUE"""),7914.0) -> 7914
A38: =IFERROR(__xludf.DUMMYFUNCTION("""COMPUTED_VALUE"""),45919.55186388889) -> 45919.552 | B38: =IFERROR(__xludf.DUMMYFUNCTION("""COMPUTED_VALUE"""),"Orpheus Wilson") -> Orpheus Wilson | C38: =IFERROR(__xludf.DUMMYFUNCTION("""COMPUTED_VALUE"""),FALSE) -> FALSE | H38: =IFERROR(__xludf.DUMMYFUNCTION("""COMPUTED_VALUE"""),119.0) -> 119 | J38: =IFERROR(__xludf.DUMMYFUNCTION("""COMPUTED_VALUE"""),"Lunch") -> Lunch | K38: =IFERROR(__xludf.DUMMYFUNCTION("""COMPUTED_VALUE"""),45919.0) -> 45919 | L38: =IFERROR(__xludf.DUMMYFUNCTION("""COMPUTED_VALUE"""),"Friday") -> Friday | M38: =IFERROR(__xludf.DUMMYFUNCTION("""COMPUTED_VALUE"""),"MF") -> MF | O38: =IFERROR(__xludf.DUMMYFUNCTION("""COMPUTED_VALUE"""),"") | P38: =IFERROR(__xludf.DUMMYFUNCTION("""COMPUTED_VALUE"""),"") | U38: =IFERROR(__xludf.DUMMYFUNCTION("""COMPUTED_VALUE"""),"") | Z38: =IFERROR(__xludf.DUMMYFUNCTION("""COMPUTED_VALUE"""),"") | AA38: =IFERROR(__xludf.DUMMYFUNCTION("""COMPUTED_VALUE"""),"") | AB38: =IFERROR(__xludf.DUMMYFUNCTION("""COMPUTED_VALUE"""),"")
A39: =IFERROR(__xludf.DUMMYFUNCTION("""COMPUTED_VALUE"""),45919.63236960648) -> 45919.632 | B39: =IFERROR(__xludf.DUMMYFUNCTION("""COMPUTED_VALUE"""),"Brynn Hornig") -> Brynn Hornig | C39: =IFERROR(__xludf.DUMMYFUNCTION("""COMPUTED_VALUE"""),FALSE) -> FALSE | H39: =IFERROR(__xludf.DUMMYFUNCTION("""COMPUTED_VALUE"""),32.0) -> 32 | J39: =IFERROR(__xludf.DUMMYFUNCTION("""COMPUTED_VALUE"""),"Lunch") -> Lunch | K39: =IFERROR(__xludf.DUMMYFUNCTION("""COMPUTED_VALUE"""),45919.0) -> 45919 | L39: =IFERROR(__xludf.DUMMYFUNCTION("""COMPUTED_VALUE"""),"Friday") -> Friday | M39: =IFERROR(__xludf.DUMMYFUNCTION("""COMPUTED_VALUE"""),"MF") -> MF | O39: =IFERROR(__xludf.DUMMYFUNCTION("""COMPUTED_VALUE"""),"") | P39: =IFERROR(__xludf.DUMMYFUNCTION("""COMPUTED_VALUE"""),"") | U39: =IFERROR(__xludf.DUMMYFUNCTION("""COMPUTED_VALUE"""),"") | Z39: =IFERROR(__xludf.DUMMYFUNCTION("""COMPUTED_VALUE"""),"") | AA39: =IFERROR(__xludf.DUMMYFUNCTION("""COMPUTED_VALUE"""),"") | AB39: =IFERROR(__xludf.DUMMYFUNCTION("""COMPUTED_VALUE"""),"")
A40: =IFERROR(__xludf.DUMMYFUNCTION("""COMPUTED_VALUE"""),45919.63291083333) -> 45919.633 | B40: =IFERROR(__xludf.DUMMYFUNCTION("""COMPUTED_VALUE"""),"Brynn Hornig") -> Brynn Hornig | C40: =IFERROR(__xludf.DUMMYFUNCTION("""COMPUTED_VALUE"""),TRUE) -> TRUE | H40: =IFERROR(__xludf.DUMMYFUNCTION("""COMPUTED_VALUE"""),51.0) -> 51 | J40: =IFERROR(__xludf.DUMMYFUNCTION("""COMPUTED_VALUE"""),"Lunch") -> Lunch | K40: =IFERROR(__xludf.DUMMYFUNCTION("""COMPUTED_VALUE"""),45919.0) -> 45919 | L40: =IFERROR(__xludf.DUMMYFUNCTION("""COMPUTED_VALUE"""),"Friday") -> Friday | M40: =IFERROR(__xludf.DUMMYFUNCTION("""COMPUTED_VALUE"""),"MF") -> MF | O40: =IFERROR(__xludf.DUMMYFUNCTION("""COMPUTED_VALUE"""),"") | P40: =IFERROR(__xludf.DUMMYFUNCTION("""COMPUTED_VALUE"""),"") | U40: =IFERROR(__xludf.DUMMYFUNCTION("""COMPUTED_VALUE"""),"") | Z40: =IFERROR(__xludf.DUMMYFUNCTION("""COMPUTED_VALUE"""),"") | AA40: =IFERROR(__xludf.DUMMYFUNCTION("""COMPUTED_VALUE"""),"") | AB40: =IFERROR(__xludf.DUMMYFUNCTION("""COMPUTED_VALUE"""),"")
A41: =IFERROR(__xludf.DUMMYFUNCTION("""COMPUTED_VALUE"""),45919.82117696759) -> 45919.821 | B41: =IFERROR(__xludf.DUMMYFUNCTION("""COMPUTED_VALUE"""),"Emmett Khan") -> Emmett Khan | C41: =IFERROR(__xludf.DUMMYFUNCTION("""COMPUTED_VALUE"""),FALSE) -> FALSE | H41: =IFERROR(__xludf.DUMMYFUNCTION("""COMPUTED_VALUE"""),194.0) -> 194 | J41: =IFERROR(__xludf.DUMMYFUNCTION("""COMPUTED_VALUE"""),"Dinner") -> Dinner | K41: =IFERROR(__xludf.DUMMYFUNCTION("""COMPUTED_VALUE"""),45919.0) -> 45919 | L41: =IFERROR(__xludf.DUMMYFUNCTION("""COMPUTED_VALUE"""),"Friday") -> Friday | M41: =IFERROR(__xludf.DUMMYFUNCTION("""COMPUTED_VALUE"""),"MF") -> MF | O41: =IFERROR(__xludf.DUMMYFUNCTION("""COMPUTED_VALUE"""),"") | P41: =IFERROR(__xludf.DUMMYFUNCTION("""COMPUTED_VALUE"""),"") | U41: =IFERROR(__xludf.DUMMYFUNCTION("""COMPUTED_VALUE"""),"") | Z41: =IFERROR(__xludf.DUMMYFUNCTION("""COMPUTED_VALUE"""),"") | AA41: =IFERROR(__xludf.DUMMYFUNCTION("""COMPUTED_VALUE"""),"") | AB41: =IFERROR(__xludf.DUMMYFUNCTION("""COMPUTED_VALUE"""),"")
A42: =IFERROR(__xludf.DUMMYFUNCTION("""COMPUTED_VALUE"""),45919.82170025463) -> 45919.822 | B42: =IFERROR(__xludf.DUMMYFUNCTION("""COMPUTED_VALUE"""),"Emmett Khan") -> Emmett Khan | C42: =IFERROR(__xludf.DUMMYFUNCTION("""COMPUTED_VALUE"""),TRUE) -> TRUE | H42: =IFERROR(__xludf.DUMMYFUNCTION("""COMPUTED_VALUE"""),209.0) -> 209 | J42: =IFERROR(__xludf.DUMMYFUNCTION("""COMPUTED_VALUE"""),"Dinner") -> Dinner | K42: =IFERROR(__xludf.DUMMYFUNCTION("""COMPUTED_VALUE"""),45919.0) -> 45919 | L42: =IFERROR(__xludf.DUMMYFUNCTION("""COMPUTED_VALUE"""),"Friday") -> Friday | M42: =IFERROR(__xludf.DUMMYFUNCTION("""COMPUTED_VALUE"""),"MF") -> MF | O42: =IFERROR(__xludf.DUMMYFUNCTION("""COMPUTED_VALUE"""),605.0) -> 605 | P42: =IFERROR(__xludf.DUMMYFUNCTION("""COMPUTED_VALUE"""),"") | U42: =IFERROR(__xludf.DUMMYFUNCTION("""COMPUTED_VALUE"""),605.0) -> 605 | Z42: =IFERROR(__xludf.DUMMYFUNCTION("""COMPUTED_VALUE"""),3956.0) -> 3956 | AA42: =IFERROR(__xludf.DUMMYFUNCTION("""COMPUTED_VALUE"""),2325.0) -> 2325 | AB42: =IFERROR(__xludf.DUMMYFUNCTION("""COMPUTED_VALUE"""),6281.0) -> 6281
A43: =IFERROR(__xludf.DUMMYFUNCTION("""COMPUTED_VALUE"""),45922.435571458336) -> 45922.436 | B43: =IFERROR(__xludf.DUMMYFUNCTION("""COMPUTED_VALUE"""),"Sarah Wilme") -> Sarah Wilme | C43: =IFERROR(__xludf.DUMMYFUNCTION("""COMPUTED_VALUE"""),FALSE) -> FALSE | H43: =IFERROR(__xludf.DUMMYFUNCTION("""COMPUTED_VALUE"""),120.0) -> 120 | J43: =IFERROR(__xludf.DUMMYFUNCTION("""COMPUTED_VALUE"""),"Breakfast") -> Breakfast | K43: =IFERROR(__xludf.DUMMYFUNCTION("""COMPUTED_VALUE"""),45922.0) -> 45922 | L43: =IFERROR(__xludf.DUMMYFUNCTION("""COMPUTED_VALUE"""),"Monday") -> Monday | M43: =IFERROR(__xludf.DUMMYFUNCTION("""COMPUTED_VALUE"""),"BF") -> BF | O43: =IFERROR(__xludf.DUMMYFUNCTION("""COMPUTED_VALUE"""),"") | P43: =IFERROR(__xludf.DUMMYFUNCTION("""COMPUTED_VALUE"""),"") | U43: =IFERROR(__xludf.DUMMYFUNCTION("""COMPUTED_VALUE"""),"") | Z43: =IFERROR(__xludf.DUMMYFUNCTION("""COMPUTED_VALUE"""),"") | AA43: =IFERROR(__xludf.DUMMYFUNCTION("""COMPUTED_VALUE"""),"") | AB43: =IFERROR(__xludf.DUMMYFUNCTION("""COMPUTED_VALUE"""),"")
A44: =IFERROR(__xludf.DUMMYFUNCTION("""COMPUTED_VALUE"""),45922.53053712963) -> 45922.531 | B44: =IFERROR(__xludf.DUMMYFUNCTION("""COMPUTED_VALUE"""),"Orpheus Wilson") -> Orpheus Wilson | C44: =IFERROR(__xludf.DUMMYFUNCTION("""COMPUTED_VALUE"""),FALSE) -> FALSE | H44: =IFERROR(__xludf.DUMMYFUNCTION("""COMPUTED_VALUE"""),91.0) -> 91 | J44: =IFERROR(__xludf.DUMMYFUNCTION("""COMPUTED_VALUE"""),"Lunch") -> Lunch | K44: =IFERROR(__xludf.DUMMYFUNCTION("""COMPUTED_VALUE"""),45922.0) -> 45922 | L44: =IFERROR(__xludf.DUMMYFUNCTION("""COMPUTED_VALUE"""),"Monday") -> Monday | M44: =IFERROR(__xludf.DUMMYFUNCTION("""COMPUTED_VALUE"""),"MF") -> MF | O44: =IFERROR(__xludf.DUMMYFUNCTION("""COMPUTED_VALUE"""),"") | P44: =IFERROR(__xludf.DUMMYFUNCTION("""COMPUTED_VALUE"""),"") | U44: =IFERROR(__xludf.DUMMYFUNCTION("""COMPUTED_VALUE"""),"") | Z44: =IFERROR(__xludf.DUMMYFUNCTION("""COMPUTED_VALUE"""),"") | AA44: =IFERROR(__xludf.DUMMYFUNCTION("""COMPUTED_VALUE"""),"") | AB44: =IFERROR(__xludf.DUMMYFUNCTION("""COMPUTED_VALUE"""),"")
A45: =IFERROR(__xludf.DUMMYFUNCTION("""COMPUTED_VALUE"""),45922.565964814814) -> 45922.566 | B45: =IFERROR(__xludf.DUMMYFUNCTION("""COMPUTED_VALUE"""),"Orpheus Wilson") -> Orpheus Wilson | C45: =IFERROR(__xludf.DUMMYFUNCTION("""COMPUTED_VALUE"""),TRUE) -> TRUE | H45: =IFERROR(__xludf.DUMMYFUNCTION("""COMPUTED_VALUE"""),44.0) -> 44 | J45: =IFERROR(__xludf.DUMMYFUNCTION("""COMPUTED_VALUE"""),"Lunch") -> Lunch | K45: =IFERROR(__xludf.DUMMYFUNCTION("""COMPUTED_VALUE"""),45922.0) -> 45922 | L45: =IFERROR(__xludf.DUMMYFUNCTION("""COMPUTED_VALUE"""),"Monday") -> Monday | M45: =IFERROR(__xludf.DUMMYFUNCTION("""COMPUTED_VALUE"""),"MF") -> MF | O45: =IFERROR(__xludf.DUMMYFUNCTION("""COMPUTED_VALUE"""),"") | P45: =IFERROR(__xludf.DUMMYFUNCTION("""COMPUTED_VALUE"""),"") | U45: =IFERROR(__xludf.DUMMYFUNCTION("""COMPUTED_VALUE"""),"") | Z45: =IFERROR(__xludf.DUMMYFUNCTION("""COMPUTED_VALUE"""),"") | AA45: =IFERROR(__xludf.DUMMYFUNCTION("""COMPUTED_VALUE"""),"") | AB45: =IFERROR(__xludf.DUMMYFUNCTION("""COMPUTED_VALUE"""),"")
A46: =IFERROR(__xludf.DUMMYFUNCTION("""COMPUTED_VALUE"""),45922.58245300926) -> 45922.582 | B46: =IFERROR(__xludf.DUMMYFUNCTION("""COMPUTED_VALUE"""),"Emma Korsu") -> Emma Korsu | C46: =IFERROR(__xludf.DUMMYFUNCTION("""COMPUTED_VALUE"""),FALSE) -> FALSE | H46: =IFERROR(__xludf.DUMMYFUNCTION("""COMPUTED_VALUE"""),6.0) -> 6 | J46: =IFERROR(__xludf.DUMMYFUNCTION("""COMPUTED_VALUE"""),"Lunch") -> Lunch | K46: =IFERROR(__xludf.DUMMYFUNCTION("""COMPUTED_VALUE"""),45922.0) -> 45922 | L46: =IFERROR(__xludf.DUMMYFUNCTION("""COMPUTED_VALUE"""),"Monday") -> Monday | M46: =IFERROR(__xludf.DUMMYFUNCTION("""COMPUTED_VALUE"""),"BF") -> BF | O46: =IFERROR(__xludf.DUMMYFUNCTION("""COMPUTED_VALUE"""),"") | P46: =IFERROR(__xludf.DUMMYFUNCTION("""COMPUTED_VALUE"""),"") | U46: =IFERROR(__xludf.DUMMYFUNCTION("""COMPUTED_VALUE"""),"") | Z46: =IFERROR(__xludf.DUMMYFUNCTION("""COMPUTED_VALUE"""),"") | AA46: =IFERROR(__xludf.DUMMYFUNCTION("""COMPUTED_VALUE"""),"") | AB46: =IFERROR(__xludf.DUMMYFUNCTION("""COMPUTED_VALUE"""),"")
A47: =IFERROR(__xludf.DUMMYFUNCTION("""COMPUTED_VALUE"""),45922.63356635417) -> 45922.634 | B47: =IFERROR(__xludf.DUMMYFUNCTION("""COMPUTED_VALUE"""),"Greta Traynor") -> Greta Traynor | C47: =IFERROR(__xludf.DUMMYFUNCTION("""COMPUTED_VALUE"""),FALSE) -> FALSE | H47: =IFERROR(__xludf.DUMMYFUNCTION("""COMPUTED_VALUE"""),59.0) -> 59 | J47: =IFERROR(__xludf.DUMMYFUNCTION("""COMPUTED_VALUE"""),"Lunch") -> Lunch | K47: =IFERROR(__xludf.DUMMYFUNCTION("""COMPUTED_VALUE"""),45922.0) -> 45922 | L47: =IFERROR(__xludf.DUMMYFUNCTION("""COMPUTED_VALUE"""),"Monday") -> Monday | M47: =IFERROR(__xludf.DUMMYFUNCTION("""COMPUTED_VALUE"""),"MF") -> MF | O47: =IFERROR(__xludf.DUMMYFUNCTION("""COMPUTED_VALUE"""),"") | P47: =IFERROR(__xludf.DUMMYFUNCTION("""COMPUTED_VALUE"""),"") | U47: =IFERROR(__xludf.DUMMYFUNCTION("""COMPUTED_VALUE"""),"") | Z47: =IFERROR(__xludf.DUMMYFUNCTION("""COMPUTED_VALUE"""),"") | AA47: =IFERROR(__xludf.DUMMYFUNCTION("""COMPUTED_VALUE"""),"") | AB47: =IFERROR(__xludf.DUMMYFUNCTION("""COMPUTED_VALUE"""),"")
A48: =IFERROR(__xludf.DUMMYFUNCTION("""COMPUTED_VALUE"""),45922.65271378472) -> 45922.653 | B48: =IFERROR(__xludf.DUMMYFUNCTION("""COMPUTED_VALUE"""),"Emma Korsu") -> Emma Korsu | C48: =IFERROR(__xludf.DUMMYFUNCTION("""COMPUTED_VALUE"""),FALSE) -> FALSE | H48: =IFERROR(__xludf.DUMMYFUNCTION("""COMPUTED_VALUE"""),111.0) -> 111 | J48: =IFERROR(__xludf.DUMMYFUNCTION("""COMPUTED_VALUE"""),"Lunch") -> Lunch | K48: =IFERROR(__xludf.DUMMYFUNCTION("""COMPUTED_VALUE"""),45922.0) -> 45922 | L48: =IFERROR(__xludf.DUMMYFUNCTION("""COMPUTED_VALUE"""),"Monday") -> Monday | M48: =IFERROR(__xludf.DUMMYFUNCTION("""COMPUTED_VALUE"""),"BF") -> BF | O48: =IFERROR(__xludf.DUMMYFUNCTION("""COMPUTED_VALUE"""),"") | P48: =IFERROR(__xludf.DUMMYFUNCTION("""COMPUTED_VALUE"""),"") | U48: =IFERROR(__xludf.DUMMYFUNCTION("""COMPUTED_VALUE"""),"") | Z48: =IFERROR(__xludf.DUMMYFUNCTION("""COMPUTED_VALUE"""),"") | AA48: =IFERROR(__xludf.DUMMYFUNCTION("""COMPUTED_VALUE"""),"") | AB48: =IFERROR(__xludf.DUMMYFUNCTION("""COMPUTED_VALUE"""),"")
A49: =IFERROR(__xludf.DUMMYFUNCTION("""COMPUTED_VALUE"""),45922.76708179398) -> 45922.767 | B49: =IFERROR(__xludf.DUMMYFUNCTION("""COMPUTED_VALUE"""),"Maureen Surgot") -> Maureen Surgot | C49: =IFERROR(__xludf.DUMMYFUNCTION("""COMPUTED_VALUE"""),FALSE) -> FALSE | H49: =IFERROR(__xludf.DUMMYFUNCTION("""COMPUTED_VALUE"""),98.0) -> 98 | J49: =IFERROR(__xludf.DUMMYFUNCTION("""COMPUTED_VALUE"""),"Dinner") -> Dinner | K49: =IFERROR(__xludf.DUMMYFUNCTION("""COMPUTED_VALUE"""),45922.0) -> 45922 | L49: =IFERROR(__xludf.DUMMYFUNCTION("""COMPUTED_VALUE"""),"Monday") -> Monday | M49: =IFERROR(__xludf.DUMMYFUNCTION("""COMPUTED_VALUE"""),"MF") -> MF | O49: =IFERROR(__xludf.DUMMYFUNCTION("""COMPUTED_VALUE"""),"") | P49: =IFERROR(__xludf.DUMMYFUNCTION("""COMPUTED_VALUE"""),"") | U49: =IFERROR(__xludf.DUMMYFUNCTION("""COMPUTED_VALUE"""),"") | Z49: =IFERROR(__xludf.DUMMYFUNCTION("""COMPUTED_VALUE"""),"") | AA49: =IFERROR(__xludf.DUMMYFUNCTION("""COMPUTED_VALUE"""),"") | AB49: =IFERROR(__xludf.DUMMYFUNCTION("""COMPUTED_VALUE"""),"")
A50: =IFERROR(__xludf.DUMMYFUNCTION("""COMPUTED_VALUE"""),45922.857415879625) -> 45922.857 | B50: =IFERROR(__xludf.DUMMYFUNCTION("""COMPUTED_VALUE"""),"Kaylie Forgue") -> Kaylie Forgue | C50: =IFERROR(__xludf.DUMMYFUNCTION("""COMPUTED_VALUE"""),FALSE) -> FALSE | H50: =IFERROR(__xludf.DUMMYFUNCTION("""COMPUTED_VALUE"""),175.0) -> 175 | J50: =IFERROR(__xludf.DUMMYFUNCTION("""COMPUTED_VALUE"""),"Dinner") -> Dinner | K50: =IFERROR(__xludf.DUMMYFUNCTION("""COMPUTED_VALUE"""),45922.0) -> 45922 | L50: =IFERROR(__xludf.DUMMYFUNCTION("""COMPUTED_VALUE"""),"Monday") -> Monday | M50: =IFERROR(__xludf.DUMMYFUNCTION("""COMPUTED_VALUE"""),"BF") -> BF | O50: =IFERROR(__xludf.DUMMYFUNCTION("""COMPUTED_VALUE"""),292.0) -> 292 | P50: =IFERROR(__xludf.DUMMYFUNCTION("""COMPUTED_VALUE"""),412.0) -> 412 | U50: =IFERROR(__xludf.DUMMYFUNCTION("""COMPUTED_VALUE"""),704.0) -> 704 | Z50: =IFERROR(__xludf.DUMMYFUNCTION("""COMPUTED_VALUE"""),4333.0) -> 4333 | AA50: =IFERROR(__xludf.DUMMYFUNCTION("""COMPUTED_VALUE"""),4483.0) -> 4483 | AB50: =IFERROR(__xludf.DUMMYFUNCTION("""COMPUTED_VALUE"""),8816.0) -> 8816
A51: =IFERROR(__xludf.DUMMYFUNCTION("""COMPUTED_VALUE"""),45923.48443877314) -> 45923.484 | B51: =IFERROR(__xludf.DUMMYFUNCTION("""COMPUTED_VALUE"""),"Emmett Khan") -> Emmett Khan | C51: =IFERROR(__xludf.DUMMYFUNCTION("""COMPUTED_VALUE"""),FALSE) -> FALSE | H51: =IFERROR(__xludf.DUMMYFUNCTION("""COMPUTED_VALUE"""),163.0) -> 163 | J51: =IFERROR(__xludf.DUMMYFUNCTION("""COMPUTED_VALUE"""),"Breakfast") -> Breakfast | K51: =IFERROR(__xludf.DUMMYFUNCTION("""COMPUTED_VALUE"""),45923.0) -> 45923 | L51: =IFERROR(__xludf.DUMMYFUNCTION("""COMPUTED_VALUE"""),"Tuesday") -> Tuesday | M51: =IFERROR(__xludf.DUMMYFUNCTION("""COMPUTED_VALUE"""),"BF") -> BF | O51: =IFERROR(__xludf.DUMMYFUNCTION("""COMPUTED_VALUE"""),"") | P51: =IFERROR(__xludf.DUMMYFUNCTION("""COMPUTED_VALUE"""),"") | U51: =IFERROR(__xludf.DUMMYFUNCTION("""COMPUTED_VALUE"""),"") | Z51: =IFERROR(__xludf.DUMMYFUNCTION("""COMPUTED_VALUE"""),"") | AA51: =IFERROR(__xludf.DUMMYFUNCTION("""COMPUTED_VALUE"""),"") | AB51: =IFERROR(__xludf.DUMMYFUNCTION("""COMPUTED_VALUE"""),"")
A52: =IFERROR(__xludf.DUMMYFUNCTION("""COMPUTED_VALUE"""),45923.63142774305) -> 45923.631 | B52: =IFERROR(__xludf.DUMMYFUNCTION("""COMPUTED_VALUE"""),"Maureen Surgot") -> Maureen Surgot | C52: =IFERROR(__xludf.DUMMYFUNCTION("""COMPUTED_VALUE"""),FALSE) -> FALSE | H52: =IFERROR(__xludf.DUMMYFUNCTION("""COMPUTED_VALUE"""),195.0) -> 195 | J52: =IFERROR(__xludf.DUMMYFUNCTION("""COMPUTED_VALUE"""),"Lunch") -> Lunch | K52: =IFERROR(__xludf.DUMMYFUNCTION("""COMPUTED_VALUE"""),45923.0) -> 45923 | L52: =IFERROR(__xludf.DUMMYFUNCTION("""COMPUTED_VALUE"""),"Tuesday") -> Tuesday | M52: =IFERROR(__xludf.DUMMYFUNCTION("""COMPUTED_VALUE"""),"MF") -> MF | O52: =IFERROR(__xludf.DUMMYFUNCTION("""COMPUTED_VALUE"""),"") | P52: =IFERROR(__xludf.DUMMYFUNCTION("""COMPUTED_VALUE"""),"") | U52: =IFERROR(__xludf.DUMMYFUNCTION("""COMPUTED_VALUE"""),"") | Z52: =IFERROR(__xludf.DUMMYFUNCTION("""COMPUTED_VALUE"""),"") | AA52: =IFERROR(__xludf.DUMMYFUNCTION("""COMPUTED_VALUE"""),"") | AB52: =IFERROR(__xludf.DUMMYFUNCTION("""COMPUTED_VALUE"""),"")
A53: =IFERROR(__xludf.DUMMYFUNCTION("""COMPUTED_VALUE"""),45923.65502604167) -> 45923.655 | B53: =IFERROR(__xludf.DUMMYFUNCTION("""COMPUTED_VALUE"""),"Brynn Hornig") -> Brynn Hornig | C53: =IFERROR(__xludf.DUMMYFUNCTION("""COMPUTED_VALUE"""),FALSE) -> FALSE | H53: =IFERROR(__xludf.DUMMYFUNCTION("""COMPUTED_VALUE"""),151.0) -> 151 | J53: =IFERROR(__xludf.DUMMYFUNCTION("""COMPUTED_VALUE"""),"Lunch") -> Lunch | K53: =IFERROR(__xludf.DUMMYFUNCTION("""COMPUTED_VALUE"""),45923.0) -> 45923 | L53: =IFERROR(__xludf.DUMMYFUNCTION("""COMPUTED_VALUE"""),"Tuesday") -> Tuesday | M53: =IFERROR(__xludf.DUMMYFUNCTION("""COMPUTED_VALUE"""),"BF") -> BF | O53: =IFERROR(__xludf.DUMMYFUNCTION("""COMPUTED_VALUE"""),"") | P53: =IFERROR(__xludf.DUMMYFUNCTION("""COMPUTED_VALUE"""),"") | U53: =IFERROR(__xludf.DUMMYFUNCTION("""COMPUTED_VALUE"""),"") | Z53: =IFERROR(__xludf.DUMMYFUNCTION("""COMPUTED_VALUE"""),"") | AA53: =IFERROR(__xludf.DUMMYFUNCTION("""COMPUTED_VALUE"""),"") | AB53: =IFERROR(__xludf.DUMMYFUNCTION("""COMPUTED_VALUE"""),"")
A54: =IFERROR(__xludf.DUMMYFUNCTION("""COMPUTED_VALUE"""),45923.65543758102) -> 45923.655 | B54: =IFERROR(__xludf.DUMMYFUNCTION("""COMPUTED_VALUE"""),"Brynn Hornig") -> Brynn Hornig | C54: =IFERROR(__xludf.DUMMYFUNCTION("""COMPUTED_VALUE"""),TRUE) -> TRUE | H54: =IFERROR(__xludf.DUMMYFUNCTION("""COMPUTED_VALUE"""),28.0) -> 28 | J54: =IFERROR(__xludf.DUMMYFUNCTION("""COMPUTED_VALUE"""),"Lunch") -> Lunch | K54: =IFERROR(__xludf.DUMMYFUNCTION("""COMPUTED_VALUE"""),45923.0) -> 45923 | L54: =IFERROR(__xludf.DUMMYFUNCTION("""COMPUTED_VALUE"""),"Tuesday") -> Tuesday | M54: =IFERROR(__xludf.DUMMYFUNCTION("""COMPUTED_VALUE"""),"BF") -> BF | O54: =IFERROR(__xludf.DUMMYFUNCTION("""COMPUTED_VALUE"""),"") | P54: =IFERROR(__xludf.DUMMYFUNCTION("""COMPUTED_VALUE"""),"") | U54: =IFERROR(__xludf.DUMMYFUNCTION("""COMPUTED_VALUE"""),"") | Z54: =IFERROR(__xludf.DUMMYFUNCTION("""COMPUTED_VALUE"""),"") | AA54: =IFERROR(__xludf.DUMMYFUNCTION("""COMPUTED_VALUE"""),"") | AB54: =IFERROR(__xludf.DUMMYFUNCTION("""COMPUTED_VALUE"""),"")
A55: =IFERROR(__xludf.DUMMYFUNCTION("""COMPUTED_VALUE"""),45924.03774233796) -> 45924.038 | B55: =IFERROR(__xludf.DUMMYFUNCTION("""COMPUTED_VALUE"""),"Leisly Aceituno") -> Leisly Aceituno | C55: =IFERROR(__xludf.DUMMYFUNCTION("""COMPUTED_VALUE"""),FALSE) -> FALSE | H55: =IFERROR(__xludf.DUMMYFUNCTION("""COMPUTED_VALUE"""),221.0) -> 221 | J55: =IFERROR(__xludf.DUMMYFUNCTION("""COMPUTED_VALUE"""),"Dinner") -> Dinner | K55: =IFERROR(__xludf.DUMMYFUNCTION("""COMPUTED_VALUE"""),45923.0) -> 45923 | L55: =IFERROR(__xludf.DUMMYFUNCTION("""COMPUTED_VALUE"""),"Tuesday") -> Tuesday | M55: =IFERROR(__xludf.DUMMYFUNCTION("""COMPUTED_VALUE"""),"MF") -> MF | O55: =IFERROR(__xludf.DUMMYFUNCTION("""COMPUTED_VALUE"""),416.0) -> 416 | P55: =IFERROR(__xludf.DUMMYFUNCTION("""COMPUTED_VALUE"""),342.0) -> 342 | U55: =IFERROR(__xludf.DUMMYFUNCTION("""COMPUTED_VALUE"""),758.0) -> 758 | Z55: =IFERROR(__xludf.DUMMYFUNCTION("""COMPUTED_VALUE"""),3897.0) -> 3897 | AA55: =IFERROR(__xludf.DUMMYFUNCTION("""COMPUTED_VALUE"""),4717.0) -> 4717 | AB55: =IFERROR(__xludf.DUMMYFUNCTION("""COMPUTED_VALUE"""),8614.0) -> 8614
A56: =IFERROR(__xludf.DUMMYFUNCTION("""COMPUTED_VALUE"""),45924.63490297453) -> 45924.635 | B56: =IFERROR(__xludf.DUMMYFUNCTION("""COMPUTED_VALUE"""),"Greta Traynor") -> Greta Traynor | C56: =IFERROR(__xludf.DUMMYFUNCTION("""COMPUTED_VALUE"""),FALSE) -> FALSE | H56: =IFERROR(__xludf.DUMMYFUNCTION("""COMPUTED_VALUE"""),66.0) -> 66 | J56: =IFERROR(__xludf.DUMMYFUNCTION("""COMPUTED_VALUE"""),"Lunch") -> Lunch | K56: =IFERROR(__xludf.DUMMYFUNCTION("""COMPUTED_VALUE"""),45924.0) -> 45924 | L56: =IFERROR(__xludf.DUMMYFUNCTION("""COMPUTED_VALUE"""),"Wednesday") -> Wednesday | M56: =IFERROR(__xludf.DUMMYFUNCTION("""COMPUTED_VALUE"""),"MF") -> MF | O56: =IFERROR(__xludf.DUMMYFUNCTION("""COMPUTED_VALUE"""),"") | P56: =IFERROR(__xludf.DUMMYFUNCTION("""COMPUTED_VALUE"""),"") | U56: =IFERROR(__xludf.DUMMYFUNCTION("""COMPUTED_VALUE"""),"") | Z56: =IFERROR(__xludf.DUMMYFUNCTION("""COMPUTED_VALUE"""),"") | AA56: =IFERROR(__xludf.DUMMYFUNCTION("""COMPUTED_VALUE"""),"") | AB56: =IFERROR(__xludf.DUMMYFUNCTION("""COMPUTED_VALUE"""),"")
A57: =IFERROR(__xludf.DUMMYFUNCTION("""COMPUTED_VALUE"""),45924.751159861116) -> 45924.751 | B57: =IFERROR(__xludf.DUMMYFUNCTION("""COMPUTED_VALUE"""),"Sarah Wilme") -> Sarah Wilme | C57: =IFERROR(__xludf.DUMMYFUNCTION("""COMPUTED_VALUE"""),FALSE) -> FALSE | H57: =IFERROR(__xludf.DUMMYFUNCTION("""COMPUTED_VALUE"""),199.0) -> 199 | J57: =IFERROR(__xludf.DUMMYFUNCTION("""COMPUTED_VALUE"""),"Dinner") -> Dinner | K57: =IFERROR(__xludf.DUMMYFUNCTION("""COMPUTED_VALUE"""),45924.0) -> 45924 | L57: =IFERROR(__xludf.DUMMYFUNCTION("""COMPUTED_VALUE"""),"Wednesday") -> Wednesday | M57: =IFERROR(__xludf.DUMMYFUNCTION("""COMPUTED_VALUE"""),"BF") -> BF | O57: =IFERROR(__xludf.DUMMYFUNCTION("""COMPUTED_VALUE"""),"") | P57: =IFERROR(__xludf.DUMMYFUNCTION("""COMPUTED_VALUE"""),"") | U57: =IFERROR(__xludf.DUMMYFUNCTION("""COMPUTED_VALUE"""),"") | Z57: =IFERROR(__xludf.DUMMYFUNCTION("""COMPUTED_VALUE"""),"") | AA57: =IFERROR(__xludf.DUMMYFUNCTION("""COMPUTED_VALUE"""),"") | AB57: =IFERROR(__xludf.DUMMYFUNCTION("""COMPUTED_VALUE"""),"")
A58: =IFERROR(__xludf.DUMMYFUNCTION("""COMPUTED_VALUE"""),45924.86199447917) -> 45924.862 | B58: =IFERROR(__xludf.DUMMYFUNCTION("""COMPUTED_VALUE"""),"Emma Korsu") -> Emma Korsu | C58: =IFERROR(__xludf.DUMMYFUNCTION("""COMPUTED_VALUE"""),FALSE) -> FALSE | H58: =IFERROR(__xludf.DUMMYFUNCTION("""COMPUTED_VALUE"""),186.0) -> 186 | J58: =IFERROR(__xludf.DUMMYFUNCTION("""COMPUTED_VALUE"""),"Dinner") -> Dinner | K58: =IFERROR(__xludf.DUMMYFUNCTION("""COMPUTED_VALUE"""),45924.0) -> 45924 | L58: =IFERROR(__xludf.DUMMYFUNCTION("""COMPUTED_VALUE"""),"Wednesday") -> Wednesday | M58: =IFERROR(__xludf.DUMMYFUNCTION("""COMPUTED_VALUE"""),"BF") -> BF | O58: =IFERROR(__xludf.DUMMYFUNCTION("""COMPUTED_VALUE"""),"") | P58: =IFERROR(__xludf.DUMMYFUNCTION("""COMPUTED_VALUE"""),"") | U58: =IFERROR(__xludf.DUMMYFUNCTION("""COMPUTED_VALUE"""),"") | Z58: =IFERROR(__xludf.DUMMYFUNCTION("""COMPUTED_VALUE"""),"") | AA58: =IFERROR(__xludf.DUMMYFUNCTION("""COMPUTED_VALUE"""),"") | AB58: =IFERROR(__xludf.DUMMYFUNCTION("""COMPUTED_VALUE"""),"")
A59: =IFERROR(__xludf.DUMMYFUNCTION("""COMPUTED_VALUE"""),45925.00809685185) -> 45925.008 | B59: =IFERROR(__xludf.DUMMYFUNCTION("""COMPUTED_VALUE"""),"Kaylie Forgue") -> Kaylie Forgue | C59: =IFERROR(__xludf.DUMMYFUNCTION("""COMPUTED_VALUE"""),FALSE) -> FALSE | H59: =IFERROR(__xludf.DUMMYFUNCTION("""COMPUTED_VALUE"""),155.0) -> 155 | J59: =IFERROR(__xludf.DUMMYFUNCTION("""COMPUTED_VALUE"""),"Dinner") -> Dinner | K59: =IFERROR(__xludf.DUMMYFUNCTION("""COMPUTED_VALUE"""),45924.0) -> 45924 | L59: =IFERROR(__xludf.DUMMYFUNCTION("""COMPUTED_VALUE"""),"Wednesday") -> Wednesday | M59: =IFERROR(__xludf.DUMMYFUNCTION("""COMPUTED_VALUE"""),"MF") -> MF | O59: =IFERROR(__xludf.DUMMYFUNCTION("""COMPUTED_VALUE"""),221.0) -> 221 | P59: =IFERROR(__xludf.DUMMYFUNCTION("""COMPUTED_VALUE"""),385.0) -> 385 | U59: =IFERROR(__xludf.DUMMYFUNCTION("""COMPUTED_VALUE"""),606.0) -> 606 | Z59: =IFERROR(__xludf.DUMMYFUNCTION("""COMPUTED_VALUE"""),3773.0) -> 3773 | AA59: =IFERROR(__xludf.DUMMYFUNCTION("""COMPUTED_VALUE"""),4357.0) -> 4357 | AB59: =IFERROR(__xludf.DUMMYFUNCTION("""COMPUTED_VALUE"""),8130.0) -> 8130
A60: =IFERROR(__xludf.DUMMYFUNCTION("""COMPUTED_VALUE"""),45925.55766491898) -> 45925.558 | B60: =IFERROR(__xludf.DUMMYFUNCTION("""COMPUTED_VALUE"""),"Maureen Surgot") -> Maureen Surgot | C60: =IFERROR(__xludf.DUMMYFUNCTION("""COMPUTED_VALUE"""),FALSE) -> FALSE | H60: =IFERROR(__xludf.DUMMYFUNCTION("""COMPUTED_VALUE"""),67.0) -> 67 | J60: =IFERROR(__xludf.DUMMYFUNCTION("""COMPUTED_VALUE"""),"Lunch") -> Lunch | K60: =IFERROR(__xludf.DUMMYFUNCTION("""COMPUTED_VALUE"""),45925.0) -> 45925 | L60: =IFERROR(__xludf.DUMMYFUNCTION("""COMPUTED_VALUE"""),"Thursday") -> Thursday | M60: =IFERROR(__xludf.DUMMYFUNCTION("""COMPUTED_VALUE"""),"MF") -> MF | O60: =IFERROR(__xludf.DUMMYFUNCTION("""COMPUTED_VALUE"""),"") | P60: =IFERROR(__xludf.DUMMYFUNCTION("""COMPUTED_VALUE"""),"") | U60: =IFERROR(__xludf.DUMMYFUNCTION("""COMPUTED_VALUE"""),"") | Z60: =IFERROR(__xludf.DUMMYFUNCTION("""COMPUTED_VALUE"""),"") | AA60: =IFERROR(__xludf.DUMMYFUNCTION("""COMPUTED_VALUE"""),"") | AB60: =IFERROR(__xludf.DUMMYFUNCTION("""COMPUTED_VALUE"""),"")
A61: =IFERROR(__xludf.DUMMYFUNCTION("""COMPUTED_VALUE"""),45925.58611790509) -> 45925.586 | B61: =IFERROR(__xludf.DUMMYFUNCTION("""COMPUTED_VALUE"""),"Greta Traynor") -> Greta Traynor | C61: =IFERROR(__xludf.DUMMYFUNCTION("""COMPUTED_VALUE"""),FALSE) -> FALSE | H61: =IFERROR(__xludf.DUMMYFUNCTION("""COMPUTED_VALUE"""),35.0) -> 35 | J61: =IFERROR(__xludf.DUMMYFUNCTION("""COMPUTED_VALUE"""),"Lunch") -> Lunch | K61: =IFERROR(__xludf.DUMMYFUNCTION("""COMPUTED_VALUE"""),45925.0) -> 45925 | L61: =IFERROR(__xludf.DUMMYFUNCTION("""COMPUTED_VALUE"""),"Thursday") -> Thursday | M61: =IFERROR(__xludf.DUMMYFUNCTION("""COMPUTED_VALUE"""),"BF") -> BF | O61: =IFERROR(__xludf.DUMMYFUNCTION("""COMPUTED_VALUE"""),"") | P61: =IFERROR(__xludf.DUMMYFUNCTION("""COMPUTED_VALUE"""),"") | U61: =IFERROR(__xludf.DUMMYFUNCTION("""COMPUTED_VALUE"""),"") | Z61: =IFERROR(__xludf.DUMMYFUNCTION("""COMPUTED_VALUE"""),"") | AA61: =IFERROR(__xludf.DUMMYFUNCTION("""COMPUTED_VALUE"""),"") | AB61: =IFERROR(__xludf.DUMMYFUNCTION("""COMPUTED_VALUE"""),"")
